ISO-10303-21;
HEADER;
FILE_DESCRIPTION(('STEP AP214'),'1');
FILE_NAME('toggle_switch_1ms1t1b1m1qes.stp','2023-12-19T08:39:44',('TraceParts'),('TraceParts S.A.'),'Spatial InterOp 3D',' ',' ');
FILE_SCHEMA(('AUTOMOTIVE_DESIGN { 1 0 10303 214 1 1 1 1 }'));
ENDSEC;
DATA;
#1=MECHANICAL_DESIGN_GEOMETRIC_PRESENTATION_REPRESENTATION(' ',(#10,#11,#12,#13,#14,#15,#16,#17,#18,#19,#20,#21,#22,#23,#24,#25,#26,#27,#28,#29,#30,#31,#32,#33,#34,#35,#36,#37,#38,#39,#40,#41,#42,#43,#44,#45,#46,#47,#48,#49,#50,#51,#52,#53,#54,#55,#56,#57,#58,#59,#60,#61,#62,#63,#64,#65,#66,#67,#68,#69,#70,#71,#72,#73,#74,#75,#76,#77,#78,#79,#80,#81,#82,#83,#84,#85,#86,#87,#88,#89,#90,#91,#92,#93,#94,#95,#96,#97,#98,#99,#100,#101,#102,#103,#104,#105,#106,#107,#108,#109,#110,#111,#112,#113,#114,#115,#116,#117,#118,#119,#120,#121,#122,#123,#124,#125,#126,#127,#128,#129,#130,#131,#132,#133,#134,#135,#136,#137,#138,#139,#140,#141,#142,#143,#144,#145),#6);
#2=PRODUCT_DEFINITION_CONTEXT('',#146,'design');
#3=APPLICATION_PROTOCOL_DEFINITION('INTERNATIONAL STANDARD','automotive_design',1994,#146);
#4=PRODUCT_CATEGORY_RELATIONSHIP('NONE','NONE',#147,#148);
#5=SHAPE_DEFINITION_REPRESENTATION(#149,#150);
#6= (GEOMETRIC_REPRESENTATION_CONTEXT(3)GLOBAL_UNCERTAINTY_ASSIGNED_CONTEXT((#153))GLOBAL_UNIT_ASSIGNED_CONTEXT((#155,#156,#157))REPRESENTATION_CONTEXT('NONE','WORKSPACE'));
#10=STYLED_ITEM('',(#159),#160);
#11=STYLED_ITEM('',(#161),#162);
#12=STYLED_ITEM('',(#163),#164);
#13=STYLED_ITEM('',(#165),#166);
#14=STYLED_ITEM('',(#167),#168);
#15=STYLED_ITEM('',(#169),#170);
#16=STYLED_ITEM('',(#171),#172);
#17=STYLED_ITEM('',(#173),#174);
#18=STYLED_ITEM('',(#175),#176);
#19=STYLED_ITEM('',(#177),#178);
#20=STYLED_ITEM('',(#179),#180);
#21=STYLED_ITEM('',(#181),#182);
#22=STYLED_ITEM('',(#183),#184);
#23=STYLED_ITEM('',(#185),#186);
#24=STYLED_ITEM('',(#187),#188);
#25=STYLED_ITEM('',(#189),#190);
#26=STYLED_ITEM('',(#191),#192);
#27=STYLED_ITEM('',(#193),#194);
#28=STYLED_ITEM('',(#195),#196);
#29=STYLED_ITEM('',(#197),#198);
#30=STYLED_ITEM('',(#199),#200);
#31=STYLED_ITEM('',(#201),#202);
#32=STYLED_ITEM('',(#203),#204);
#33=STYLED_ITEM('',(#205),#206);
#34=STYLED_ITEM('',(#207),#208);
#35=STYLED_ITEM('',(#209),#210);
#36=STYLED_ITEM('',(#211),#212);
#37=STYLED_ITEM('',(#213),#214);
#38=STYLED_ITEM('',(#215),#216);
#39=STYLED_ITEM('',(#217),#218);
#40=STYLED_ITEM('',(#219),#220);
#41=STYLED_ITEM('',(#221),#222);
#42=STYLED_ITEM('',(#223),#224);
#43=STYLED_ITEM('',(#225),#226);
#44=STYLED_ITEM('',(#227),#228);
#45=STYLED_ITEM('',(#229),#230);
#46=STYLED_ITEM('',(#231),#232);
#47=STYLED_ITEM('',(#233),#234);
#48=STYLED_ITEM('',(#235),#236);
#49=STYLED_ITEM('',(#237),#238);
#50=STYLED_ITEM('',(#239),#240);
#51=STYLED_ITEM('',(#241),#242);
#52=STYLED_ITEM('',(#243),#244);
#53=STYLED_ITEM('',(#245),#246);
#54=STYLED_ITEM('',(#247),#248);
#55=STYLED_ITEM('',(#249),#250);
#56=STYLED_ITEM('',(#251),#252);
#57=STYLED_ITEM('',(#253),#254);
#58=STYLED_ITEM('',(#255),#256);
#59=STYLED_ITEM('',(#257),#258);
#60=STYLED_ITEM('',(#259),#260);
#61=STYLED_ITEM('',(#261),#262);
#62=STYLED_ITEM('',(#263),#264);
#63=STYLED_ITEM('',(#265),#266);
#64=STYLED_ITEM('',(#267),#268);
#65=STYLED_ITEM('',(#269),#270);
#66=STYLED_ITEM('',(#271),#272);
#67=STYLED_ITEM('',(#273),#274);
#68=STYLED_ITEM('',(#275),#276);
#69=STYLED_ITEM('',(#277),#278);
#70=STYLED_ITEM('',(#279),#280);
#71=STYLED_ITEM('',(#281),#282);
#72=STYLED_ITEM('',(#283),#284);
#73=STYLED_ITEM('',(#285),#286);
#74=STYLED_ITEM('',(#287),#288);
#75=STYLED_ITEM('',(#289),#290);
#76=STYLED_ITEM('',(#291),#292);
#77=STYLED_ITEM('',(#293),#294);
#78=STYLED_ITEM('',(#295),#296);
#79=STYLED_ITEM('',(#297),#298);
#80=STYLED_ITEM('',(#299),#300);
#81=STYLED_ITEM('',(#301),#302);
#82=STYLED_ITEM('',(#303),#304);
#83=STYLED_ITEM('',(#305),#306);
#84=STYLED_ITEM('',(#307),#308);
#85=STYLED_ITEM('',(#309),#310);
#86=STYLED_ITEM('',(#311),#312);
#87=STYLED_ITEM('',(#313),#314);
#88=STYLED_ITEM('',(#315),#316);
#89=STYLED_ITEM('',(#317),#318);
#90=STYLED_ITEM('',(#319),#320);
#91=STYLED_ITEM('',(#321),#322);
#92=STYLED_ITEM('',(#323),#324);
#93=STYLED_ITEM('',(#325),#326);
#94=STYLED_ITEM('',(#327),#328);
#95=STYLED_ITEM('',(#329),#330);
#96=STYLED_ITEM('',(#331),#332);
#97=STYLED_ITEM('',(#333),#334);
#98=STYLED_ITEM('',(#335),#336);
#99=STYLED_ITEM('',(#337),#338);
#100=STYLED_ITEM('',(#339),#340);
#101=STYLED_ITEM('',(#341),#342);
#102=STYLED_ITEM('',(#343),#344);
#103=STYLED_ITEM('',(#345),#346);
#104=STYLED_ITEM('',(#347),#348);
#105=STYLED_ITEM('',(#349),#350);
#106=STYLED_ITEM('',(#351),#352);
#107=STYLED_ITEM('',(#353),#354);
#108=STYLED_ITEM('',(#355),#356);
#109=STYLED_ITEM('',(#357),#358);
#110=STYLED_ITEM('',(#359),#360);
#111=STYLED_ITEM('',(#361),#362);
#112=STYLED_ITEM('',(#363),#364);
#113=STYLED_ITEM('',(#365),#366);
#114=STYLED_ITEM('',(#367),#368);
#115=STYLED_ITEM('',(#369),#370);
#116=STYLED_ITEM('',(#371),#372);
#117=STYLED_ITEM('',(#373),#374);
#118=STYLED_ITEM('',(#375),#376);
#119=STYLED_ITEM('',(#377),#378);
#120=STYLED_ITEM('',(#379),#380);
#121=STYLED_ITEM('',(#381),#382);
#122=STYLED_ITEM('',(#383),#384);
#123=STYLED_ITEM('',(#385),#386);
#124=STYLED_ITEM('',(#387),#388);
#125=STYLED_ITEM('',(#389),#390);
#126=STYLED_ITEM('',(#391),#392);
#127=STYLED_ITEM('',(#393),#394);
#128=STYLED_ITEM('',(#395),#396);
#129=STYLED_ITEM('',(#397),#398);
#130=STYLED_ITEM('',(#399),#400);
#131=STYLED_ITEM('',(#401),#402);
#132=STYLED_ITEM('',(#403),#404);
#133=STYLED_ITEM('',(#405),#406);
#134=STYLED_ITEM('',(#407),#408);
#135=STYLED_ITEM('',(#409),#410);
#136=STYLED_ITEM('',(#411),#412);
#137=STYLED_ITEM('',(#413),#414);
#138=STYLED_ITEM('',(#415),#416);
#139=STYLED_ITEM('',(#417),#418);
#140=STYLED_ITEM('',(#419),#420);
#141=STYLED_ITEM('',(#421),#422);
#142=STYLED_ITEM('',(#423),#424);
#143=STYLED_ITEM('',(#425),#426);
#144=STYLED_ITEM('',(#427),#428);
#145=STYLED_ITEM('',(#429),#430);
#146=APPLICATION_CONTEXT(' ');
#147=PRODUCT_CATEGORY('part','NONE');
#148=PRODUCT_RELATED_PRODUCT_CATEGORY('detail',' ',(#431));
#149=PRODUCT_DEFINITION_SHAPE('NONE','NONE',#432);
#150=ADVANCED_BREP_SHAPE_REPRESENTATION('toggle_switch_1ms1t1b1m1qes',(#433,#434),#6);
#153=UNCERTAINTY_MEASURE_WITH_UNIT(LENGTH_MEASURE(1.0E-06),#155,'','');
#155= (CONVERSION_BASED_UNIT('MILLIMETRE',#437)LENGTH_UNIT()NAMED_UNIT(#440));
#156= (NAMED_UNIT(#442)PLANE_ANGLE_UNIT()SI_UNIT($,.RADIAN.));
#157= (NAMED_UNIT(#442)SOLID_ANGLE_UNIT()SI_UNIT($,.STERADIAN.));
#159=PRESENTATION_STYLE_ASSIGNMENT((#448));
#160=ADVANCED_FACE('',(#449),#450,.T.);
#161=PRESENTATION_STYLE_ASSIGNMENT((#451));
#162=ADVANCED_FACE('',(#452),#453,.T.);
#163=PRESENTATION_STYLE_ASSIGNMENT((#454));
#164=ADVANCED_FACE('',(#455),#456,.F.);
#165=PRESENTATION_STYLE_ASSIGNMENT((#457));
#166=ADVANCED_FACE('',(#458),#459,.T.);
#167=PRESENTATION_STYLE_ASSIGNMENT((#460));
#168=ADVANCED_FACE('',(#461),#462,.T.);
#169=PRESENTATION_STYLE_ASSIGNMENT((#463));
#170=ADVANCED_FACE('',(#464,#465),#466,.T.);
#171=PRESENTATION_STYLE_ASSIGNMENT((#467));
#172=ADVANCED_FACE('',(#468),#469,.F.);
#173=PRESENTATION_STYLE_ASSIGNMENT((#470));
#174=ADVANCED_FACE('',(#471),#472,.F.);
#175=PRESENTATION_STYLE_ASSIGNMENT((#473));
#176=ADVANCED_FACE('',(#474),#475,.F.);
#177=PRESENTATION_STYLE_ASSIGNMENT((#476));
#178=ADVANCED_FACE('',(#477),#478,.F.);
#179=PRESENTATION_STYLE_ASSIGNMENT((#479));
#180=ADVANCED_FACE('',(#480,#481),#482,.F.);
#181=PRESENTATION_STYLE_ASSIGNMENT((#483));
#182=ADVANCED_FACE('',(#484),#485,.T.);
#183=PRESENTATION_STYLE_ASSIGNMENT((#486));
#184=ADVANCED_FACE('',(#487,#488),#489,.T.);
#185=PRESENTATION_STYLE_ASSIGNMENT((#490));
#186=ADVANCED_FACE('',(#491),#492,.T.);
#187=PRESENTATION_STYLE_ASSIGNMENT((#493));
#188=ADVANCED_FACE('',(#494),#495,.T.);
#189=PRESENTATION_STYLE_ASSIGNMENT((#496));
#190=ADVANCED_FACE('',(#497,#498),#499,.T.);
#191=PRESENTATION_STYLE_ASSIGNMENT((#500));
#192=ADVANCED_FACE('',(#501),#502,.F.);
#193=PRESENTATION_STYLE_ASSIGNMENT((#503));
#194=ADVANCED_FACE('',(#504),#505,.F.);
#195=PRESENTATION_STYLE_ASSIGNMENT((#506));
#196=ADVANCED_FACE('',(#507),#508,.F.);
#197=PRESENTATION_STYLE_ASSIGNMENT((#509));
#198=ADVANCED_FACE('',(#510),#511,.F.);
#199=PRESENTATION_STYLE_ASSIGNMENT((#512));
#200=ADVANCED_FACE('',(#513,#514),#515,.F.);
#201=PRESENTATION_STYLE_ASSIGNMENT((#516));
#202=ADVANCED_FACE('',(#517),#518,.T.);
#203=PRESENTATION_STYLE_ASSIGNMENT((#519));
#204=ADVANCED_FACE('',(#520,#521),#522,.T.);
#205=PRESENTATION_STYLE_ASSIGNMENT((#523));
#206=ADVANCED_FACE('',(#524),#525,.T.);
#207=PRESENTATION_STYLE_ASSIGNMENT((#526));
#208=ADVANCED_FACE('',(#527),#528,.T.);
#209=PRESENTATION_STYLE_ASSIGNMENT((#529));
#210=ADVANCED_FACE('',(#530,#531),#532,.T.);
#211=PRESENTATION_STYLE_ASSIGNMENT((#533));
#212=ADVANCED_FACE('',(#534),#535,.F.);
#213=PRESENTATION_STYLE_ASSIGNMENT((#536));
#214=ADVANCED_FACE('',(#537),#538,.F.);
#215=PRESENTATION_STYLE_ASSIGNMENT((#539));
#216=ADVANCED_FACE('',(#540),#541,.F.);
#217=PRESENTATION_STYLE_ASSIGNMENT((#542));
#218=ADVANCED_FACE('',(#543),#544,.F.);
#219=PRESENTATION_STYLE_ASSIGNMENT((#545));
#220=ADVANCED_FACE('',(#546,#547),#548,.F.);
#221=PRESENTATION_STYLE_ASSIGNMENT((#549));
#222=ADVANCED_FACE('',(#550),#551,.T.);
#223=PRESENTATION_STYLE_ASSIGNMENT((#552));
#224=ADVANCED_FACE('',(#553,#554),#555,.T.);
#225=PRESENTATION_STYLE_ASSIGNMENT((#556));
#226=ADVANCED_FACE('',(#557),#558,.T.);
#227=PRESENTATION_STYLE_ASSIGNMENT((#559));
#228=ADVANCED_FACE('',(#560),#561,.T.);
#229=PRESENTATION_STYLE_ASSIGNMENT((#562));
#230=ADVANCED_FACE('',(#563),#564,.T.);
#231=PRESENTATION_STYLE_ASSIGNMENT((#565));
#232=ADVANCED_FACE('',(#566),#567,.T.);
#233=PRESENTATION_STYLE_ASSIGNMENT((#568));
#234=ADVANCED_FACE('',(#569),#570,.T.);
#235=PRESENTATION_STYLE_ASSIGNMENT((#571));
#236=ADVANCED_FACE('',(#572),#573,.T.);
#237=PRESENTATION_STYLE_ASSIGNMENT((#574));
#238=ADVANCED_FACE('',(#575),#576,.T.);
#239=PRESENTATION_STYLE_ASSIGNMENT((#577));
#240=ADVANCED_FACE('',(#578),#579,.T.);
#241=PRESENTATION_STYLE_ASSIGNMENT((#580));
#242=ADVANCED_FACE('',(#581),#582,.T.);
#243=PRESENTATION_STYLE_ASSIGNMENT((#583));
#244=ADVANCED_FACE('',(#584,#585),#586,.T.);
#245=PRESENTATION_STYLE_ASSIGNMENT((#587));
#246=ADVANCED_FACE('',(#588),#589,.F.);
#247=PRESENTATION_STYLE_ASSIGNMENT((#590));
#248=ADVANCED_FACE('',(#591,#592),#593,.T.);
#249=PRESENTATION_STYLE_ASSIGNMENT((#594));
#250=ADVANCED_FACE('',(#595),#596,.T.);
#251=PRESENTATION_STYLE_ASSIGNMENT((#597));
#252=ADVANCED_FACE('',(#598),#599,.T.);
#253=PRESENTATION_STYLE_ASSIGNMENT((#600));
#254=ADVANCED_FACE('',(#601),#602,.T.);
#255=PRESENTATION_STYLE_ASSIGNMENT((#603));
#256=ADVANCED_FACE('',(#604),#605,.T.);
#257=PRESENTATION_STYLE_ASSIGNMENT((#606));
#258=ADVANCED_FACE('',(#607),#608,.T.);
#259=PRESENTATION_STYLE_ASSIGNMENT((#609));
#260=ADVANCED_FACE('',(#610),#611,.T.);
#261=PRESENTATION_STYLE_ASSIGNMENT((#612));
#262=ADVANCED_FACE('',(#613),#614,.F.);
#263=PRESENTATION_STYLE_ASSIGNMENT((#615));
#264=ADVANCED_FACE('',(#616),#617,.F.);
#265=PRESENTATION_STYLE_ASSIGNMENT((#618));
#266=ADVANCED_FACE('',(#619),#620,.T.);
#267=PRESENTATION_STYLE_ASSIGNMENT((#621));
#268=ADVANCED_FACE('',(#622),#623,.T.);
#269=PRESENTATION_STYLE_ASSIGNMENT((#624));
#270=ADVANCED_FACE('',(#625),#626,.T.);
#271=PRESENTATION_STYLE_ASSIGNMENT((#627));
#272=ADVANCED_FACE('',(#628),#629,.T.);
#273=PRESENTATION_STYLE_ASSIGNMENT((#630));
#274=ADVANCED_FACE('',(#631),#632,.T.);
#275=PRESENTATION_STYLE_ASSIGNMENT((#633));
#276=ADVANCED_FACE('',(#634),#635,.F.);
#277=PRESENTATION_STYLE_ASSIGNMENT((#636));
#278=ADVANCED_FACE('',(#637),#638,.T.);
#279=PRESENTATION_STYLE_ASSIGNMENT((#639));
#280=ADVANCED_FACE('',(#640),#641,.F.);
#281=PRESENTATION_STYLE_ASSIGNMENT((#642));
#282=ADVANCED_FACE('',(#643),#644,.T.);
#283=PRESENTATION_STYLE_ASSIGNMENT((#645));
#284=ADVANCED_FACE('',(#646),#647,.T.);
#285=PRESENTATION_STYLE_ASSIGNMENT((#648));
#286=ADVANCED_FACE('',(#649),#650,.T.);
#287=PRESENTATION_STYLE_ASSIGNMENT((#651));
#288=ADVANCED_FACE('',(#652),#653,.T.);
#289=PRESENTATION_STYLE_ASSIGNMENT((#654));
#290=ADVANCED_FACE('',(#655),#656,.T.);
#291=PRESENTATION_STYLE_ASSIGNMENT((#657));
#292=ADVANCED_FACE('',(#658),#659,.F.);
#293=PRESENTATION_STYLE_ASSIGNMENT((#660));
#294=ADVANCED_FACE('',(#661),#662,.T.);
#295=PRESENTATION_STYLE_ASSIGNMENT((#663));
#296=ADVANCED_FACE('',(#664),#665,.F.);
#297=PRESENTATION_STYLE_ASSIGNMENT((#666));
#298=ADVANCED_FACE('',(#667),#668,.T.);
#299=PRESENTATION_STYLE_ASSIGNMENT((#669));
#300=ADVANCED_FACE('',(#670),#671,.T.);
#301=PRESENTATION_STYLE_ASSIGNMENT((#672));
#302=ADVANCED_FACE('',(#673),#674,.T.);
#303=PRESENTATION_STYLE_ASSIGNMENT((#675));
#304=ADVANCED_FACE('',(#676),#677,.T.);
#305=PRESENTATION_STYLE_ASSIGNMENT((#678));
#306=ADVANCED_FACE('',(#679),#680,.T.);
#307=PRESENTATION_STYLE_ASSIGNMENT((#681));
#308=ADVANCED_FACE('',(#682),#683,.F.);
#309=PRESENTATION_STYLE_ASSIGNMENT((#684));
#310=ADVANCED_FACE('',(#685),#686,.T.);
#311=PRESENTATION_STYLE_ASSIGNMENT((#687));
#312=ADVANCED_FACE('',(#688),#689,.F.);
#313=PRESENTATION_STYLE_ASSIGNMENT((#690));
#314=ADVANCED_FACE('',(#691),#692,.T.);
#315=PRESENTATION_STYLE_ASSIGNMENT((#693));
#316=ADVANCED_FACE('',(#694),#695,.T.);
#317=PRESENTATION_STYLE_ASSIGNMENT((#696));
#318=ADVANCED_FACE('',(#697),#698,.T.);
#319=PRESENTATION_STYLE_ASSIGNMENT((#699));
#320=ADVANCED_FACE('',(#700),#701,.T.);
#321=PRESENTATION_STYLE_ASSIGNMENT((#702));
#322=ADVANCED_FACE('',(#703),#704,.T.);
#323=PRESENTATION_STYLE_ASSIGNMENT((#705));
#324=ADVANCED_FACE('',(#706),#707,.F.);
#325=PRESENTATION_STYLE_ASSIGNMENT((#708));
#326=ADVANCED_FACE('',(#709),#710,.T.);
#327=PRESENTATION_STYLE_ASSIGNMENT((#711));
#328=ADVANCED_FACE('',(#712),#713,.F.);
#329=PRESENTATION_STYLE_ASSIGNMENT((#714));
#330=ADVANCED_FACE('',(#715),#716,.F.);
#331=PRESENTATION_STYLE_ASSIGNMENT((#717));
#332=ADVANCED_FACE('',(#718),#719,.T.);
#333=PRESENTATION_STYLE_ASSIGNMENT((#720));
#334=ADVANCED_FACE('',(#721,#722,#723),#724,.F.);
#335=PRESENTATION_STYLE_ASSIGNMENT((#725));
#336=ADVANCED_FACE('',(#726),#727,.F.);
#337=PRESENTATION_STYLE_ASSIGNMENT((#728));
#338=ADVANCED_FACE('',(#729),#730,.F.);
#339=PRESENTATION_STYLE_ASSIGNMENT((#731));
#340=ADVANCED_FACE('',(#732),#733,.F.);
#341=PRESENTATION_STYLE_ASSIGNMENT((#734));
#342=ADVANCED_FACE('',(#735),#736,.F.);
#343=PRESENTATION_STYLE_ASSIGNMENT((#737));
#344=ADVANCED_FACE('',(#738),#739,.T.);
#345=PRESENTATION_STYLE_ASSIGNMENT((#740));
#346=ADVANCED_FACE('',(#741,#742,#743),#744,.F.);
#347=PRESENTATION_STYLE_ASSIGNMENT((#745));
#348=ADVANCED_FACE('',(#746),#747,.F.);
#349=PRESENTATION_STYLE_ASSIGNMENT((#748));
#350=ADVANCED_FACE('',(#749),#750,.F.);
#351=PRESENTATION_STYLE_ASSIGNMENT((#751));
#352=ADVANCED_FACE('',(#752),#753,.T.);
#353=PRESENTATION_STYLE_ASSIGNMENT((#754));
#354=ADVANCED_FACE('',(#755),#756,.T.);
#355=PRESENTATION_STYLE_ASSIGNMENT((#757));
#356=ADVANCED_FACE('',(#758),#759,.T.);
#357=PRESENTATION_STYLE_ASSIGNMENT((#760));
#358=ADVANCED_FACE('',(#761,#762),#763,.T.);
#359=PRESENTATION_STYLE_ASSIGNMENT((#764));
#360=ADVANCED_FACE('',(#765),#766,.F.);
#361=PRESENTATION_STYLE_ASSIGNMENT((#767));
#362=ADVANCED_FACE('',(#768),#769,.T.);
#363=PRESENTATION_STYLE_ASSIGNMENT((#770));
#364=ADVANCED_FACE('',(#771),#772,.F.);
#365=PRESENTATION_STYLE_ASSIGNMENT((#773));
#366=ADVANCED_FACE('',(#774),#775,.T.);
#367=PRESENTATION_STYLE_ASSIGNMENT((#776));
#368=ADVANCED_FACE('',(#777),#778,.T.);
#369=PRESENTATION_STYLE_ASSIGNMENT((#779));
#370=ADVANCED_FACE('',(#780),#781,.F.);
#371=PRESENTATION_STYLE_ASSIGNMENT((#782));
#372=ADVANCED_FACE('',(#783),#784,.T.);
#373=PRESENTATION_STYLE_ASSIGNMENT((#785));
#374=ADVANCED_FACE('',(#786),#787,.T.);
#375=PRESENTATION_STYLE_ASSIGNMENT((#788));
#376=ADVANCED_FACE('',(#789),#790,.F.);
#377=PRESENTATION_STYLE_ASSIGNMENT((#791));
#378=ADVANCED_FACE('',(#792),#793,.F.);
#379=PRESENTATION_STYLE_ASSIGNMENT((#794));
#380=ADVANCED_FACE('',(#795),#796,.F.);
#381=PRESENTATION_STYLE_ASSIGNMENT((#797));
#382=ADVANCED_FACE('',(#798),#799,.F.);
#383=PRESENTATION_STYLE_ASSIGNMENT((#800));
#384=ADVANCED_FACE('',(#801),#802,.F.);
#385=PRESENTATION_STYLE_ASSIGNMENT((#803));
#386=ADVANCED_FACE('',(#804),#805,.F.);
#387=PRESENTATION_STYLE_ASSIGNMENT((#806));
#388=ADVANCED_FACE('',(#807),#808,.F.);
#389=PRESENTATION_STYLE_ASSIGNMENT((#809));
#390=ADVANCED_FACE('',(#810),#811,.F.);
#391=PRESENTATION_STYLE_ASSIGNMENT((#812));
#392=ADVANCED_FACE('',(#813),#814,.T.);
#393=PRESENTATION_STYLE_ASSIGNMENT((#815));
#394=ADVANCED_FACE('',(#816),#817,.F.);
#395=PRESENTATION_STYLE_ASSIGNMENT((#818));
#396=ADVANCED_FACE('',(#819),#820,.F.);
#397=PRESENTATION_STYLE_ASSIGNMENT((#821));
#398=ADVANCED_FACE('',(#822),#823,.F.);
#399=PRESENTATION_STYLE_ASSIGNMENT((#824));
#400=ADVANCED_FACE('',(#825),#826,.T.);
#401=PRESENTATION_STYLE_ASSIGNMENT((#827));
#402=ADVANCED_FACE('',(#828,#829,#830,#831),#832,.F.);
#403=PRESENTATION_STYLE_ASSIGNMENT((#833));
#404=ADVANCED_FACE('',(#834),#835,.T.);
#405=PRESENTATION_STYLE_ASSIGNMENT((#836));
#406=ADVANCED_FACE('',(#837),#838,.T.);
#407=PRESENTATION_STYLE_ASSIGNMENT((#839));
#408=ADVANCED_FACE('',(#840),#841,.T.);
#409=PRESENTATION_STYLE_ASSIGNMENT((#842));
#410=ADVANCED_FACE('',(#843),#844,.T.);
#411=PRESENTATION_STYLE_ASSIGNMENT((#845));
#412=ADVANCED_FACE('',(#846),#847,.T.);
#413=PRESENTATION_STYLE_ASSIGNMENT((#848));
#414=ADVANCED_FACE('',(#849),#850,.F.);
#415=PRESENTATION_STYLE_ASSIGNMENT((#851));
#416=ADVANCED_FACE('',(#852),#853,.T.);
#417=PRESENTATION_STYLE_ASSIGNMENT((#854));
#418=ADVANCED_FACE('',(#855),#856,.T.);
#419=PRESENTATION_STYLE_ASSIGNMENT((#857));
#420=ADVANCED_FACE('',(#858),#859,.T.);
#421=PRESENTATION_STYLE_ASSIGNMENT((#860));
#422=ADVANCED_FACE('',(#861),#862,.T.);
#423=PRESENTATION_STYLE_ASSIGNMENT((#863));
#424=ADVANCED_FACE('',(#864),#865,.T.);
#425=PRESENTATION_STYLE_ASSIGNMENT((#866));
#426=ADVANCED_FACE('',(#867),#868,.T.);
#427=PRESENTATION_STYLE_ASSIGNMENT((#869));
#428=ADVANCED_FACE('',(#870),#871,.T.);
#429=PRESENTATION_STYLE_ASSIGNMENT((#872));
#430=ADVANCED_FACE('',(#873),#874,.T.);
#431=PRODUCT('toggle_switch_1ms1t1b1m1qes','toggle_switch_1ms1t1b1m1qes','PART-toggle_switch_1ms1t1b1m1qes-DESC',(#875));
#432=PRODUCT_DEFINITION('','NONE',#876,#2);
#433=MANIFOLD_SOLID_BREP('toggle_switch_1ms1t1b1m1qes',#877);
#434=AXIS2_PLACEMENT_3D('',#878,#879,#880);
#437=LENGTH_MEASURE_WITH_UNIT(LENGTH_MEASURE(1.0),#881);
#440=DIMENSIONAL_EXPONENTS(1.0,0.0,0.0,0.0,0.0,0.0,0.0);
#442=DIMENSIONAL_EXPONENTS(0.0,0.0,0.0,0.0,0.0,0.0,0.0);
#448=SURFACE_STYLE_USAGE(.BOTH.,#882);
#449=FACE_OUTER_BOUND('',#883,.T.);
#450=CONICAL_SURFACE('',#884,3.003153125,0.785398163397451);
#451=SURFACE_STYLE_USAGE(.BOTH.,#885);
#452=FACE_OUTER_BOUND('',#886,.T.);
#453=CONICAL_SURFACE('',#887,3.003153125,0.785398163397451);
#454=SURFACE_STYLE_USAGE(.BOTH.,#888);
#455=FACE_OUTER_BOUND('',#889,.T.);
#456=CYLINDRICAL_SURFACE('',#890,2.425);
#457=SURFACE_STYLE_USAGE(.BOTH.,#891);
#458=FACE_OUTER_BOUND('',#892,.T.);
#459=CYLINDRICAL_SURFACE('',#893,3.175);
#460=SURFACE_STYLE_USAGE(.BOTH.,#894);
#461=FACE_OUTER_BOUND('',#895,.T.);
#462=CYLINDRICAL_SURFACE('',#896,1.46);
#463=SURFACE_STYLE_USAGE(.BOTH.,#897);
#464=FACE_BOUND('',#898,.T.);
#465=FACE_OUTER_BOUND('',#899,.T.);
#466=TOROIDAL_SURFACE('',#900,-3.38578859562055,4.20874855678433);
#467=SURFACE_STYLE_USAGE(.BOTH.,#901);
#468=FACE_OUTER_BOUND('',#902,.T.);
#469=CYLINDRICAL_SURFACE('',#903,0.755387931034482);
#470=SURFACE_STYLE_USAGE(.BOTH.,#904);
#471=FACE_OUTER_BOUND('',#905,.T.);
#472=PLANE('',#906);
#473=SURFACE_STYLE_USAGE(.BOTH.,#907);
#474=FACE_OUTER_BOUND('',#908,.T.);
#475=CYLINDRICAL_SURFACE('',#909,0.755387931034482);
#476=SURFACE_STYLE_USAGE(.BOTH.,#910);
#477=FACE_OUTER_BOUND('',#911,.T.);
#478=PLANE('',#912);
#479=SURFACE_STYLE_USAGE(.BOTH.,#913);
#480=FACE_BOUND('',#914,.T.);
#481=FACE_OUTER_BOUND('',#915,.T.);
#482=PLANE('',#916);
#483=SURFACE_STYLE_USAGE(.BOTH.,#917);
#484=FACE_OUTER_BOUND('',#918,.T.);
#485=PLANE('',#919);
#486=SURFACE_STYLE_USAGE(.BOTH.,#920);
#487=FACE_BOUND('',#921,.T.);
#488=FACE_OUTER_BOUND('',#922,.T.);
#489=PLANE('',#923);
#490=SURFACE_STYLE_USAGE(.BOTH.,#924);
#491=FACE_OUTER_BOUND('',#925,.T.);
#492=PLANE('',#926);
#493=SURFACE_STYLE_USAGE(.BOTH.,#927);
#494=FACE_OUTER_BOUND('',#928,.T.);
#495=PLANE('',#929);
#496=SURFACE_STYLE_USAGE(.BOTH.,#930);
#497=FACE_BOUND('',#931,.T.);
#498=FACE_OUTER_BOUND('',#932,.T.);
#499=TOROIDAL_SURFACE('',#933,-3.38578859562055,4.20874855678433);
#500=SURFACE_STYLE_USAGE(.BOTH.,#934);
#501=FACE_OUTER_BOUND('',#935,.T.);
#502=CYLINDRICAL_SURFACE('',#936,0.755387931034482);
#503=SURFACE_STYLE_USAGE(.BOTH.,#937);
#504=FACE_OUTER_BOUND('',#938,.T.);
#505=PLANE('',#939);
#506=SURFACE_STYLE_USAGE(.BOTH.,#940);
#507=FACE_OUTER_BOUND('',#941,.T.);
#508=CYLINDRICAL_SURFACE('',#942,0.755387931034482);
#509=SURFACE_STYLE_USAGE(.BOTH.,#943);
#510=FACE_OUTER_BOUND('',#944,.T.);
#511=PLANE('',#945);
#512=SURFACE_STYLE_USAGE(.BOTH.,#946);
#513=FACE_BOUND('',#947,.T.);
#514=FACE_OUTER_BOUND('',#948,.T.);
#515=PLANE('',#949);
#516=SURFACE_STYLE_USAGE(.BOTH.,#950);
#517=FACE_OUTER_BOUND('',#951,.T.);
#518=PLANE('',#952);
#519=SURFACE_STYLE_USAGE(.BOTH.,#953);
#520=FACE_BOUND('',#954,.T.);
#521=FACE_OUTER_BOUND('',#955,.T.);
#522=PLANE('',#956);
#523=SURFACE_STYLE_USAGE(.BOTH.,#957);
#524=FACE_OUTER_BOUND('',#958,.T.);
#525=PLANE('',#959);
#526=SURFACE_STYLE_USAGE(.BOTH.,#960);
#527=FACE_OUTER_BOUND('',#961,.T.);
#528=PLANE('',#962);
#529=SURFACE_STYLE_USAGE(.BOTH.,#963);
#530=FACE_BOUND('',#964,.T.);
#531=FACE_OUTER_BOUND('',#965,.T.);
#532=TOROIDAL_SURFACE('',#966,-3.38578859562055,4.20874855678433);
#533=SURFACE_STYLE_USAGE(.BOTH.,#967);
#534=FACE_OUTER_BOUND('',#968,.T.);
#535=CYLINDRICAL_SURFACE('',#969,0.755387931034482);
#536=SURFACE_STYLE_USAGE(.BOTH.,#970);
#537=FACE_OUTER_BOUND('',#971,.T.);
#538=PLANE('',#972);
#539=SURFACE_STYLE_USAGE(.BOTH.,#973);
#540=FACE_OUTER_BOUND('',#974,.T.);
#541=CYLINDRICAL_SURFACE('',#975,0.755387931034482);
#542=SURFACE_STYLE_USAGE(.BOTH.,#976);
#543=FACE_OUTER_BOUND('',#977,.T.);
#544=PLANE('',#978);
#545=SURFACE_STYLE_USAGE(.BOTH.,#979);
#546=FACE_BOUND('',#980,.T.);
#547=FACE_OUTER_BOUND('',#981,.T.);
#548=PLANE('',#982);
#549=SURFACE_STYLE_USAGE(.BOTH.,#983);
#550=FACE_OUTER_BOUND('',#984,.T.);
#551=PLANE('',#985);
#552=SURFACE_STYLE_USAGE(.BOTH.,#986);
#553=FACE_BOUND('',#987,.T.);
#554=FACE_OUTER_BOUND('',#988,.T.);
#555=PLANE('',#989);
#556=SURFACE_STYLE_USAGE(.BOTH.,#990);
#557=FACE_OUTER_BOUND('',#991,.T.);
#558=PLANE('',#992);
#559=SURFACE_STYLE_USAGE(.BOTH.,#993);
#560=FACE_OUTER_BOUND('',#994,.T.);
#561=PLANE('',#995);
#562=SURFACE_STYLE_USAGE(.BOTH.,#996);
#563=FACE_OUTER_BOUND('',#997,.T.);
#564=CYLINDRICAL_SURFACE('',#998,1.46);
#565=SURFACE_STYLE_USAGE(.BOTH.,#999);
#566=FACE_OUTER_BOUND('',#1000,.T.);
#567=SPHERICAL_SURFACE('',#1001,1.46);
#568=SURFACE_STYLE_USAGE(.BOTH.,#1002);
#569=FACE_OUTER_BOUND('',#1003,.T.);
#570=CYLINDRICAL_SURFACE('',#1004,3.175);
#571=SURFACE_STYLE_USAGE(.BOTH.,#1005);
#572=FACE_OUTER_BOUND('',#1006,.T.);
#573=PLANE('',#1007);
#574=SURFACE_STYLE_USAGE(.BOTH.,#1008);
#575=FACE_OUTER_BOUND('',#1009,.T.);
#576=PLANE('',#1010);
#577=SURFACE_STYLE_USAGE(.BOTH.,#1011);
#578=FACE_OUTER_BOUND('',#1012,.T.);
#579=PLANE('',#1013);
#580=SURFACE_STYLE_USAGE(.BOTH.,#1014);
#581=FACE_OUTER_BOUND('',#1015,.T.);
#582=PLANE('',#1016);
#583=SURFACE_STYLE_USAGE(.BOTH.,#1017);
#584=FACE_OUTER_BOUND('',#1018,.T.);
#585=FACE_BOUND('',#1019,.T.);
#586=PLANE('',#1020);
#587=SURFACE_STYLE_USAGE(.BOTH.,#1021);
#588=FACE_OUTER_BOUND('',#1022,.T.);
#589=CYLINDRICAL_SURFACE('',#1023,2.425);
#590=SURFACE_STYLE_USAGE(.BOTH.,#1024);
#591=FACE_BOUND('',#1025,.T.);
#592=FACE_OUTER_BOUND('',#1026,.T.);
#593=PLANE('',#1027);
#594=SURFACE_STYLE_USAGE(.BOTH.,#1028);
#595=FACE_OUTER_BOUND('',#1029,.T.);
#596=CONICAL_SURFACE('',#1030,3.003153125,0.785398163397451);
#597=SURFACE_STYLE_USAGE(.BOTH.,#1031);
#598=FACE_OUTER_BOUND('',#1032,.T.);
#599=PLANE('',#1033);
#600=SURFACE_STYLE_USAGE(.BOTH.,#1034);
#601=FACE_OUTER_BOUND('',#1035,.T.);
#602=CYLINDRICAL_SURFACE('',#1036,0.5);
#603=SURFACE_STYLE_USAGE(.BOTH.,#1037);
#604=FACE_OUTER_BOUND('',#1038,.T.);
#605=PLANE('',#1039);
#606=SURFACE_STYLE_USAGE(.BOTH.,#1040);
#607=FACE_OUTER_BOUND('',#1041,.T.);
#608=CYLINDRICAL_SURFACE('',#1042,0.5);
#609=SURFACE_STYLE_USAGE(.BOTH.,#1043);
#610=FACE_OUTER_BOUND('',#1044,.T.);
#611=PLANE('',#1045);
#612=SURFACE_STYLE_USAGE(.BOTH.,#1046);
#613=FACE_OUTER_BOUND('',#1047,.T.);
#614=PLANE('',#1048);
#615=SURFACE_STYLE_USAGE(.BOTH.,#1049);
#616=FACE_OUTER_BOUND('',#1050,.T.);
#617=PLANE('',#1051);
#618=SURFACE_STYLE_USAGE(.BOTH.,#1052);
#619=FACE_OUTER_BOUND('',#1053,.T.);
#620=PLANE('',#1054);
#621=SURFACE_STYLE_USAGE(.BOTH.,#1055);
#622=FACE_OUTER_BOUND('',#1056,.T.);
#623=CYLINDRICAL_SURFACE('',#1057,0.25);
#624=SURFACE_STYLE_USAGE(.BOTH.,#1058);
#625=FACE_OUTER_BOUND('',#1059,.T.);
#626=PLANE('',#1060);
#627=SURFACE_STYLE_USAGE(.BOTH.,#1061);
#628=FACE_OUTER_BOUND('',#1062,.T.);
#629=PLANE('',#1063);
#630=SURFACE_STYLE_USAGE(.BOTH.,#1064);
#631=FACE_OUTER_BOUND('',#1065,.T.);
#632=PLANE('',#1066);
#633=SURFACE_STYLE_USAGE(.BOTH.,#1067);
#634=FACE_OUTER_BOUND('',#1068,.T.);
#635=CYLINDRICAL_SURFACE('',#1069,0.15);
#636=SURFACE_STYLE_USAGE(.BOTH.,#1070);
#637=FACE_OUTER_BOUND('',#1071,.T.);
#638=PLANE('',#1072);
#639=SURFACE_STYLE_USAGE(.BOTH.,#1073);
#640=FACE_OUTER_BOUND('',#1074,.T.);
#641=PLANE('',#1075);
#642=SURFACE_STYLE_USAGE(.BOTH.,#1076);
#643=FACE_OUTER_BOUND('',#1077,.T.);
#644=PLANE('',#1078);
#645=SURFACE_STYLE_USAGE(.BOTH.,#1079);
#646=FACE_OUTER_BOUND('',#1080,.T.);
#647=CYLINDRICAL_SURFACE('',#1081,0.25);
#648=SURFACE_STYLE_USAGE(.BOTH.,#1082);
#649=FACE_OUTER_BOUND('',#1083,.T.);
#650=PLANE('',#1084);
#651=SURFACE_STYLE_USAGE(.BOTH.,#1085);
#652=FACE_OUTER_BOUND('',#1086,.T.);
#653=PLANE('',#1087);
#654=SURFACE_STYLE_USAGE(.BOTH.,#1088);
#655=FACE_OUTER_BOUND('',#1089,.T.);
#656=PLANE('',#1090);
#657=SURFACE_STYLE_USAGE(.BOTH.,#1091);
#658=FACE_OUTER_BOUND('',#1092,.T.);
#659=CYLINDRICAL_SURFACE('',#1093,0.15);
#660=SURFACE_STYLE_USAGE(.BOTH.,#1094);
#661=FACE_OUTER_BOUND('',#1095,.T.);
#662=PLANE('',#1096);
#663=SURFACE_STYLE_USAGE(.BOTH.,#1097);
#664=FACE_OUTER_BOUND('',#1098,.T.);
#665=PLANE('',#1099);
#666=SURFACE_STYLE_USAGE(.BOTH.,#1100);
#667=FACE_OUTER_BOUND('',#1101,.T.);
#668=PLANE('',#1102);
#669=SURFACE_STYLE_USAGE(.BOTH.,#1103);
#670=FACE_OUTER_BOUND('',#1104,.T.);
#671=CYLINDRICAL_SURFACE('',#1105,0.25);
#672=SURFACE_STYLE_USAGE(.BOTH.,#1106);
#673=FACE_OUTER_BOUND('',#1107,.T.);
#674=PLANE('',#1108);
#675=SURFACE_STYLE_USAGE(.BOTH.,#1109);
#676=FACE_OUTER_BOUND('',#1110,.T.);
#677=PLANE('',#1111);
#678=SURFACE_STYLE_USAGE(.BOTH.,#1112);
#679=FACE_OUTER_BOUND('',#1113,.T.);
#680=PLANE('',#1114);
#681=SURFACE_STYLE_USAGE(.BOTH.,#1115);
#682=FACE_OUTER_BOUND('',#1116,.T.);
#683=CYLINDRICAL_SURFACE('',#1117,0.15);
#684=SURFACE_STYLE_USAGE(.BOTH.,#1118);
#685=FACE_OUTER_BOUND('',#1119,.T.);
#686=PLANE('',#1120);
#687=SURFACE_STYLE_USAGE(.BOTH.,#1121);
#688=FACE_OUTER_BOUND('',#1122,.T.);
#689=PLANE('',#1123);
#690=SURFACE_STYLE_USAGE(.BOTH.,#1124);
#691=FACE_OUTER_BOUND('',#1125,.T.);
#692=PLANE('',#1126);
#693=SURFACE_STYLE_USAGE(.BOTH.,#1127);
#694=FACE_OUTER_BOUND('',#1128,.T.);
#695=CYLINDRICAL_SURFACE('',#1129,0.25);
#696=SURFACE_STYLE_USAGE(.BOTH.,#1130);
#697=FACE_OUTER_BOUND('',#1131,.T.);
#698=PLANE('',#1132);
#699=SURFACE_STYLE_USAGE(.BOTH.,#1133);
#700=FACE_OUTER_BOUND('',#1134,.T.);
#701=PLANE('',#1135);
#702=SURFACE_STYLE_USAGE(.BOTH.,#1136);
#703=FACE_OUTER_BOUND('',#1137,.T.);
#704=PLANE('',#1138);
#705=SURFACE_STYLE_USAGE(.BOTH.,#1139);
#706=FACE_OUTER_BOUND('',#1140,.T.);
#707=CYLINDRICAL_SURFACE('',#1141,0.15);
#708=SURFACE_STYLE_USAGE(.BOTH.,#1142);
#709=FACE_OUTER_BOUND('',#1143,.T.);
#710=PLANE('',#1144);
#711=SURFACE_STYLE_USAGE(.BOTH.,#1145);
#712=FACE_OUTER_BOUND('',#1146,.T.);
#713=PLANE('',#1147);
#714=SURFACE_STYLE_USAGE(.BOTH.,#1148);
#715=FACE_OUTER_BOUND('',#1149,.T.);
#716=PLANE('',#1150);
#717=SURFACE_STYLE_USAGE(.BOTH.,#1151);
#718=FACE_OUTER_BOUND('',#1152,.T.);
#719=PLANE('',#1153);
#720=SURFACE_STYLE_USAGE(.BOTH.,#1154);
#721=FACE_BOUND('',#1155,.T.);
#722=FACE_BOUND('',#1156,.T.);
#723=FACE_OUTER_BOUND('',#1157,.T.);
#724=PLANE('',#1158);
#725=SURFACE_STYLE_USAGE(.BOTH.,#1159);
#726=FACE_OUTER_BOUND('',#1160,.T.);
#727=PLANE('',#1161);
#728=SURFACE_STYLE_USAGE(.BOTH.,#1162);
#729=FACE_OUTER_BOUND('',#1163,.T.);
#730=PLANE('',#1164);
#731=SURFACE_STYLE_USAGE(.BOTH.,#1165);
#732=FACE_OUTER_BOUND('',#1166,.T.);
#733=PLANE('',#1167);
#734=SURFACE_STYLE_USAGE(.BOTH.,#1168);
#735=FACE_OUTER_BOUND('',#1169,.T.);
#736=PLANE('',#1170);
#737=SURFACE_STYLE_USAGE(.BOTH.,#1171);
#738=FACE_OUTER_BOUND('',#1172,.T.);
#739=PLANE('',#1173);
#740=SURFACE_STYLE_USAGE(.BOTH.,#1174);
#741=FACE_BOUND('',#1175,.T.);
#742=FACE_BOUND('',#1176,.T.);
#743=FACE_OUTER_BOUND('',#1177,.T.);
#744=PLANE('',#1178);
#745=SURFACE_STYLE_USAGE(.BOTH.,#1179);
#746=FACE_OUTER_BOUND('',#1180,.T.);
#747=PLANE('',#1181);
#748=SURFACE_STYLE_USAGE(.BOTH.,#1182);
#749=FACE_OUTER_BOUND('',#1183,.T.);
#750=PLANE('',#1184);
#751=SURFACE_STYLE_USAGE(.BOTH.,#1185);
#752=FACE_OUTER_BOUND('',#1186,.T.);
#753=CYLINDRICAL_SURFACE('',#1187,0.5);
#754=SURFACE_STYLE_USAGE(.BOTH.,#1188);
#755=FACE_OUTER_BOUND('',#1189,.T.);
#756=PLANE('',#1190);
#757=SURFACE_STYLE_USAGE(.BOTH.,#1191);
#758=FACE_OUTER_BOUND('',#1192,.T.);
#759=CYLINDRICAL_SURFACE('',#1193,0.5);
#760=SURFACE_STYLE_USAGE(.BOTH.,#1194);
#761=FACE_BOUND('',#1195,.T.);
#762=FACE_OUTER_BOUND('',#1196,.T.);
#763=PLANE('',#1197);
#764=SURFACE_STYLE_USAGE(.BOTH.,#1198);
#765=FACE_OUTER_BOUND('',#1199,.T.);
#766=PLANE('',#1200);
#767=SURFACE_STYLE_USAGE(.BOTH.,#1201);
#768=FACE_OUTER_BOUND('',#1202,.T.);
#769=PLANE('',#1203);
#770=SURFACE_STYLE_USAGE(.BOTH.,#1204);
#771=FACE_OUTER_BOUND('',#1205,.T.);
#772=PLANE('',#1206);
#773=SURFACE_STYLE_USAGE(.BOTH.,#1207);
#774=FACE_OUTER_BOUND('',#1208,.T.);
#775=PLANE('',#1209);
#776=SURFACE_STYLE_USAGE(.BOTH.,#1210);
#777=FACE_OUTER_BOUND('',#1211,.T.);
#778=PLANE('',#1212);
#779=SURFACE_STYLE_USAGE(.BOTH.,#1213);
#780=FACE_OUTER_BOUND('',#1214,.T.);
#781=PLANE('',#1215);
#782=SURFACE_STYLE_USAGE(.BOTH.,#1216);
#783=FACE_OUTER_BOUND('',#1217,.T.);
#784=PLANE('',#1218);
#785=SURFACE_STYLE_USAGE(.BOTH.,#1219);
#786=FACE_OUTER_BOUND('',#1220,.T.);
#787=PLANE('',#1221);
#788=SURFACE_STYLE_USAGE(.BOTH.,#1222);
#789=FACE_OUTER_BOUND('',#1223,.T.);
#790=PLANE('',#1224);
#791=SURFACE_STYLE_USAGE(.BOTH.,#1225);
#792=FACE_OUTER_BOUND('',#1226,.T.);
#793=CYLINDRICAL_SURFACE('',#1227,0.6);
#794=SURFACE_STYLE_USAGE(.BOTH.,#1228);
#795=FACE_OUTER_BOUND('',#1229,.T.);
#796=PLANE('',#1230);
#797=SURFACE_STYLE_USAGE(.BOTH.,#1231);
#798=FACE_OUTER_BOUND('',#1232,.T.);
#799=CYLINDRICAL_SURFACE('',#1233,0.6);
#800=SURFACE_STYLE_USAGE(.BOTH.,#1234);
#801=FACE_OUTER_BOUND('',#1235,.T.);
#802=PLANE('',#1236);
#803=SURFACE_STYLE_USAGE(.BOTH.,#1237);
#804=FACE_OUTER_BOUND('',#1238,.T.);
#805=CYLINDRICAL_SURFACE('',#1239,0.6);
#806=SURFACE_STYLE_USAGE(.BOTH.,#1240);
#807=FACE_OUTER_BOUND('',#1241,.T.);
#808=PLANE('',#1242);
#809=SURFACE_STYLE_USAGE(.BOTH.,#1243);
#810=FACE_OUTER_BOUND('',#1244,.T.);
#811=CYLINDRICAL_SURFACE('',#1245,0.6);
#812=SURFACE_STYLE_USAGE(.BOTH.,#1246);
#813=FACE_OUTER_BOUND('',#1247,.T.);
#814=PLANE('',#1248);
#815=SURFACE_STYLE_USAGE(.BOTH.,#1249);
#816=FACE_OUTER_BOUND('',#1250,.T.);
#817=PLANE('',#1251);
#818=SURFACE_STYLE_USAGE(.BOTH.,#1252);
#819=FACE_OUTER_BOUND('',#1253,.T.);
#820=PLANE('',#1254);
#821=SURFACE_STYLE_USAGE(.BOTH.,#1255);
#822=FACE_OUTER_BOUND('',#1256,.T.);
#823=PLANE('',#1257);
#824=SURFACE_STYLE_USAGE(.BOTH.,#1258);
#825=FACE_OUTER_BOUND('',#1259,.T.);
#826=PLANE('',#1260);
#827=SURFACE_STYLE_USAGE(.BOTH.,#1261);
#828=FACE_BOUND('',#1262,.T.);
#829=FACE_BOUND('',#1263,.T.);
#830=FACE_BOUND('',#1264,.T.);
#831=FACE_OUTER_BOUND('',#1265,.T.);
#832=PLANE('',#1266);
#833=SURFACE_STYLE_USAGE(.BOTH.,#1267);
#834=FACE_OUTER_BOUND('',#1268,.T.);
#835=PLANE('',#1269);
#836=SURFACE_STYLE_USAGE(.BOTH.,#1270);
#837=FACE_OUTER_BOUND('',#1271,.T.);
#838=PLANE('',#1272);
#839=SURFACE_STYLE_USAGE(.BOTH.,#1273);
#840=FACE_OUTER_BOUND('',#1274,.T.);
#841=PLANE('',#1275);
#842=SURFACE_STYLE_USAGE(.BOTH.,#1276);
#843=FACE_OUTER_BOUND('',#1277,.T.);
#844=PLANE('',#1278);
#845=SURFACE_STYLE_USAGE(.BOTH.,#1279);
#846=FACE_OUTER_BOUND('',#1280,.T.);
#847=PLANE('',#1281);
#848=SURFACE_STYLE_USAGE(.BOTH.,#1282);
#849=FACE_OUTER_BOUND('',#1283,.T.);
#850=PLANE('',#1284);
#851=SURFACE_STYLE_USAGE(.BOTH.,#1285);
#852=FACE_OUTER_BOUND('',#1286,.T.);
#853=PLANE('',#1287);
#854=SURFACE_STYLE_USAGE(.BOTH.,#1288);
#855=FACE_OUTER_BOUND('',#1289,.T.);
#856=CYLINDRICAL_SURFACE('',#1290,0.5);
#857=SURFACE_STYLE_USAGE(.BOTH.,#1291);
#858=FACE_OUTER_BOUND('',#1292,.T.);
#859=CYLINDRICAL_SURFACE('',#1293,0.5);
#860=SURFACE_STYLE_USAGE(.BOTH.,#1294);
#861=FACE_OUTER_BOUND('',#1295,.T.);
#862=PLANE('',#1296);
#863=SURFACE_STYLE_USAGE(.BOTH.,#1297);
#864=FACE_OUTER_BOUND('',#1298,.T.);
#865=CYLINDRICAL_SURFACE('',#1299,0.5);
#866=SURFACE_STYLE_USAGE(.BOTH.,#1300);
#867=FACE_OUTER_BOUND('',#1301,.T.);
#868=PLANE('',#1302);
#869=SURFACE_STYLE_USAGE(.BOTH.,#1303);
#870=FACE_OUTER_BOUND('',#1304,.T.);
#871=CYLINDRICAL_SURFACE('',#1305,0.5);
#872=SURFACE_STYLE_USAGE(.BOTH.,#1306);
#873=FACE_OUTER_BOUND('',#1307,.T.);
#874=PLANE('',#1308);
#875=PRODUCT_CONTEXT('',#146,'mechanical');
#876=PRODUCT_DEFINITION_FORMATION_WITH_SPECIFIED_SOURCE(' ','NONE',#431,.NOT_KNOWN.);
#877=CLOSED_SHELL('',(#160,#162,#164,#166,#168,#170,#172,#174,#176,#178,#180,#182,#184,#186,#188,#190,#192,#194,#196,#198,#200,#202,#204,#206,#208,#210,#212,#214,#216,#218,#220,#222,#224,#226,#228,#230,#232,#234,#236,#238,#240,#242,#244,#246,#248,#250,#252,#254,#256,#258,#260,#262,#264,#266,#268,#270,#272,#274,#276,#278,#280,#282,#284,#286,#288,#290,#292,#294,#296,#298,#300,#302,#304,#306,#308,#310,#312,#314,#316,#318,#320,#322,#324,#326,#328,#330,#332,#334,#336,#338,#340,#342,#344,#346,#348,#350,#352,#354,#356,#358,#360,#362,#364,#366,#368,#370,#372,#374,#376,#378,#380,#382,#384,#386,#388,#390,#392,#394,#396,#398,#400,#402,#404,#406,#408,#410,#412,#414,#416,#418,#420,#422,#424,#426,#428,#430));
#878=CARTESIAN_POINT('',(0.0,0.0,0.0));
#879=DIRECTION('',(0.0,0.0,1.0));
#880=DIRECTION('',(1.0,0.0,0.0));
#881= (NAMED_UNIT(#440)LENGTH_UNIT()SI_UNIT(.MILLI.,.METRE.));
#882=SURFACE_SIDE_STYLE('',(#1310));
#883=EDGE_LOOP('',(#1311,#1312,#1313,#1314));
#884=AXIS2_PLACEMENT_3D('',#1315,#1316,#1317);
#885=SURFACE_SIDE_STYLE('',(#1318));
#886=EDGE_LOOP('',(#1319,#1320,#1321,#1322));
#887=AXIS2_PLACEMENT_3D('',#1323,#1324,#1325);
#888=SURFACE_SIDE_STYLE('',(#1326));
#889=EDGE_LOOP('',(#1327,#1328,#1329,#1330));
#890=AXIS2_PLACEMENT_3D('',#1331,#1332,#1333);
#891=SURFACE_SIDE_STYLE('',(#1334));
#892=EDGE_LOOP('',(#1335,#1336,#1337,#1338));
#893=AXIS2_PLACEMENT_3D('',#1339,#1340,#1341);
#894=SURFACE_SIDE_STYLE('',(#1342));
#895=EDGE_LOOP('',(#1343,#1344,#1345,#1346,#1347));
#896=AXIS2_PLACEMENT_3D('',#1348,#1349,#1350);
#897=SURFACE_SIDE_STYLE('',(#1351));
#898=EDGE_LOOP('',(#1352,#1353,#1354,#1355));
#899=EDGE_LOOP('',(#1356,#1357));
#900=AXIS2_PLACEMENT_3D('',#1358,#1359,#1360);
#901=SURFACE_SIDE_STYLE('',(#1361));
#902=EDGE_LOOP('',(#1362,#1363,#1364,#1365));
#903=AXIS2_PLACEMENT_3D('',#1366,#1367,#1368);
#904=SURFACE_SIDE_STYLE('',(#1369));
#905=EDGE_LOOP('',(#1370,#1371,#1372,#1373));
#906=AXIS2_PLACEMENT_3D('',#1374,#1375,#1376);
#907=SURFACE_SIDE_STYLE('',(#1377));
#908=EDGE_LOOP('',(#1378,#1379,#1380,#1381));
#909=AXIS2_PLACEMENT_3D('',#1382,#1383,#1384);
#910=SURFACE_SIDE_STYLE('',(#1385));
#911=EDGE_LOOP('',(#1386,#1387,#1388,#1389));
#912=AXIS2_PLACEMENT_3D('',#1390,#1391,#1392);
#913=SURFACE_SIDE_STYLE('',(#1393));
#914=EDGE_LOOP('',(#1394,#1395,#1396,#1397));
#915=EDGE_LOOP('',(#1398,#1399,#1400,#1401));
#916=AXIS2_PLACEMENT_3D('',#1402,#1403,#1404);
#917=SURFACE_SIDE_STYLE('',(#1405));
#918=EDGE_LOOP('',(#1406,#1407,#1408,#1409));
#919=AXIS2_PLACEMENT_3D('',#1410,#1411,#1412);
#920=SURFACE_SIDE_STYLE('',(#1413));
#921=EDGE_LOOP('',(#1414,#1415,#1416,#1417));
#922=EDGE_LOOP('',(#1418,#1419,#1420,#1421));
#923=AXIS2_PLACEMENT_3D('',#1422,#1423,#1424);
#924=SURFACE_SIDE_STYLE('',(#1425));
#925=EDGE_LOOP('',(#1426,#1427,#1428,#1429));
#926=AXIS2_PLACEMENT_3D('',#1430,#1431,#1432);
#927=SURFACE_SIDE_STYLE('',(#1433));
#928=EDGE_LOOP('',(#1434,#1435,#1436,#1437));
#929=AXIS2_PLACEMENT_3D('',#1438,#1439,#1440);
#930=SURFACE_SIDE_STYLE('',(#1441));
#931=EDGE_LOOP('',(#1442,#1443,#1444,#1445));
#932=EDGE_LOOP('',(#1446,#1447));
#933=AXIS2_PLACEMENT_3D('',#1448,#1449,#1450);
#934=SURFACE_SIDE_STYLE('',(#1451));
#935=EDGE_LOOP('',(#1452,#1453,#1454,#1455));
#936=AXIS2_PLACEMENT_3D('',#1456,#1457,#1458);
#937=SURFACE_SIDE_STYLE('',(#1459));
#938=EDGE_LOOP('',(#1460,#1461,#1462,#1463));
#939=AXIS2_PLACEMENT_3D('',#1464,#1465,#1466);
#940=SURFACE_SIDE_STYLE('',(#1467));
#941=EDGE_LOOP('',(#1468,#1469,#1470,#1471));
#942=AXIS2_PLACEMENT_3D('',#1472,#1473,#1474);
#943=SURFACE_SIDE_STYLE('',(#1475));
#944=EDGE_LOOP('',(#1476,#1477,#1478,#1479));
#945=AXIS2_PLACEMENT_3D('',#1480,#1481,#1482);
#946=SURFACE_SIDE_STYLE('',(#1483));
#947=EDGE_LOOP('',(#1484,#1485,#1486,#1487));
#948=EDGE_LOOP('',(#1488,#1489,#1490,#1491));
#949=AXIS2_PLACEMENT_3D('',#1492,#1493,#1494);
#950=SURFACE_SIDE_STYLE('',(#1495));
#951=EDGE_LOOP('',(#1496,#1497,#1498,#1499));
#952=AXIS2_PLACEMENT_3D('',#1500,#1501,#1502);
#953=SURFACE_SIDE_STYLE('',(#1503));
#954=EDGE_LOOP('',(#1504,#1505,#1506,#1507));
#955=EDGE_LOOP('',(#1508,#1509,#1510,#1511));
#956=AXIS2_PLACEMENT_3D('',#1512,#1513,#1514);
#957=SURFACE_SIDE_STYLE('',(#1515));
#958=EDGE_LOOP('',(#1516,#1517,#1518,#1519));
#959=AXIS2_PLACEMENT_3D('',#1520,#1521,#1522);
#960=SURFACE_SIDE_STYLE('',(#1523));
#961=EDGE_LOOP('',(#1524,#1525,#1526,#1527));
#962=AXIS2_PLACEMENT_3D('',#1528,#1529,#1530);
#963=SURFACE_SIDE_STYLE('',(#1531));
#964=EDGE_LOOP('',(#1532,#1533,#1534,#1535));
#965=EDGE_LOOP('',(#1536,#1537));
#966=AXIS2_PLACEMENT_3D('',#1538,#1539,#1540);
#967=SURFACE_SIDE_STYLE('',(#1541));
#968=EDGE_LOOP('',(#1542,#1543,#1544,#1545));
#969=AXIS2_PLACEMENT_3D('',#1546,#1547,#1548);
#970=SURFACE_SIDE_STYLE('',(#1549));
#971=EDGE_LOOP('',(#1550,#1551,#1552,#1553));
#972=AXIS2_PLACEMENT_3D('',#1554,#1555,#1556);
#973=SURFACE_SIDE_STYLE('',(#1557));
#974=EDGE_LOOP('',(#1558,#1559,#1560,#1561));
#975=AXIS2_PLACEMENT_3D('',#1562,#1563,#1564);
#976=SURFACE_SIDE_STYLE('',(#1565));
#977=EDGE_LOOP('',(#1566,#1567,#1568,#1569));
#978=AXIS2_PLACEMENT_3D('',#1570,#1571,#1572);
#979=SURFACE_SIDE_STYLE('',(#1573));
#980=EDGE_LOOP('',(#1574,#1575,#1576,#1577));
#981=EDGE_LOOP('',(#1578,#1579,#1580,#1581));
#982=AXIS2_PLACEMENT_3D('',#1582,#1583,#1584);
#983=SURFACE_SIDE_STYLE('',(#1585));
#984=EDGE_LOOP('',(#1586,#1587,#1588,#1589));
#985=AXIS2_PLACEMENT_3D('',#1590,#1591,#1592);
#986=SURFACE_SIDE_STYLE('',(#1593));
#987=EDGE_LOOP('',(#1594,#1595,#1596,#1597));
#988=EDGE_LOOP('',(#1598,#1599,#1600,#1601));
#989=AXIS2_PLACEMENT_3D('',#1602,#1603,#1604);
#990=SURFACE_SIDE_STYLE('',(#1605));
#991=EDGE_LOOP('',(#1606,#1607,#1608,#1609));
#992=AXIS2_PLACEMENT_3D('',#1610,#1611,#1612);
#993=SURFACE_SIDE_STYLE('',(#1613));
#994=EDGE_LOOP('',(#1614,#1615,#1616,#1617));
#995=AXIS2_PLACEMENT_3D('',#1618,#1619,#1620);
#996=SURFACE_SIDE_STYLE('',(#1621));
#997=EDGE_LOOP('',(#1622,#1623,#1624,#1625,#1626,#1627));
#998=AXIS2_PLACEMENT_3D('',#1628,#1629,#1630);
#999=SURFACE_SIDE_STYLE('',(#1631));
#1000=EDGE_LOOP('',(#1632,#1633,#1634,#1635));
#1001=AXIS2_PLACEMENT_3D('',#1636,#1637,#1638);
#1002=SURFACE_SIDE_STYLE('',(#1639));
#1003=EDGE_LOOP('',(#1640,#1641,#1642,#1643,#1644,#1645,#1646,#1647));
#1004=AXIS2_PLACEMENT_3D('',#1648,#1649,#1650);
#1005=SURFACE_SIDE_STYLE('',(#1651));
#1006=EDGE_LOOP('',(#1652,#1653,#1654,#1655));
#1007=AXIS2_PLACEMENT_3D('',#1656,#1657,#1658);
#1008=SURFACE_SIDE_STYLE('',(#1659));
#1009=EDGE_LOOP('',(#1660,#1661,#1662,#1663,#1664));
#1010=AXIS2_PLACEMENT_3D('',#1665,#1666,#1667);
#1011=SURFACE_SIDE_STYLE('',(#1668));
#1012=EDGE_LOOP('',(#1669,#1670,#1671,#1672));
#1013=AXIS2_PLACEMENT_3D('',#1673,#1674,#1675);
#1014=SURFACE_SIDE_STYLE('',(#1676));
#1015=EDGE_LOOP('',(#1677,#1678,#1679,#1680,#1681));
#1016=AXIS2_PLACEMENT_3D('',#1682,#1683,#1684);
#1017=SURFACE_SIDE_STYLE('',(#1685));
#1018=EDGE_LOOP('',(#1686,#1687,#1688,#1689,#1690,#1691));
#1019=EDGE_LOOP('',(#1692,#1693));
#1020=AXIS2_PLACEMENT_3D('',#1694,#1695,#1696);
#1021=SURFACE_SIDE_STYLE('',(#1697));
#1022=EDGE_LOOP('',(#1698,#1699,#1700,#1701));
#1023=AXIS2_PLACEMENT_3D('',#1702,#1703,#1704);
#1024=SURFACE_SIDE_STYLE('',(#1705));
#1025=EDGE_LOOP('',(#1706,#1707,#1708));
#1026=EDGE_LOOP('',(#1709,#1710));
#1027=AXIS2_PLACEMENT_3D('',#1711,#1712,#1713);
#1028=SURFACE_SIDE_STYLE('',(#1714));
#1029=EDGE_LOOP('',(#1715,#1716,#1717,#1718));
#1030=AXIS2_PLACEMENT_3D('',#1719,#1720,#1721);
#1031=SURFACE_SIDE_STYLE('',(#1722));
#1032=EDGE_LOOP('',(#1723,#1724,#1725,#1726,#1727,#1728,#1729,#1730,#1731,#1732,#1733,#1734));
#1033=AXIS2_PLACEMENT_3D('',#1735,#1736,#1737);
#1034=SURFACE_SIDE_STYLE('',(#1738));
#1035=EDGE_LOOP('',(#1739,#1740,#1741,#1742));
#1036=AXIS2_PLACEMENT_3D('',#1743,#1744,#1745);
#1037=SURFACE_SIDE_STYLE('',(#1746));
#1038=EDGE_LOOP('',(#1747,#1748,#1749,#1750));
#1039=AXIS2_PLACEMENT_3D('',#1751,#1752,#1753);
#1040=SURFACE_SIDE_STYLE('',(#1754));
#1041=EDGE_LOOP('',(#1755,#1756,#1757,#1758));
#1042=AXIS2_PLACEMENT_3D('',#1759,#1760,#1761);
#1043=SURFACE_SIDE_STYLE('',(#1762));
#1044=EDGE_LOOP('',(#1763,#1764,#1765,#1766,#1767,#1768,#1769,#1770,#1771,#1772,#1773,#1774));
#1045=AXIS2_PLACEMENT_3D('',#1775,#1776,#1777);
#1046=SURFACE_SIDE_STYLE('',(#1778));
#1047=EDGE_LOOP('',(#1779,#1780,#1781,#1782,#1783,#1784,#1785,#1786));
#1048=AXIS2_PLACEMENT_3D('',#1787,#1788,#1789);
#1049=SURFACE_SIDE_STYLE('',(#1790));
#1050=EDGE_LOOP('',(#1791,#1792,#1793,#1794,#1795,#1796,#1797));
#1051=AXIS2_PLACEMENT_3D('',#1798,#1799,#1800);
#1052=SURFACE_SIDE_STYLE('',(#1801));
#1053=EDGE_LOOP('',(#1802,#1803,#1804,#1805));
#1054=AXIS2_PLACEMENT_3D('',#1806,#1807,#1808);
#1055=SURFACE_SIDE_STYLE('',(#1809));
#1056=EDGE_LOOP('',(#1810,#1811,#1812,#1813));
#1057=AXIS2_PLACEMENT_3D('',#1814,#1815,#1816);
#1058=SURFACE_SIDE_STYLE('',(#1817));
#1059=EDGE_LOOP('',(#1818,#1819,#1820,#1821));
#1060=AXIS2_PLACEMENT_3D('',#1822,#1823,#1824);
#1061=SURFACE_SIDE_STYLE('',(#1825));
#1062=EDGE_LOOP('',(#1826,#1827,#1828,#1829));
#1063=AXIS2_PLACEMENT_3D('',#1830,#1831,#1832);
#1064=SURFACE_SIDE_STYLE('',(#1833));
#1065=EDGE_LOOP('',(#1834,#1835,#1836,#1837));
#1066=AXIS2_PLACEMENT_3D('',#1838,#1839,#1840);
#1067=SURFACE_SIDE_STYLE('',(#1841));
#1068=EDGE_LOOP('',(#1842,#1843,#1844,#1845));
#1069=AXIS2_PLACEMENT_3D('',#1846,#1847,#1848);
#1070=SURFACE_SIDE_STYLE('',(#1849));
#1071=EDGE_LOOP('',(#1850,#1851,#1852,#1853,#1854,#1855,#1856));
#1072=AXIS2_PLACEMENT_3D('',#1857,#1858,#1859);
#1073=SURFACE_SIDE_STYLE('',(#1860));
#1074=EDGE_LOOP('',(#1861,#1862,#1863,#1864,#1865,#1866,#1867));
#1075=AXIS2_PLACEMENT_3D('',#1868,#1869,#1870);
#1076=SURFACE_SIDE_STYLE('',(#1871));
#1077=EDGE_LOOP('',(#1872,#1873,#1874,#1875));
#1078=AXIS2_PLACEMENT_3D('',#1876,#1877,#1878);
#1079=SURFACE_SIDE_STYLE('',(#1879));
#1080=EDGE_LOOP('',(#1880,#1881,#1882,#1883));
#1081=AXIS2_PLACEMENT_3D('',#1884,#1885,#1886);
#1082=SURFACE_SIDE_STYLE('',(#1887));
#1083=EDGE_LOOP('',(#1888,#1889,#1890,#1891));
#1084=AXIS2_PLACEMENT_3D('',#1892,#1893,#1894);
#1085=SURFACE_SIDE_STYLE('',(#1895));
#1086=EDGE_LOOP('',(#1896,#1897,#1898,#1899));
#1087=AXIS2_PLACEMENT_3D('',#1900,#1901,#1902);
#1088=SURFACE_SIDE_STYLE('',(#1903));
#1089=EDGE_LOOP('',(#1904,#1905,#1906,#1907));
#1090=AXIS2_PLACEMENT_3D('',#1908,#1909,#1910);
#1091=SURFACE_SIDE_STYLE('',(#1911));
#1092=EDGE_LOOP('',(#1912,#1913,#1914,#1915));
#1093=AXIS2_PLACEMENT_3D('',#1916,#1917,#1918);
#1094=SURFACE_SIDE_STYLE('',(#1919));
#1095=EDGE_LOOP('',(#1920,#1921,#1922,#1923,#1924,#1925,#1926));
#1096=AXIS2_PLACEMENT_3D('',#1927,#1928,#1929);
#1097=SURFACE_SIDE_STYLE('',(#1930));
#1098=EDGE_LOOP('',(#1931,#1932,#1933,#1934,#1935,#1936,#1937));
#1099=AXIS2_PLACEMENT_3D('',#1938,#1939,#1940);
#1100=SURFACE_SIDE_STYLE('',(#1941));
#1101=EDGE_LOOP('',(#1942,#1943,#1944,#1945));
#1102=AXIS2_PLACEMENT_3D('',#1946,#1947,#1948);
#1103=SURFACE_SIDE_STYLE('',(#1949));
#1104=EDGE_LOOP('',(#1950,#1951,#1952,#1953));
#1105=AXIS2_PLACEMENT_3D('',#1954,#1955,#1956);
#1106=SURFACE_SIDE_STYLE('',(#1957));
#1107=EDGE_LOOP('',(#1958,#1959,#1960,#1961));
#1108=AXIS2_PLACEMENT_3D('',#1962,#1963,#1964);
#1109=SURFACE_SIDE_STYLE('',(#1965));
#1110=EDGE_LOOP('',(#1966,#1967,#1968,#1969));
#1111=AXIS2_PLACEMENT_3D('',#1970,#1971,#1972);
#1112=SURFACE_SIDE_STYLE('',(#1973));
#1113=EDGE_LOOP('',(#1974,#1975,#1976,#1977));
#1114=AXIS2_PLACEMENT_3D('',#1978,#1979,#1980);
#1115=SURFACE_SIDE_STYLE('',(#1981));
#1116=EDGE_LOOP('',(#1982,#1983,#1984,#1985));
#1117=AXIS2_PLACEMENT_3D('',#1986,#1987,#1988);
#1118=SURFACE_SIDE_STYLE('',(#1989));
#1119=EDGE_LOOP('',(#1990,#1991,#1992,#1993,#1994,#1995,#1996));
#1120=AXIS2_PLACEMENT_3D('',#1997,#1998,#1999);
#1121=SURFACE_SIDE_STYLE('',(#2000));
#1122=EDGE_LOOP('',(#2001,#2002,#2003,#2004,#2005,#2006,#2007));
#1123=AXIS2_PLACEMENT_3D('',#2008,#2009,#2010);
#1124=SURFACE_SIDE_STYLE('',(#2011));
#1125=EDGE_LOOP('',(#2012,#2013,#2014,#2015));
#1126=AXIS2_PLACEMENT_3D('',#2016,#2017,#2018);
#1127=SURFACE_SIDE_STYLE('',(#2019));
#1128=EDGE_LOOP('',(#2020,#2021,#2022,#2023));
#1129=AXIS2_PLACEMENT_3D('',#2024,#2025,#2026);
#1130=SURFACE_SIDE_STYLE('',(#2027));
#1131=EDGE_LOOP('',(#2028,#2029,#2030,#2031));
#1132=AXIS2_PLACEMENT_3D('',#2032,#2033,#2034);
#1133=SURFACE_SIDE_STYLE('',(#2035));
#1134=EDGE_LOOP('',(#2036,#2037,#2038,#2039));
#1135=AXIS2_PLACEMENT_3D('',#2040,#2041,#2042);
#1136=SURFACE_SIDE_STYLE('',(#2043));
#1137=EDGE_LOOP('',(#2044,#2045,#2046,#2047));
#1138=AXIS2_PLACEMENT_3D('',#2048,#2049,#2050);
#1139=SURFACE_SIDE_STYLE('',(#2051));
#1140=EDGE_LOOP('',(#2052,#2053,#2054,#2055));
#1141=AXIS2_PLACEMENT_3D('',#2056,#2057,#2058);
#1142=SURFACE_SIDE_STYLE('',(#2059));
#1143=EDGE_LOOP('',(#2060,#2061,#2062,#2063,#2064,#2065,#2066));
#1144=AXIS2_PLACEMENT_3D('',#2067,#2068,#2069);
#1145=SURFACE_SIDE_STYLE('',(#2070));
#1146=EDGE_LOOP('',(#2071,#2072,#2073,#2074));
#1147=AXIS2_PLACEMENT_3D('',#2075,#2076,#2077);
#1148=SURFACE_SIDE_STYLE('',(#2078));
#1149=EDGE_LOOP('',(#2079,#2080,#2081,#2082,#2083,#2084));
#1150=AXIS2_PLACEMENT_3D('',#2085,#2086,#2087);
#1151=SURFACE_SIDE_STYLE('',(#2088));
#1152=EDGE_LOOP('',(#2089,#2090,#2091,#2092,#2093,#2094));
#1153=AXIS2_PLACEMENT_3D('',#2095,#2096,#2097);
#1154=SURFACE_SIDE_STYLE('',(#2098));
#1155=EDGE_LOOP('',(#2099,#2100,#2101,#2102));
#1156=EDGE_LOOP('',(#2103,#2104,#2105,#2106));
#1157=EDGE_LOOP('',(#2107,#2108,#2109,#2110));
#1158=AXIS2_PLACEMENT_3D('',#2111,#2112,#2113);
#1159=SURFACE_SIDE_STYLE('',(#2114));
#1160=EDGE_LOOP('',(#2115,#2116,#2117,#2118));
#1161=AXIS2_PLACEMENT_3D('',#2119,#2120,#2121);
#1162=SURFACE_SIDE_STYLE('',(#2122));
#1163=EDGE_LOOP('',(#2123,#2124,#2125,#2126));
#1164=AXIS2_PLACEMENT_3D('',#2127,#2128,#2129);
#1165=SURFACE_SIDE_STYLE('',(#2130));
#1166=EDGE_LOOP('',(#2131,#2132,#2133,#2134));
#1167=AXIS2_PLACEMENT_3D('',#2135,#2136,#2137);
#1168=SURFACE_SIDE_STYLE('',(#2138));
#1169=EDGE_LOOP('',(#2139,#2140,#2141,#2142,#2143,#2144));
#1170=AXIS2_PLACEMENT_3D('',#2145,#2146,#2147);
#1171=SURFACE_SIDE_STYLE('',(#2148));
#1172=EDGE_LOOP('',(#2149,#2150,#2151,#2152,#2153,#2154));
#1173=AXIS2_PLACEMENT_3D('',#2155,#2156,#2157);
#1174=SURFACE_SIDE_STYLE('',(#2158));
#1175=EDGE_LOOP('',(#2159,#2160,#2161,#2162));
#1176=EDGE_LOOP('',(#2163,#2164,#2165,#2166));
#1177=EDGE_LOOP('',(#2167,#2168,#2169,#2170));
#1178=AXIS2_PLACEMENT_3D('',#2171,#2172,#2173);
#1179=SURFACE_SIDE_STYLE('',(#2174));
#1180=EDGE_LOOP('',(#2175,#2176,#2177,#2178));
#1181=AXIS2_PLACEMENT_3D('',#2179,#2180,#2181);
#1182=SURFACE_SIDE_STYLE('',(#2182));
#1183=EDGE_LOOP('',(#2183,#2184,#2185,#2186));
#1184=AXIS2_PLACEMENT_3D('',#2187,#2188,#2189);
#1185=SURFACE_SIDE_STYLE('',(#2190));
#1186=EDGE_LOOP('',(#2191,#2192,#2193,#2194));
#1187=AXIS2_PLACEMENT_3D('',#2195,#2196,#2197);
#1188=SURFACE_SIDE_STYLE('',(#2198));
#1189=EDGE_LOOP('',(#2199,#2200,#2201,#2202));
#1190=AXIS2_PLACEMENT_3D('',#2203,#2204,#2205);
#1191=SURFACE_SIDE_STYLE('',(#2206));
#1192=EDGE_LOOP('',(#2207,#2208,#2209,#2210));
#1193=AXIS2_PLACEMENT_3D('',#2211,#2212,#2213);
#1194=SURFACE_SIDE_STYLE('',(#2214));
#1195=EDGE_LOOP('',(#2215,#2216));
#1196=EDGE_LOOP('',(#2217,#2218,#2219,#2220,#2221,#2222,#2223,#2224));
#1197=AXIS2_PLACEMENT_3D('',#2225,#2226,#2227);
#1198=SURFACE_SIDE_STYLE('',(#2228));
#1199=EDGE_LOOP('',(#2229,#2230,#2231,#2232,#2233,#2234,#2235,#2236));
#1200=AXIS2_PLACEMENT_3D('',#2237,#2238,#2239);
#1201=SURFACE_SIDE_STYLE('',(#2240));
#1202=EDGE_LOOP('',(#2241,#2242,#2243,#2244,#2245,#2246,#2247,#2248,#2249,#2250,#2251,#2252));
#1203=AXIS2_PLACEMENT_3D('',#2253,#2254,#2255);
#1204=SURFACE_SIDE_STYLE('',(#2256));
#1205=EDGE_LOOP('',(#2257,#2258,#2259,#2260,#2261,#2262));
#1206=AXIS2_PLACEMENT_3D('',#2263,#2264,#2265);
#1207=SURFACE_SIDE_STYLE('',(#2266));
#1208=EDGE_LOOP('',(#2267,#2268,#2269,#2270,#2271,#2272,#2273,#2274,#2275,#2276,#2277,#2278));
#1209=AXIS2_PLACEMENT_3D('',#2279,#2280,#2281);
#1210=SURFACE_SIDE_STYLE('',(#2282));
#1211=EDGE_LOOP('',(#2283,#2284,#2285,#2286,#2287,#2288));
#1212=AXIS2_PLACEMENT_3D('',#2289,#2290,#2291);
#1213=SURFACE_SIDE_STYLE('',(#2292));
#1214=EDGE_LOOP('',(#2293,#2294,#2295,#2296));
#1215=AXIS2_PLACEMENT_3D('',#2297,#2298,#2299);
#1216=SURFACE_SIDE_STYLE('',(#2300));
#1217=EDGE_LOOP('',(#2301,#2302,#2303,#2304));
#1218=AXIS2_PLACEMENT_3D('',#2305,#2306,#2307);
#1219=SURFACE_SIDE_STYLE('',(#2308));
#1220=EDGE_LOOP('',(#2309,#2310,#2311,#2312));
#1221=AXIS2_PLACEMENT_3D('',#2313,#2314,#2315);
#1222=SURFACE_SIDE_STYLE('',(#2316));
#1223=EDGE_LOOP('',(#2317,#2318,#2319,#2320));
#1224=AXIS2_PLACEMENT_3D('',#2321,#2322,#2323);
#1225=SURFACE_SIDE_STYLE('',(#2324));
#1226=EDGE_LOOP('',(#2325,#2326,#2327,#2328));
#1227=AXIS2_PLACEMENT_3D('',#2329,#2330,#2331);
#1228=SURFACE_SIDE_STYLE('',(#2332));
#1229=EDGE_LOOP('',(#2333,#2334,#2335,#2336));
#1230=AXIS2_PLACEMENT_3D('',#2337,#2338,#2339);
#1231=SURFACE_SIDE_STYLE('',(#2340));
#1232=EDGE_LOOP('',(#2341,#2342,#2343,#2344));
#1233=AXIS2_PLACEMENT_3D('',#2345,#2346,#2347);
#1234=SURFACE_SIDE_STYLE('',(#2348));
#1235=EDGE_LOOP('',(#2349,#2350,#2351,#2352));
#1236=AXIS2_PLACEMENT_3D('',#2353,#2354,#2355);
#1237=SURFACE_SIDE_STYLE('',(#2356));
#1238=EDGE_LOOP('',(#2357,#2358,#2359,#2360));
#1239=AXIS2_PLACEMENT_3D('',#2361,#2362,#2363);
#1240=SURFACE_SIDE_STYLE('',(#2364));
#1241=EDGE_LOOP('',(#2365,#2366,#2367,#2368));
#1242=AXIS2_PLACEMENT_3D('',#2369,#2370,#2371);
#1243=SURFACE_SIDE_STYLE('',(#2372));
#1244=EDGE_LOOP('',(#2373,#2374,#2375,#2376));
#1245=AXIS2_PLACEMENT_3D('',#2377,#2378,#2379);
#1246=SURFACE_SIDE_STYLE('',(#2380));
#1247=EDGE_LOOP('',(#2381,#2382,#2383,#2384));
#1248=AXIS2_PLACEMENT_3D('',#2385,#2386,#2387);
#1249=SURFACE_SIDE_STYLE('',(#2388));
#1250=EDGE_LOOP('',(#2389,#2390,#2391,#2392));
#1251=AXIS2_PLACEMENT_3D('',#2393,#2394,#2395);
#1252=SURFACE_SIDE_STYLE('',(#2396));
#1253=EDGE_LOOP('',(#2397,#2398,#2399,#2400));
#1254=AXIS2_PLACEMENT_3D('',#2401,#2402,#2403);
#1255=SURFACE_SIDE_STYLE('',(#2404));
#1256=EDGE_LOOP('',(#2405,#2406,#2407,#2408));
#1257=AXIS2_PLACEMENT_3D('',#2409,#2410,#2411);
#1258=SURFACE_SIDE_STYLE('',(#2412));
#1259=EDGE_LOOP('',(#2413,#2414,#2415,#2416));
#1260=AXIS2_PLACEMENT_3D('',#2417,#2418,#2419);
#1261=SURFACE_SIDE_STYLE('',(#2420));
#1262=EDGE_LOOP('',(#2421,#2422));
#1263=EDGE_LOOP('',(#2423,#2424));
#1264=EDGE_LOOP('',(#2425,#2426));
#1265=EDGE_LOOP('',(#2427,#2428,#2429,#2430,#2431,#2432,#2433,#2434,#2435,#2436,#2437,#2438,#2439,#2440,#2441,#2442,#2443,#2444,#2445,#2446,#2447,#2448,#2449,#2450,#2451,#2452,#2453,#2454,#2455,#2456,#2457,#2458));
#1266=AXIS2_PLACEMENT_3D('',#2459,#2460,#2461);
#1267=SURFACE_SIDE_STYLE('',(#2462));
#1268=EDGE_LOOP('',(#2463,#2464,#2465,#2466,#2467,#2468));
#1269=AXIS2_PLACEMENT_3D('',#2469,#2470,#2471);
#1270=SURFACE_SIDE_STYLE('',(#2472));
#1271=EDGE_LOOP('',(#2473,#2474,#2475,#2476,#2477,#2478,#2479,#2480,#2481,#2482,#2483,#2484));
#1272=AXIS2_PLACEMENT_3D('',#2485,#2486,#2487);
#1273=SURFACE_SIDE_STYLE('',(#2488));
#1274=EDGE_LOOP('',(#2489,#2490,#2491,#2492));
#1275=AXIS2_PLACEMENT_3D('',#2493,#2494,#2495);
#1276=SURFACE_SIDE_STYLE('',(#2496));
#1277=EDGE_LOOP('',(#2497,#2498,#2499,#2500));
#1278=AXIS2_PLACEMENT_3D('',#2501,#2502,#2503);
#1279=SURFACE_SIDE_STYLE('',(#2504));
#1280=EDGE_LOOP('',(#2505,#2506,#2507,#2508,#2509,#2510,#2511,#2512,#2513,#2514,#2515,#2516));
#1281=AXIS2_PLACEMENT_3D('',#2517,#2518,#2519);
#1282=SURFACE_SIDE_STYLE('',(#2520));
#1283=EDGE_LOOP('',(#2521,#2522,#2523,#2524,#2525,#2526));
#1284=AXIS2_PLACEMENT_3D('',#2527,#2528,#2529);
#1285=SURFACE_SIDE_STYLE('',(#2530));
#1286=EDGE_LOOP('',(#2531,#2532,#2533,#2534));
#1287=AXIS2_PLACEMENT_3D('',#2535,#2536,#2537);
#1288=SURFACE_SIDE_STYLE('',(#2538));
#1289=EDGE_LOOP('',(#2539,#2540,#2541,#2542));
#1290=AXIS2_PLACEMENT_3D('',#2543,#2544,#2545);
#1291=SURFACE_SIDE_STYLE('',(#2546));
#1292=EDGE_LOOP('',(#2547,#2548,#2549,#2550));
#1293=AXIS2_PLACEMENT_3D('',#2551,#2552,#2553);
#1294=SURFACE_SIDE_STYLE('',(#2554));
#1295=EDGE_LOOP('',(#2555,#2556,#2557,#2558));
#1296=AXIS2_PLACEMENT_3D('',#2559,#2560,#2561);
#1297=SURFACE_SIDE_STYLE('',(#2562));
#1298=EDGE_LOOP('',(#2563,#2564,#2565,#2566));
#1299=AXIS2_PLACEMENT_3D('',#2567,#2568,#2569);
#1300=SURFACE_SIDE_STYLE('',(#2570));
#1301=EDGE_LOOP('',(#2571,#2572,#2573,#2574));
#1302=AXIS2_PLACEMENT_3D('',#2575,#2576,#2577);
#1303=SURFACE_SIDE_STYLE('',(#2578));
#1304=EDGE_LOOP('',(#2579,#2580,#2581,#2582));
#1305=AXIS2_PLACEMENT_3D('',#2583,#2584,#2585);
#1306=SURFACE_SIDE_STYLE('',(#2586));
#1307=EDGE_LOOP('',(#2587,#2588,#2589,#2590));
#1308=AXIS2_PLACEMENT_3D('',#2591,#2592,#2593);
#1310=SURFACE_STYLE_FILL_AREA(#2594);
#1311=ORIENTED_EDGE('',*,*,#2595,.T.);
#1312=ORIENTED_EDGE('',*,*,#2596,.T.);
#1313=ORIENTED_EDGE('',*,*,#2597,.T.);
#1314=ORIENTED_EDGE('',*,*,#2598,.F.);
#1315=CARTESIAN_POINT('',(0.0,17.608153125,0.0));
#1316=DIRECTION('',(0.0,-1.0,-0.0));
#1317=DIRECTION('',(1.0,0.0,0.0));
#1318=SURFACE_STYLE_FILL_AREA(#2599);
#1319=ORIENTED_EDGE('',*,*,#2600,.F.);
#1320=ORIENTED_EDGE('',*,*,#2601,.T.);
#1321=ORIENTED_EDGE('',*,*,#2595,.F.);
#1322=ORIENTED_EDGE('',*,*,#2602,.F.);
#1323=CARTESIAN_POINT('',(0.0,17.608153125,0.0));
#1324=DIRECTION('',(0.0,-1.0,-0.0));
#1325=DIRECTION('',(1.0,0.0,0.0));
#1326=SURFACE_STYLE_FILL_AREA(#2603);
#1327=ORIENTED_EDGE('',*,*,#2604,.F.);
#1328=ORIENTED_EDGE('',*,*,#2605,.F.);
#1329=ORIENTED_EDGE('',*,*,#2606,.F.);
#1330=ORIENTED_EDGE('',*,*,#2607,.T.);
#1331=CARTESIAN_POINT('',(0.0,17.53,0.0));
#1332=DIRECTION('',(-0.0,1.0,0.0));
#1333=DIRECTION('',(1.0,0.0,0.0));
#1334=SURFACE_STYLE_FILL_AREA(#2608);
#1335=ORIENTED_EDGE('',*,*,#2609,.F.);
#1336=ORIENTED_EDGE('',*,*,#2610,.F.);
#1337=ORIENTED_EDGE('',*,*,#2611,.F.);
#1338=ORIENTED_EDGE('',*,*,#2601,.F.);
#1339=CARTESIAN_POINT('',(0.0,12.663153125,0.0));
#1340=DIRECTION('',(-0.0,1.0,0.0));
#1341=DIRECTION('',(1.0,0.0,0.0));
#1342=SURFACE_STYLE_FILL_AREA(#2612);
#1343=ORIENTED_EDGE('',*,*,#2613,.F.);
#1344=ORIENTED_EDGE('',*,*,#2614,.F.);
#1345=ORIENTED_EDGE('',*,*,#2615,.F.);
#1346=ORIENTED_EDGE('',*,*,#2616,.F.);
#1347=ORIENTED_EDGE('',*,*,#2617,.F.);
#1348=CARTESIAN_POINT('',(0.0,21.7451829739307,0.312382834658334));
#1349=DIRECTION('',(-0.0,0.998026728428272,0.0627905195293134));
#1350=DIRECTION('',(1.0,0.0,0.0));
#1351=SURFACE_STYLE_FILL_AREA(#2618);
#1352=ORIENTED_EDGE('',*,*,#2619,.F.);
#1353=ORIENTED_EDGE('',*,*,#2620,.F.);
#1354=ORIENTED_EDGE('',*,*,#2621,.F.);
#1355=ORIENTED_EDGE('',*,*,#2622,.F.);
#1356=ORIENTED_EDGE('',*,*,#2623,.F.);
#1357=ORIENTED_EDGE('',*,*,#2624,.F.);
#1358=CARTESIAN_POINT('',(0.0,0.25,4.7));
#1359=DIRECTION('',(1.0,0.0,0.0));
#1360=DIRECTION('',(0.0,0.0,-1.0));
#1361=SURFACE_STYLE_FILL_AREA(#2625);
#1362=ORIENTED_EDGE('',*,*,#2626,.F.);
#1363=ORIENTED_EDGE('',*,*,#2627,.T.);
#1364=ORIENTED_EDGE('',*,*,#2628,.F.);
#1365=ORIENTED_EDGE('',*,*,#2629,.F.);
#1366=CARTESIAN_POINT('',(1.38762511778388E-16,-2.50461206896552,3.7));
#1367=DIRECTION('',(0.0,0.0,1.0));
#1368=DIRECTION('',(1.0,0.0,0.0));
#1369=SURFACE_STYLE_FILL_AREA(#2630);
#1370=ORIENTED_EDGE('',*,*,#2631,.F.);
#1371=ORIENTED_EDGE('',*,*,#2629,.T.);
#1372=ORIENTED_EDGE('',*,*,#2632,.F.);
#1373=ORIENTED_EDGE('',*,*,#2633,.F.);
#1374=CARTESIAN_POINT('',(0.595,-2.27,3.7));
#1375=DIRECTION('',(1.0,0.0,0.0));
#1376=DIRECTION('',(0.0,1.0,0.0));
#1377=SURFACE_STYLE_FILL_AREA(#2634);
#1378=ORIENTED_EDGE('',*,*,#2635,.F.);
#1379=ORIENTED_EDGE('',*,*,#2633,.T.);
#1380=ORIENTED_EDGE('',*,*,#2636,.F.);
#1381=ORIENTED_EDGE('',*,*,#2637,.F.);
#1382=CARTESIAN_POINT('',(1.38762511778388E-16,-2.03538793103448,3.7));
#1383=DIRECTION('',(0.0,0.0,1.0));
#1384=DIRECTION('',(1.0,0.0,0.0));
#1385=SURFACE_STYLE_FILL_AREA(#2638);
#1386=ORIENTED_EDGE('',*,*,#2639,.F.);
#1387=ORIENTED_EDGE('',*,*,#2637,.T.);
#1388=ORIENTED_EDGE('',*,*,#2640,.F.);
#1389=ORIENTED_EDGE('',*,*,#2627,.F.);
#1390=CARTESIAN_POINT('',(-0.595,-2.27,3.7));
#1391=DIRECTION('',(-1.0,-0.0,0.0));
#1392=DIRECTION('',(0.0,-1.0,-0.0));
#1393=SURFACE_STYLE_FILL_AREA(#2641);
#1394=ORIENTED_EDGE('',*,*,#2635,.T.);
#1395=ORIENTED_EDGE('',*,*,#2639,.T.);
#1396=ORIENTED_EDGE('',*,*,#2626,.T.);
#1397=ORIENTED_EDGE('',*,*,#2631,.T.);
#1398=ORIENTED_EDGE('',*,*,#2622,.T.);
#1399=ORIENTED_EDGE('',*,*,#2642,.T.);
#1400=ORIENTED_EDGE('',*,*,#2643,.F.);
#1401=ORIENTED_EDGE('',*,*,#2644,.T.);
#1402=CARTESIAN_POINT('',(1.00816244543398E-16,-0.96,4.32));
#1403=DIRECTION('',(0.0,0.0,1.0));
#1404=DIRECTION('',(1.0,0.0,0.0));
#1405=SURFACE_STYLE_FILL_AREA(#2645);
#1406=ORIENTED_EDGE('',*,*,#2621,.T.);
#1407=ORIENTED_EDGE('',*,*,#2646,.T.);
#1408=ORIENTED_EDGE('',*,*,#2647,.F.);
#1409=ORIENTED_EDGE('',*,*,#2642,.F.);
#1410=CARTESIAN_POINT('',(1.015,-0.96,4.32));
#1411=DIRECTION('',(1.0,0.0,0.0));
#1412=DIRECTION('',(0.0,1.0,0.0));
#1413=SURFACE_STYLE_FILL_AREA(#2648);
#1414=ORIENTED_EDGE('',*,*,#2636,.T.);
#1415=ORIENTED_EDGE('',*,*,#2632,.T.);
#1416=ORIENTED_EDGE('',*,*,#2628,.T.);
#1417=ORIENTED_EDGE('',*,*,#2640,.T.);
#1418=ORIENTED_EDGE('',*,*,#2620,.T.);
#1419=ORIENTED_EDGE('',*,*,#2649,.F.);
#1420=ORIENTED_EDGE('',*,*,#2650,.F.);
#1421=ORIENTED_EDGE('',*,*,#2646,.F.);
#1422=CARTESIAN_POINT('',(1.00816244543398E-16,-0.96,5.08));
#1423=DIRECTION('',(0.0,0.0,1.0));
#1424=DIRECTION('',(1.0,0.0,0.0));
#1425=SURFACE_STYLE_FILL_AREA(#2651);
#1426=ORIENTED_EDGE('',*,*,#2619,.T.);
#1427=ORIENTED_EDGE('',*,*,#2644,.F.);
#1428=ORIENTED_EDGE('',*,*,#2652,.T.);
#1429=ORIENTED_EDGE('',*,*,#2649,.T.);
#1430=CARTESIAN_POINT('',(-1.015,-0.96,4.32));
#1431=DIRECTION('',(-1.0,-3.70074341541719E-17,0.0));
#1432=DIRECTION('',(3.70074341541719E-17,-1.0,0.0));
#1433=SURFACE_STYLE_FILL_AREA(#2653);
#1434=ORIENTED_EDGE('',*,*,#2650,.T.);
#1435=ORIENTED_EDGE('',*,*,#2652,.F.);
#1436=ORIENTED_EDGE('',*,*,#2643,.T.);
#1437=ORIENTED_EDGE('',*,*,#2647,.T.);
#1438=CARTESIAN_POINT('',(2.22044604925031E-16,-3.96,4.32));
#1439=DIRECTION('',(0.0,-1.0,0.0));
#1440=DIRECTION('',(1.0,0.0,0.0));
#1441=SURFACE_STYLE_FILL_AREA(#2654);
#1442=ORIENTED_EDGE('',*,*,#2655,.F.);
#1443=ORIENTED_EDGE('',*,*,#2656,.F.);
#1444=ORIENTED_EDGE('',*,*,#2657,.F.);
#1445=ORIENTED_EDGE('',*,*,#2658,.F.);
#1446=ORIENTED_EDGE('',*,*,#2659,.F.);
#1447=ORIENTED_EDGE('',*,*,#2660,.F.);
#1448=CARTESIAN_POINT('',(0.0,0.25,-4.7));
#1449=DIRECTION('',(1.0,0.0,0.0));
#1450=DIRECTION('',(0.0,0.0,-1.0));
#1451=SURFACE_STYLE_FILL_AREA(#2661);
#1452=ORIENTED_EDGE('',*,*,#2662,.F.);
#1453=ORIENTED_EDGE('',*,*,#2663,.T.);
#1454=ORIENTED_EDGE('',*,*,#2664,.F.);
#1455=ORIENTED_EDGE('',*,*,#2665,.F.);
#1456=CARTESIAN_POINT('',(1.38762511778388E-16,-2.50461206896552,-5.7));
#1457=DIRECTION('',(0.0,0.0,1.0));
#1458=DIRECTION('',(1.0,0.0,0.0));
#1459=SURFACE_STYLE_FILL_AREA(#2666);
#1460=ORIENTED_EDGE('',*,*,#2667,.F.);
#1461=ORIENTED_EDGE('',*,*,#2665,.T.);
#1462=ORIENTED_EDGE('',*,*,#2668,.F.);
#1463=ORIENTED_EDGE('',*,*,#2669,.F.);
#1464=CARTESIAN_POINT('',(0.595,-2.27,-5.7));
#1465=DIRECTION('',(1.0,0.0,0.0));
#1466=DIRECTION('',(0.0,1.0,0.0));
#1467=SURFACE_STYLE_FILL_AREA(#2670);
#1468=ORIENTED_EDGE('',*,*,#2671,.F.);
#1469=ORIENTED_EDGE('',*,*,#2669,.T.);
#1470=ORIENTED_EDGE('',*,*,#2672,.F.);
#1471=ORIENTED_EDGE('',*,*,#2673,.F.);
#1472=CARTESIAN_POINT('',(1.38762511778388E-16,-2.03538793103448,-5.7));
#1473=DIRECTION('',(0.0,0.0,1.0));
#1474=DIRECTION('',(1.0,0.0,0.0));
#1475=SURFACE_STYLE_FILL_AREA(#2674);
#1476=ORIENTED_EDGE('',*,*,#2675,.F.);
#1477=ORIENTED_EDGE('',*,*,#2673,.T.);
#1478=ORIENTED_EDGE('',*,*,#2676,.F.);
#1479=ORIENTED_EDGE('',*,*,#2663,.F.);
#1480=CARTESIAN_POINT('',(-0.595,-2.27,-5.7));
#1481=DIRECTION('',(-1.0,-0.0,0.0));
#1482=DIRECTION('',(0.0,-1.0,-0.0));
#1483=SURFACE_STYLE_FILL_AREA(#2677);
#1484=ORIENTED_EDGE('',*,*,#2671,.T.);
#1485=ORIENTED_EDGE('',*,*,#2675,.T.);
#1486=ORIENTED_EDGE('',*,*,#2662,.T.);
#1487=ORIENTED_EDGE('',*,*,#2667,.T.);
#1488=ORIENTED_EDGE('',*,*,#2658,.T.);
#1489=ORIENTED_EDGE('',*,*,#2678,.T.);
#1490=ORIENTED_EDGE('',*,*,#2679,.F.);
#1491=ORIENTED_EDGE('',*,*,#2680,.T.);
#1492=CARTESIAN_POINT('',(1.00816244543398E-16,-0.96,-5.08));
#1493=DIRECTION('',(0.0,0.0,1.0));
#1494=DIRECTION('',(1.0,0.0,0.0));
#1495=SURFACE_STYLE_FILL_AREA(#2681);
#1496=ORIENTED_EDGE('',*,*,#2657,.T.);
#1497=ORIENTED_EDGE('',*,*,#2682,.T.);
#1498=ORIENTED_EDGE('',*,*,#2683,.F.);
#1499=ORIENTED_EDGE('',*,*,#2678,.F.);
#1500=CARTESIAN_POINT('',(1.015,-0.96,-5.08));
#1501=DIRECTION('',(1.0,0.0,0.0));
#1502=DIRECTION('',(0.0,1.0,0.0));
#1503=SURFACE_STYLE_FILL_AREA(#2684);
#1504=ORIENTED_EDGE('',*,*,#2672,.T.);
#1505=ORIENTED_EDGE('',*,*,#2668,.T.);
#1506=ORIENTED_EDGE('',*,*,#2664,.T.);
#1507=ORIENTED_EDGE('',*,*,#2676,.T.);
#1508=ORIENTED_EDGE('',*,*,#2656,.T.);
#1509=ORIENTED_EDGE('',*,*,#2685,.F.);
#1510=ORIENTED_EDGE('',*,*,#2686,.F.);
#1511=ORIENTED_EDGE('',*,*,#2682,.F.);
#1512=CARTESIAN_POINT('',(1.00816244543398E-16,-0.96,-4.32));
#1513=DIRECTION('',(0.0,0.0,1.0));
#1514=DIRECTION('',(1.0,0.0,0.0));
#1515=SURFACE_STYLE_FILL_AREA(#2687);
#1516=ORIENTED_EDGE('',*,*,#2655,.T.);
#1517=ORIENTED_EDGE('',*,*,#2680,.F.);
#1518=ORIENTED_EDGE('',*,*,#2688,.T.);
#1519=ORIENTED_EDGE('',*,*,#2685,.T.);
#1520=CARTESIAN_POINT('',(-1.015,-0.96,-5.08));
#1521=DIRECTION('',(-1.0,-3.70074341541719E-17,0.0));
#1522=DIRECTION('',(3.70074341541719E-17,-1.0,0.0));
#1523=SURFACE_STYLE_FILL_AREA(#2689);
#1524=ORIENTED_EDGE('',*,*,#2686,.T.);
#1525=ORIENTED_EDGE('',*,*,#2688,.F.);
#1526=ORIENTED_EDGE('',*,*,#2679,.T.);
#1527=ORIENTED_EDGE('',*,*,#2683,.T.);
#1528=CARTESIAN_POINT('',(2.22044604925031E-16,-3.96,-5.08));
#1529=DIRECTION('',(0.0,-1.0,0.0));
#1530=DIRECTION('',(1.0,0.0,0.0));
#1531=SURFACE_STYLE_FILL_AREA(#2690);
#1532=ORIENTED_EDGE('',*,*,#2691,.F.);
#1533=ORIENTED_EDGE('',*,*,#2692,.F.);
#1534=ORIENTED_EDGE('',*,*,#2693,.F.);
#1535=ORIENTED_EDGE('',*,*,#2694,.F.);
#1536=ORIENTED_EDGE('',*,*,#2695,.F.);
#1537=ORIENTED_EDGE('',*,*,#2696,.F.);
#1538=CARTESIAN_POINT('',(0.0,0.25,0.0));
#1539=DIRECTION('',(1.0,0.0,0.0));
#1540=DIRECTION('',(0.0,0.0,-1.0));
#1541=SURFACE_STYLE_FILL_AREA(#2697);
#1542=ORIENTED_EDGE('',*,*,#2698,.F.);
#1543=ORIENTED_EDGE('',*,*,#2699,.T.);
#1544=ORIENTED_EDGE('',*,*,#2700,.F.);
#1545=ORIENTED_EDGE('',*,*,#2701,.F.);
#1546=CARTESIAN_POINT('',(1.38762511778388E-16,-2.50461206896552,-1.0));
#1547=DIRECTION('',(0.0,0.0,1.0));
#1548=DIRECTION('',(1.0,0.0,0.0));
#1549=SURFACE_STYLE_FILL_AREA(#2702);
#1550=ORIENTED_EDGE('',*,*,#2703,.F.);
#1551=ORIENTED_EDGE('',*,*,#2701,.T.);
#1552=ORIENTED_EDGE('',*,*,#2704,.F.);
#1553=ORIENTED_EDGE('',*,*,#2705,.F.);
#1554=CARTESIAN_POINT('',(0.595,-2.27,-1.0));
#1555=DIRECTION('',(1.0,0.0,0.0));
#1556=DIRECTION('',(0.0,1.0,0.0));
#1557=SURFACE_STYLE_FILL_AREA(#2706);
#1558=ORIENTED_EDGE('',*,*,#2707,.F.);
#1559=ORIENTED_EDGE('',*,*,#2705,.T.);
#1560=ORIENTED_EDGE('',*,*,#2708,.F.);
#1561=ORIENTED_EDGE('',*,*,#2709,.F.);
#1562=CARTESIAN_POINT('',(1.38762511778388E-16,-2.03538793103448,-1.0));
#1563=DIRECTION('',(0.0,0.0,1.0));
#1564=DIRECTION('',(1.0,0.0,0.0));
#1565=SURFACE_STYLE_FILL_AREA(#2710);
#1566=ORIENTED_EDGE('',*,*,#2711,.F.);
#1567=ORIENTED_EDGE('',*,*,#2709,.T.);
#1568=ORIENTED_EDGE('',*,*,#2712,.F.);
#1569=ORIENTED_EDGE('',*,*,#2699,.F.);
#1570=CARTESIAN_POINT('',(-0.595,-2.27,-1.0));
#1571=DIRECTION('',(-1.0,-0.0,0.0));
#1572=DIRECTION('',(0.0,-1.0,-0.0));
#1573=SURFACE_STYLE_FILL_AREA(#2713);
#1574=ORIENTED_EDGE('',*,*,#2707,.T.);
#1575=ORIENTED_EDGE('',*,*,#2711,.T.);
#1576=ORIENTED_EDGE('',*,*,#2698,.T.);
#1577=ORIENTED_EDGE('',*,*,#2703,.T.);
#1578=ORIENTED_EDGE('',*,*,#2694,.T.);
#1579=ORIENTED_EDGE('',*,*,#2714,.T.);
#1580=ORIENTED_EDGE('',*,*,#2715,.F.);
#1581=ORIENTED_EDGE('',*,*,#2716,.T.);
#1582=CARTESIAN_POINT('',(1.00816244543398E-16,-0.96,-0.38));
#1583=DIRECTION('',(0.0,0.0,1.0));
#1584=DIRECTION('',(1.0,0.0,0.0));
#1585=SURFACE_STYLE_FILL_AREA(#2717);
#1586=ORIENTED_EDGE('',*,*,#2693,.T.);
#1587=ORIENTED_EDGE('',*,*,#2718,.T.);
#1588=ORIENTED_EDGE('',*,*,#2719,.F.);
#1589=ORIENTED_EDGE('',*,*,#2714,.F.);
#1590=CARTESIAN_POINT('',(1.015,-0.96,-0.38));
#1591=DIRECTION('',(1.0,0.0,0.0));
#1592=DIRECTION('',(0.0,1.0,0.0));
#1593=SURFACE_STYLE_FILL_AREA(#2720);
#1594=ORIENTED_EDGE('',*,*,#2708,.T.);
#1595=ORIENTED_EDGE('',*,*,#2704,.T.);
#1596=ORIENTED_EDGE('',*,*,#2700,.T.);
#1597=ORIENTED_EDGE('',*,*,#2712,.T.);
#1598=ORIENTED_EDGE('',*,*,#2692,.T.);
#1599=ORIENTED_EDGE('',*,*,#2721,.F.);
#1600=ORIENTED_EDGE('',*,*,#2722,.F.);
#1601=ORIENTED_EDGE('',*,*,#2718,.F.);
#1602=CARTESIAN_POINT('',(1.00816244543398E-16,-0.96,0.38));
#1603=DIRECTION('',(0.0,0.0,1.0));
#1604=DIRECTION('',(1.0,0.0,0.0));
#1605=SURFACE_STYLE_FILL_AREA(#2723);
#1606=ORIENTED_EDGE('',*,*,#2691,.T.);
#1607=ORIENTED_EDGE('',*,*,#2716,.F.);
#1608=ORIENTED_EDGE('',*,*,#2724,.T.);
#1609=ORIENTED_EDGE('',*,*,#2721,.T.);
#1610=CARTESIAN_POINT('',(-1.015,-0.96,-0.38));
#1611=DIRECTION('',(-1.0,-3.70074341541719E-17,0.0));
#1612=DIRECTION('',(3.70074341541719E-17,-1.0,0.0));
#1613=SURFACE_STYLE_FILL_AREA(#2725);
#1614=ORIENTED_EDGE('',*,*,#2722,.T.);
#1615=ORIENTED_EDGE('',*,*,#2724,.F.);
#1616=ORIENTED_EDGE('',*,*,#2715,.T.);
#1617=ORIENTED_EDGE('',*,*,#2719,.T.);
#1618=CARTESIAN_POINT('',(2.22044604925031E-16,-3.96,-0.38));
#1619=DIRECTION('',(0.0,-1.0,0.0));
#1620=DIRECTION('',(1.0,0.0,0.0));
#1621=SURFACE_STYLE_FILL_AREA(#2726);
#1622=ORIENTED_EDGE('',*,*,#2613,.T.);
#1623=ORIENTED_EDGE('',*,*,#2727,.F.);
#1624=ORIENTED_EDGE('',*,*,#2728,.F.);
#1625=ORIENTED_EDGE('',*,*,#2615,.T.);
#1626=ORIENTED_EDGE('',*,*,#2729,.F.);
#1627=ORIENTED_EDGE('',*,*,#2730,.F.);
#1628=CARTESIAN_POINT('',(0.0,21.7451829739307,0.312382834658334));
#1629=DIRECTION('',(-0.0,0.998026728428272,0.0627905195293134));
#1630=DIRECTION('',(1.0,0.0,0.0));
#1631=SURFACE_STYLE_FILL_AREA(#2731);
#1632=ORIENTED_EDGE('',*,*,#2617,.T.);
#1633=ORIENTED_EDGE('',*,*,#2616,.T.);
#1634=ORIENTED_EDGE('',*,*,#2728,.T.);
#1635=ORIENTED_EDGE('',*,*,#2727,.T.);
#1636=CARTESIAN_POINT('',(0.0,26.7103659478613,0.624765669316668));
#1637=DIRECTION('',(0.0,-0.0627905195293134,0.998026728428272));
#1638=DIRECTION('',(1.0,0.0,0.0));
#1639=SURFACE_STYLE_FILL_AREA(#2732);
#1640=ORIENTED_EDGE('',*,*,#2609,.T.);
#1641=ORIENTED_EDGE('',*,*,#2733,.F.);
#1642=ORIENTED_EDGE('',*,*,#2734,.T.);
#1643=ORIENTED_EDGE('',*,*,#2735,.T.);
#1644=ORIENTED_EDGE('',*,*,#2736,.T.);
#1645=ORIENTED_EDGE('',*,*,#2596,.F.);
#1646=ORIENTED_EDGE('',*,*,#2611,.T.);
#1647=ORIENTED_EDGE('',*,*,#2737,.F.);
#1648=CARTESIAN_POINT('',(0.0,12.663153125,0.0));
#1649=DIRECTION('',(-0.0,1.0,0.0));
#1650=DIRECTION('',(1.0,0.0,0.0));
#1651=SURFACE_STYLE_FILL_AREA(#2738);
#1652=ORIENTED_EDGE('',*,*,#2739,.F.);
#1653=ORIENTED_EDGE('',*,*,#2740,.F.);
#1654=ORIENTED_EDGE('',*,*,#2741,.F.);
#1655=ORIENTED_EDGE('',*,*,#2742,.F.);
#1656=CARTESIAN_POINT('',(0.0,16.4,2.47));
#1657=DIRECTION('',(0.0,0.0,1.0));
#1658=DIRECTION('',(1.0,0.0,0.0));
#1659=SURFACE_STYLE_FILL_AREA(#2743);
#1660=ORIENTED_EDGE('',*,*,#2744,.F.);
#1661=ORIENTED_EDGE('',*,*,#2742,.T.);
#1662=ORIENTED_EDGE('',*,*,#2745,.F.);
#1663=ORIENTED_EDGE('',*,*,#2734,.F.);
#1664=ORIENTED_EDGE('',*,*,#2746,.F.);
#1665=CARTESIAN_POINT('',(0.51,16.4,2.97));
#1666=DIRECTION('',(-1.0,0.0,0.0));
#1667=DIRECTION('',(0.0,0.0,1.0));
#1668=SURFACE_STYLE_FILL_AREA(#2747);
#1669=ORIENTED_EDGE('',*,*,#2735,.F.);
#1670=ORIENTED_EDGE('',*,*,#2745,.T.);
#1671=ORIENTED_EDGE('',*,*,#2741,.T.);
#1672=ORIENTED_EDGE('',*,*,#2748,.F.);
#1673=CARTESIAN_POINT('',(0.0,8.9,2.97));
#1674=DIRECTION('',(0.0,1.0,0.0));
#1675=DIRECTION('',(0.0,0.0,1.0));
#1676=SURFACE_STYLE_FILL_AREA(#2749);
#1677=ORIENTED_EDGE('',*,*,#2750,.F.);
#1678=ORIENTED_EDGE('',*,*,#2597,.F.);
#1679=ORIENTED_EDGE('',*,*,#2736,.F.);
#1680=ORIENTED_EDGE('',*,*,#2748,.T.);
#1681=ORIENTED_EDGE('',*,*,#2740,.T.);
#1682=CARTESIAN_POINT('',(-0.51,16.4,2.97));
#1683=DIRECTION('',(1.0,0.0,0.0));
#1684=DIRECTION('',(0.0,0.0,-1.0));
#1685=SURFACE_STYLE_FILL_AREA(#2751);
#1686=ORIENTED_EDGE('',*,*,#2750,.T.);
#1687=ORIENTED_EDGE('',*,*,#2739,.T.);
#1688=ORIENTED_EDGE('',*,*,#2744,.T.);
#1689=ORIENTED_EDGE('',*,*,#2752,.T.);
#1690=ORIENTED_EDGE('',*,*,#2602,.T.);
#1691=ORIENTED_EDGE('',*,*,#2598,.T.);
#1692=ORIENTED_EDGE('',*,*,#2753,.F.);
#1693=ORIENTED_EDGE('',*,*,#2607,.F.);
#1694=CARTESIAN_POINT('',(2.628153125,17.78,0.0));
#1695=DIRECTION('',(-0.0,1.0,0.0));
#1696=DIRECTION('',(1.0,0.0,0.0));
#1697=SURFACE_STYLE_FILL_AREA(#2754);
#1698=ORIENTED_EDGE('',*,*,#2604,.T.);
#1699=ORIENTED_EDGE('',*,*,#2753,.T.);
#1700=ORIENTED_EDGE('',*,*,#2606,.T.);
#1701=ORIENTED_EDGE('',*,*,#2755,.F.);
#1702=CARTESIAN_POINT('',(0.0,17.53,0.0));
#1703=DIRECTION('',(-0.0,1.0,0.0));
#1704=DIRECTION('',(1.0,0.0,0.0));
#1705=SURFACE_STYLE_FILL_AREA(#2756);
#1706=ORIENTED_EDGE('',*,*,#2729,.T.);
#1707=ORIENTED_EDGE('',*,*,#2614,.T.);
#1708=ORIENTED_EDGE('',*,*,#2730,.T.);
#1709=ORIENTED_EDGE('',*,*,#2755,.T.);
#1710=ORIENTED_EDGE('',*,*,#2605,.T.);
#1711=CARTESIAN_POINT('',(1.2125,17.28,0.0));
#1712=DIRECTION('',(-0.0,1.0,0.0));
#1713=DIRECTION('',(1.0,0.0,0.0));
#1714=SURFACE_STYLE_FILL_AREA(#2757);
#1715=ORIENTED_EDGE('',*,*,#2600,.T.);
#1716=ORIENTED_EDGE('',*,*,#2752,.F.);
#1717=ORIENTED_EDGE('',*,*,#2746,.T.);
#1718=ORIENTED_EDGE('',*,*,#2733,.T.);
#1719=CARTESIAN_POINT('',(0.0,17.608153125,0.0));
#1720=DIRECTION('',(0.0,-1.0,-0.0));
#1721=DIRECTION('',(1.0,0.0,0.0));
#1722=SURFACE_STYLE_FILL_AREA(#2758);
#1723=ORIENTED_EDGE('',*,*,#2759,.F.);
#1724=ORIENTED_EDGE('',*,*,#2760,.F.);
#1725=ORIENTED_EDGE('',*,*,#2761,.T.);
#1726=ORIENTED_EDGE('',*,*,#2762,.T.);
#1727=ORIENTED_EDGE('',*,*,#2763,.F.);
#1728=ORIENTED_EDGE('',*,*,#2764,.F.);
#1729=ORIENTED_EDGE('',*,*,#2765,.F.);
#1730=ORIENTED_EDGE('',*,*,#2766,.T.);
#1731=ORIENTED_EDGE('',*,*,#2767,.T.);
#1732=ORIENTED_EDGE('',*,*,#2768,.T.);
#1733=ORIENTED_EDGE('',*,*,#2769,.T.);
#1734=ORIENTED_EDGE('',*,*,#2770,.T.);
#1735=CARTESIAN_POINT('',(-3.425,8.74,-8.88178419700125E-16));
#1736=DIRECTION('',(-1.0,4.65213402948114E-33,-7.59776235842708E-17));
#1737=DIRECTION('',(-7.59776235842708E-17,-6.12303176911189E-17,1.0));
#1738=SURFACE_STYLE_FILL_AREA(#2771);
#1739=ORIENTED_EDGE('',*,*,#2772,.F.);
#1740=ORIENTED_EDGE('',*,*,#2773,.T.);
#1741=ORIENTED_EDGE('',*,*,#2774,.T.);
#1742=ORIENTED_EDGE('',*,*,#2761,.F.);
#1743=CARTESIAN_POINT('',(-2.925,8.74,5.845));
#1744=DIRECTION('',(-0.0,1.0,6.12303176911189E-17));
#1745=DIRECTION('',(1.0,0.0,0.0));
#1746=SURFACE_STYLE_FILL_AREA(#2775);
#1747=ORIENTED_EDGE('',*,*,#2776,.F.);
#1748=ORIENTED_EDGE('',*,*,#2777,.T.);
#1749=ORIENTED_EDGE('',*,*,#2778,.T.);
#1750=ORIENTED_EDGE('',*,*,#2773,.F.);
#1751=CARTESIAN_POINT('',(0.0,8.74,6.345));
#1752=DIRECTION('',(0.0,-6.12303176911189E-17,1.0));
#1753=DIRECTION('',(1.0,0.0,0.0));
#1754=SURFACE_STYLE_FILL_AREA(#2779);
#1755=ORIENTED_EDGE('',*,*,#2780,.F.);
#1756=ORIENTED_EDGE('',*,*,#2781,.T.);
#1757=ORIENTED_EDGE('',*,*,#2782,.T.);
#1758=ORIENTED_EDGE('',*,*,#2777,.F.);
#1759=CARTESIAN_POINT('',(2.925,8.74,5.845));
#1760=DIRECTION('',(-0.0,1.0,6.12303176911189E-17));
#1761=DIRECTION('',(1.0,0.0,0.0));
#1762=SURFACE_STYLE_FILL_AREA(#2783);
#1763=ORIENTED_EDGE('',*,*,#2784,.F.);
#1764=ORIENTED_EDGE('',*,*,#2785,.F.);
#1765=ORIENTED_EDGE('',*,*,#2786,.T.);
#1766=ORIENTED_EDGE('',*,*,#2787,.T.);
#1767=ORIENTED_EDGE('',*,*,#2788,.T.);
#1768=ORIENTED_EDGE('',*,*,#2789,.T.);
#1769=ORIENTED_EDGE('',*,*,#2790,.T.);
#1770=ORIENTED_EDGE('',*,*,#2791,.F.);
#1771=ORIENTED_EDGE('',*,*,#2792,.F.);
#1772=ORIENTED_EDGE('',*,*,#2793,.T.);
#1773=ORIENTED_EDGE('',*,*,#2794,.T.);
#1774=ORIENTED_EDGE('',*,*,#2781,.F.);
#1775=CARTESIAN_POINT('',(3.425,8.74,0.0));
#1776=DIRECTION('',(1.0,-4.65213402948114E-33,7.59776235842708E-17));
#1777=DIRECTION('',(7.59776235842708E-17,6.12303176911189E-17,-1.0));
#1778=SURFACE_STYLE_FILL_AREA(#2795);
#1779=ORIENTED_EDGE('',*,*,#2796,.F.);
#1780=ORIENTED_EDGE('',*,*,#2797,.F.);
#1781=ORIENTED_EDGE('',*,*,#2798,.F.);
#1782=ORIENTED_EDGE('',*,*,#2790,.F.);
#1783=ORIENTED_EDGE('',*,*,#2799,.T.);
#1784=ORIENTED_EDGE('',*,*,#2800,.T.);
#1785=ORIENTED_EDGE('',*,*,#2801,.T.);
#1786=ORIENTED_EDGE('',*,*,#2786,.F.);
#1787=CARTESIAN_POINT('',(7.35522753814166E-16,8.74,-8.88178419700125E-16));
#1788=DIRECTION('',(-0.0,1.0,6.12303176911189E-17));
#1789=DIRECTION('',(1.0,0.0,0.0));
#1790=SURFACE_STYLE_FILL_AREA(#2802);
#1791=ORIENTED_EDGE('',*,*,#2803,.F.);
#1792=ORIENTED_EDGE('',*,*,#2804,.F.);
#1793=ORIENTED_EDGE('',*,*,#2805,.F.);
#1794=ORIENTED_EDGE('',*,*,#2806,.T.);
#1795=ORIENTED_EDGE('',*,*,#2807,.T.);
#1796=ORIENTED_EDGE('',*,*,#2808,.T.);
#1797=ORIENTED_EDGE('',*,*,#2809,.T.);
#1798=CARTESIAN_POINT('',(-2.98603108251557,0.329908639905185,3.05));
#1799=DIRECTION('',(1.22460635382238E-16,0.0,-1.0));
#1800=DIRECTION('',(-6.12303176911189E-17,-1.0,-7.49830360911069E-33));
#1801=SURFACE_STYLE_FILL_AREA(#2810);
#1802=ORIENTED_EDGE('',*,*,#2811,.F.);
#1803=ORIENTED_EDGE('',*,*,#2812,.T.);
#1804=ORIENTED_EDGE('',*,*,#2813,.F.);
#1805=ORIENTED_EDGE('',*,*,#2804,.T.);
#1806=CARTESIAN_POINT('',(-3.42,0.625,3.05));
#1807=DIRECTION('',(-1.0,6.12303176911189E-17,-1.22460635382238E-16));
#1808=DIRECTION('',(6.12303176911189E-17,1.0,7.49830360911069E-33));
#1809=SURFACE_STYLE_FILL_AREA(#2814);
#1810=ORIENTED_EDGE('',*,*,#2815,.T.);
#1811=ORIENTED_EDGE('',*,*,#2816,.F.);
#1812=ORIENTED_EDGE('',*,*,#2805,.T.);
#1813=ORIENTED_EDGE('',*,*,#2813,.T.);
#1814=CARTESIAN_POINT('',(-3.17,0.25,3.05));
#1815=DIRECTION('',(1.22460635382238E-16,0.0,-1.0));
#1816=DIRECTION('',(-6.12303176911189E-17,-1.0,-7.49830360911069E-33));
#1817=SURFACE_STYLE_FILL_AREA(#2817);
#1818=ORIENTED_EDGE('',*,*,#2818,.T.);
#1819=ORIENTED_EDGE('',*,*,#2819,.F.);
#1820=ORIENTED_EDGE('',*,*,#2806,.F.);
#1821=ORIENTED_EDGE('',*,*,#2816,.T.);
#1822=CARTESIAN_POINT('',(-2.695,-4.43919803260612E-17,3.05));
#1823=DIRECTION('',(-6.12303176911189E-17,-1.0,-7.49830360911069E-33));
#1824=DIRECTION('',(-1.0,6.12303176911189E-17,-1.22460635382238E-16));
#1825=SURFACE_STYLE_FILL_AREA(#2820);
#1826=ORIENTED_EDGE('',*,*,#2821,.T.);
#1827=ORIENTED_EDGE('',*,*,#2822,.F.);
#1828=ORIENTED_EDGE('',*,*,#2807,.F.);
#1829=ORIENTED_EDGE('',*,*,#2819,.T.);
#1830=CARTESIAN_POINT('',(-2.22,0.0999999999999999,3.05));
#1831=DIRECTION('',(1.0,-6.12303176911189E-17,1.22460635382238E-16));
#1832=DIRECTION('',(-6.12303176911189E-17,-1.0,-7.49830360911069E-33));
#1833=SURFACE_STYLE_FILL_AREA(#2823);
#1834=ORIENTED_EDGE('',*,*,#2824,.T.);
#1835=ORIENTED_EDGE('',*,*,#2825,.F.);
#1836=ORIENTED_EDGE('',*,*,#2808,.F.);
#1837=ORIENTED_EDGE('',*,*,#2822,.T.);
#1838=CARTESIAN_POINT('',(-2.645,0.2,3.05));
#1839=DIRECTION('',(6.12303176911189E-17,1.0,7.49830360911069E-33));
#1840=DIRECTION('',(1.0,-6.12303176911189E-17,1.22460635382238E-16));
#1841=SURFACE_STYLE_FILL_AREA(#2826);
#1842=ORIENTED_EDGE('',*,*,#2827,.T.);
#1843=ORIENTED_EDGE('',*,*,#2828,.F.);
#1844=ORIENTED_EDGE('',*,*,#2809,.F.);
#1845=ORIENTED_EDGE('',*,*,#2825,.T.);
#1846=CARTESIAN_POINT('',(-3.07,0.35,3.05));
#1847=DIRECTION('',(1.22460635382238E-16,0.0,-1.0));
#1848=DIRECTION('',(-6.12303176911189E-17,-1.0,-7.49830360911069E-33));
#1849=SURFACE_STYLE_FILL_AREA(#2829);
#1850=ORIENTED_EDGE('',*,*,#2830,.F.);
#1851=ORIENTED_EDGE('',*,*,#2827,.F.);
#1852=ORIENTED_EDGE('',*,*,#2824,.F.);
#1853=ORIENTED_EDGE('',*,*,#2821,.F.);
#1854=ORIENTED_EDGE('',*,*,#2818,.F.);
#1855=ORIENTED_EDGE('',*,*,#2815,.F.);
#1856=ORIENTED_EDGE('',*,*,#2812,.F.);
#1857=CARTESIAN_POINT('',(-2.98603108251557,0.329908639905185,2.45));
#1858=DIRECTION('',(1.22460635382238E-16,0.0,-1.0));
#1859=DIRECTION('',(-6.12303176911189E-17,-1.0,-7.49830360911069E-33));
#1860=SURFACE_STYLE_FILL_AREA(#2831);
#1861=ORIENTED_EDGE('',*,*,#2832,.F.);
#1862=ORIENTED_EDGE('',*,*,#2833,.F.);
#1863=ORIENTED_EDGE('',*,*,#2834,.F.);
#1864=ORIENTED_EDGE('',*,*,#2835,.T.);
#1865=ORIENTED_EDGE('',*,*,#2836,.T.);
#1866=ORIENTED_EDGE('',*,*,#2837,.T.);
#1867=ORIENTED_EDGE('',*,*,#2838,.T.);
#1868=CARTESIAN_POINT('',(2.98603108251557,0.329908639905185,-3.05));
#1869=DIRECTION('',(0.0,0.0,1.0));
#1870=DIRECTION('',(6.12303176911189E-17,-1.0,0.0));
#1871=SURFACE_STYLE_FILL_AREA(#2839);
#1872=ORIENTED_EDGE('',*,*,#2840,.F.);
#1873=ORIENTED_EDGE('',*,*,#2841,.T.);
#1874=ORIENTED_EDGE('',*,*,#2842,.F.);
#1875=ORIENTED_EDGE('',*,*,#2833,.T.);
#1876=CARTESIAN_POINT('',(3.42,0.625,-3.05));
#1877=DIRECTION('',(1.0,6.12303176911189E-17,0.0));
#1878=DIRECTION('',(-6.12303176911189E-17,1.0,0.0));
#1879=SURFACE_STYLE_FILL_AREA(#2843);
#1880=ORIENTED_EDGE('',*,*,#2844,.T.);
#1881=ORIENTED_EDGE('',*,*,#2845,.F.);
#1882=ORIENTED_EDGE('',*,*,#2834,.T.);
#1883=ORIENTED_EDGE('',*,*,#2842,.T.);
#1884=CARTESIAN_POINT('',(3.17,0.25,-3.05));
#1885=DIRECTION('',(0.0,0.0,1.0));
#1886=DIRECTION('',(6.12303176911189E-17,-1.0,0.0));
#1887=SURFACE_STYLE_FILL_AREA(#2846);
#1888=ORIENTED_EDGE('',*,*,#2847,.T.);
#1889=ORIENTED_EDGE('',*,*,#2848,.F.);
#1890=ORIENTED_EDGE('',*,*,#2835,.F.);
#1891=ORIENTED_EDGE('',*,*,#2845,.T.);
#1892=CARTESIAN_POINT('',(2.695,-4.43919803260612E-17,-3.05));
#1893=DIRECTION('',(6.12303176911189E-17,-1.0,0.0));
#1894=DIRECTION('',(1.0,6.12303176911189E-17,0.0));
#1895=SURFACE_STYLE_FILL_AREA(#2849);
#1896=ORIENTED_EDGE('',*,*,#2850,.T.);
#1897=ORIENTED_EDGE('',*,*,#2851,.F.);
#1898=ORIENTED_EDGE('',*,*,#2836,.F.);
#1899=ORIENTED_EDGE('',*,*,#2848,.T.);
#1900=CARTESIAN_POINT('',(2.22,0.0999999999999999,-3.05));
#1901=DIRECTION('',(-1.0,-6.12303176911189E-17,0.0));
#1902=DIRECTION('',(6.12303176911189E-17,-1.0,0.0));
#1903=SURFACE_STYLE_FILL_AREA(#2852);
#1904=ORIENTED_EDGE('',*,*,#2853,.T.);
#1905=ORIENTED_EDGE('',*,*,#2854,.F.);
#1906=ORIENTED_EDGE('',*,*,#2837,.F.);
#1907=ORIENTED_EDGE('',*,*,#2851,.T.);
#1908=CARTESIAN_POINT('',(2.645,0.2,-3.05));
#1909=DIRECTION('',(-6.12303176911189E-17,1.0,0.0));
#1910=DIRECTION('',(-1.0,-6.12303176911189E-17,-0.0));
#1911=SURFACE_STYLE_FILL_AREA(#2855);
#1912=ORIENTED_EDGE('',*,*,#2856,.T.);
#1913=ORIENTED_EDGE('',*,*,#2857,.F.);
#1914=ORIENTED_EDGE('',*,*,#2838,.F.);
#1915=ORIENTED_EDGE('',*,*,#2854,.T.);
#1916=CARTESIAN_POINT('',(3.07,0.35,-3.05));
#1917=DIRECTION('',(0.0,0.0,1.0));
#1918=DIRECTION('',(6.12303176911189E-17,-1.0,0.0));
#1919=SURFACE_STYLE_FILL_AREA(#2858);
#1920=ORIENTED_EDGE('',*,*,#2859,.F.);
#1921=ORIENTED_EDGE('',*,*,#2856,.F.);
#1922=ORIENTED_EDGE('',*,*,#2853,.F.);
#1923=ORIENTED_EDGE('',*,*,#2850,.F.);
#1924=ORIENTED_EDGE('',*,*,#2847,.F.);
#1925=ORIENTED_EDGE('',*,*,#2844,.F.);
#1926=ORIENTED_EDGE('',*,*,#2841,.F.);
#1927=CARTESIAN_POINT('',(2.98603108251557,0.329908639905185,-2.45));
#1928=DIRECTION('',(0.0,0.0,1.0));
#1929=DIRECTION('',(6.12303176911189E-17,-1.0,0.0));
#1930=SURFACE_STYLE_FILL_AREA(#2860);
#1931=ORIENTED_EDGE('',*,*,#2861,.F.);
#1932=ORIENTED_EDGE('',*,*,#2862,.F.);
#1933=ORIENTED_EDGE('',*,*,#2863,.F.);
#1934=ORIENTED_EDGE('',*,*,#2864,.T.);
#1935=ORIENTED_EDGE('',*,*,#2865,.T.);
#1936=ORIENTED_EDGE('',*,*,#2866,.T.);
#1937=ORIENTED_EDGE('',*,*,#2867,.T.);
#1938=CARTESIAN_POINT('',(-2.98603108251556,0.329908639905185,-2.45));
#1939=DIRECTION('',(1.22460635382238E-16,0.0,-1.0));
#1940=DIRECTION('',(-6.12303176911189E-17,-1.0,-7.49830360911069E-33));
#1941=SURFACE_STYLE_FILL_AREA(#2868);
#1942=ORIENTED_EDGE('',*,*,#2869,.F.);
#1943=ORIENTED_EDGE('',*,*,#2870,.T.);
#1944=ORIENTED_EDGE('',*,*,#2871,.F.);
#1945=ORIENTED_EDGE('',*,*,#2862,.T.);
#1946=CARTESIAN_POINT('',(-3.42,0.625,-2.45));
#1947=DIRECTION('',(-1.0,6.12303176911189E-17,-1.22460635382238E-16));
#1948=DIRECTION('',(6.12303176911189E-17,1.0,7.49830360911069E-33));
#1949=SURFACE_STYLE_FILL_AREA(#2872);
#1950=ORIENTED_EDGE('',*,*,#2873,.T.);
#1951=ORIENTED_EDGE('',*,*,#2874,.F.);
#1952=ORIENTED_EDGE('',*,*,#2863,.T.);
#1953=ORIENTED_EDGE('',*,*,#2871,.T.);
#1954=CARTESIAN_POINT('',(-3.17,0.25,-2.45));
#1955=DIRECTION('',(1.22460635382238E-16,0.0,-1.0));
#1956=DIRECTION('',(-6.12303176911189E-17,-1.0,-7.49830360911069E-33));
#1957=SURFACE_STYLE_FILL_AREA(#2875);
#1958=ORIENTED_EDGE('',*,*,#2876,.T.);
#1959=ORIENTED_EDGE('',*,*,#2877,.F.);
#1960=ORIENTED_EDGE('',*,*,#2864,.F.);
#1961=ORIENTED_EDGE('',*,*,#2874,.T.);
#1962=CARTESIAN_POINT('',(-2.695,-4.43919803260612E-17,-2.45));
#1963=DIRECTION('',(-6.12303176911189E-17,-1.0,-7.49830360911069E-33));
#1964=DIRECTION('',(-1.0,6.12303176911189E-17,-1.22460635382238E-16));
#1965=SURFACE_STYLE_FILL_AREA(#2878);
#1966=ORIENTED_EDGE('',*,*,#2879,.T.);
#1967=ORIENTED_EDGE('',*,*,#2880,.F.);
#1968=ORIENTED_EDGE('',*,*,#2865,.F.);
#1969=ORIENTED_EDGE('',*,*,#2877,.T.);
#1970=CARTESIAN_POINT('',(-2.22,0.0999999999999999,-2.45));
#1971=DIRECTION('',(1.0,-6.12303176911189E-17,1.22460635382238E-16));
#1972=DIRECTION('',(-6.12303176911189E-17,-1.0,-7.49830360911069E-33));
#1973=SURFACE_STYLE_FILL_AREA(#2881);
#1974=ORIENTED_EDGE('',*,*,#2882,.T.);
#1975=ORIENTED_EDGE('',*,*,#2883,.F.);
#1976=ORIENTED_EDGE('',*,*,#2866,.F.);
#1977=ORIENTED_EDGE('',*,*,#2880,.T.);
#1978=CARTESIAN_POINT('',(-2.645,0.2,-2.45));
#1979=DIRECTION('',(6.12303176911189E-17,1.0,7.49830360911069E-33));
#1980=DIRECTION('',(1.0,-6.12303176911189E-17,1.22460635382238E-16));
#1981=SURFACE_STYLE_FILL_AREA(#2884);
#1982=ORIENTED_EDGE('',*,*,#2885,.T.);
#1983=ORIENTED_EDGE('',*,*,#2886,.F.);
#1984=ORIENTED_EDGE('',*,*,#2867,.F.);
#1985=ORIENTED_EDGE('',*,*,#2883,.T.);
#1986=CARTESIAN_POINT('',(-3.07,0.35,-2.45));
#1987=DIRECTION('',(1.22460635382238E-16,0.0,-1.0));
#1988=DIRECTION('',(-6.12303176911189E-17,-1.0,-7.49830360911069E-33));
#1989=SURFACE_STYLE_FILL_AREA(#2887);
#1990=ORIENTED_EDGE('',*,*,#2888,.F.);
#1991=ORIENTED_EDGE('',*,*,#2885,.F.);
#1992=ORIENTED_EDGE('',*,*,#2882,.F.);
#1993=ORIENTED_EDGE('',*,*,#2879,.F.);
#1994=ORIENTED_EDGE('',*,*,#2876,.F.);
#1995=ORIENTED_EDGE('',*,*,#2873,.F.);
#1996=ORIENTED_EDGE('',*,*,#2870,.F.);
#1997=CARTESIAN_POINT('',(-2.98603108251556,0.329908639905185,-3.05));
#1998=DIRECTION('',(1.22460635382238E-16,0.0,-1.0));
#1999=DIRECTION('',(-6.12303176911189E-17,-1.0,-7.49830360911069E-33));
#2000=SURFACE_STYLE_FILL_AREA(#2889);
#2001=ORIENTED_EDGE('',*,*,#2890,.F.);
#2002=ORIENTED_EDGE('',*,*,#2891,.F.);
#2003=ORIENTED_EDGE('',*,*,#2892,.F.);
#2004=ORIENTED_EDGE('',*,*,#2893,.T.);
#2005=ORIENTED_EDGE('',*,*,#2894,.T.);
#2006=ORIENTED_EDGE('',*,*,#2895,.T.);
#2007=ORIENTED_EDGE('',*,*,#2896,.T.);
#2008=CARTESIAN_POINT('',(2.98603108251557,0.329908639905185,2.45));
#2009=DIRECTION('',(0.0,0.0,1.0));
#2010=DIRECTION('',(6.12303176911189E-17,-1.0,0.0));
#2011=SURFACE_STYLE_FILL_AREA(#2897);
#2012=ORIENTED_EDGE('',*,*,#2898,.F.);
#2013=ORIENTED_EDGE('',*,*,#2899,.T.);
#2014=ORIENTED_EDGE('',*,*,#2900,.F.);
#2015=ORIENTED_EDGE('',*,*,#2891,.T.);
#2016=CARTESIAN_POINT('',(3.42,0.625,2.45));
#2017=DIRECTION('',(1.0,6.12303176911189E-17,0.0));
#2018=DIRECTION('',(-6.12303176911189E-17,1.0,0.0));
#2019=SURFACE_STYLE_FILL_AREA(#2901);
#2020=ORIENTED_EDGE('',*,*,#2902,.T.);
#2021=ORIENTED_EDGE('',*,*,#2903,.F.);
#2022=ORIENTED_EDGE('',*,*,#2892,.T.);
#2023=ORIENTED_EDGE('',*,*,#2900,.T.);
#2024=CARTESIAN_POINT('',(3.17,0.25,2.45));
#2025=DIRECTION('',(0.0,0.0,1.0));
#2026=DIRECTION('',(6.12303176911189E-17,-1.0,0.0));
#2027=SURFACE_STYLE_FILL_AREA(#2904);
#2028=ORIENTED_EDGE('',*,*,#2905,.T.);
#2029=ORIENTED_EDGE('',*,*,#2906,.F.);
#2030=ORIENTED_EDGE('',*,*,#2893,.F.);
#2031=ORIENTED_EDGE('',*,*,#2903,.T.);
#2032=CARTESIAN_POINT('',(2.695,-4.43919803260612E-17,2.45));
#2033=DIRECTION('',(6.12303176911189E-17,-1.0,0.0));
#2034=DIRECTION('',(1.0,6.12303176911189E-17,0.0));
#2035=SURFACE_STYLE_FILL_AREA(#2907);
#2036=ORIENTED_EDGE('',*,*,#2908,.T.);
#2037=ORIENTED_EDGE('',*,*,#2909,.F.);
#2038=ORIENTED_EDGE('',*,*,#2894,.F.);
#2039=ORIENTED_EDGE('',*,*,#2906,.T.);
#2040=CARTESIAN_POINT('',(2.22,0.0999999999999999,2.45));
#2041=DIRECTION('',(-1.0,-6.12303176911189E-17,0.0));
#2042=DIRECTION('',(6.12303176911189E-17,-1.0,0.0));
#2043=SURFACE_STYLE_FILL_AREA(#2910);
#2044=ORIENTED_EDGE('',*,*,#2911,.T.);
#2045=ORIENTED_EDGE('',*,*,#2912,.F.);
#2046=ORIENTED_EDGE('',*,*,#2895,.F.);
#2047=ORIENTED_EDGE('',*,*,#2909,.T.);
#2048=CARTESIAN_POINT('',(2.645,0.2,2.45));
#2049=DIRECTION('',(-6.12303176911189E-17,1.0,0.0));
#2050=DIRECTION('',(-1.0,-6.12303176911189E-17,-0.0));
#2051=SURFACE_STYLE_FILL_AREA(#2913);
#2052=ORIENTED_EDGE('',*,*,#2914,.T.);
#2053=ORIENTED_EDGE('',*,*,#2915,.F.);
#2054=ORIENTED_EDGE('',*,*,#2896,.F.);
#2055=ORIENTED_EDGE('',*,*,#2912,.T.);
#2056=CARTESIAN_POINT('',(3.07,0.35,2.45));
#2057=DIRECTION('',(0.0,0.0,1.0));
#2058=DIRECTION('',(6.12303176911189E-17,-1.0,0.0));
#2059=SURFACE_STYLE_FILL_AREA(#2916);
#2060=ORIENTED_EDGE('',*,*,#2917,.F.);
#2061=ORIENTED_EDGE('',*,*,#2914,.F.);
#2062=ORIENTED_EDGE('',*,*,#2911,.F.);
#2063=ORIENTED_EDGE('',*,*,#2908,.F.);
#2064=ORIENTED_EDGE('',*,*,#2905,.F.);
#2065=ORIENTED_EDGE('',*,*,#2902,.F.);
#2066=ORIENTED_EDGE('',*,*,#2899,.F.);
#2067=CARTESIAN_POINT('',(2.98603108251557,0.329908639905185,3.05));
#2068=DIRECTION('',(0.0,0.0,1.0));
#2069=DIRECTION('',(6.12303176911189E-17,-1.0,0.0));
#2070=SURFACE_STYLE_FILL_AREA(#2918);
#2071=ORIENTED_EDGE('',*,*,#2919,.F.);
#2072=ORIENTED_EDGE('',*,*,#2920,.F.);
#2073=ORIENTED_EDGE('',*,*,#2921,.F.);
#2074=ORIENTED_EDGE('',*,*,#2922,.F.);
#2075=CARTESIAN_POINT('',(-3.13,4.57,-3.83301788746404E-16));
#2076=DIRECTION('',(-1.0,0.0,-1.22460635382238E-16));
#2077=DIRECTION('',(-1.22460635382238E-16,0.0,1.0));
#2078=SURFACE_STYLE_FILL_AREA(#2923);
#2079=ORIENTED_EDGE('',*,*,#2924,.F.);
#2080=ORIENTED_EDGE('',*,*,#2769,.F.);
#2081=ORIENTED_EDGE('',*,*,#2925,.T.);
#2082=ORIENTED_EDGE('',*,*,#2926,.T.);
#2083=ORIENTED_EDGE('',*,*,#2927,.T.);
#2084=ORIENTED_EDGE('',*,*,#2920,.T.);
#2085=CARTESIAN_POINT('',(-3.28,4.57,4.4));
#2086=DIRECTION('',(1.22460635382238E-16,0.0,-1.0));
#2087=DIRECTION('',(-1.0,0.0,-1.22460635382238E-16));
#2088=SURFACE_STYLE_FILL_AREA(#2928);
#2089=ORIENTED_EDGE('',*,*,#2929,.F.);
#2090=ORIENTED_EDGE('',*,*,#2922,.T.);
#2091=ORIENTED_EDGE('',*,*,#2930,.T.);
#2092=ORIENTED_EDGE('',*,*,#2931,.T.);
#2093=ORIENTED_EDGE('',*,*,#2932,.T.);
#2094=ORIENTED_EDGE('',*,*,#2767,.F.);
#2095=CARTESIAN_POINT('',(-3.28,4.57,-4.4));
#2096=DIRECTION('',(1.22460635382238E-16,0.0,-1.0));
#2097=DIRECTION('',(-1.0,0.0,-1.22460635382238E-16));
#2098=SURFACE_STYLE_FILL_AREA(#2933);
#2099=ORIENTED_EDGE('',*,*,#2811,.T.);
#2100=ORIENTED_EDGE('',*,*,#2803,.T.);
#2101=ORIENTED_EDGE('',*,*,#2828,.T.);
#2102=ORIENTED_EDGE('',*,*,#2830,.T.);
#2103=ORIENTED_EDGE('',*,*,#2869,.T.);
#2104=ORIENTED_EDGE('',*,*,#2861,.T.);
#2105=ORIENTED_EDGE('',*,*,#2886,.T.);
#2106=ORIENTED_EDGE('',*,*,#2888,.T.);
#2107=ORIENTED_EDGE('',*,*,#2921,.T.);
#2108=ORIENTED_EDGE('',*,*,#2927,.F.);
#2109=ORIENTED_EDGE('',*,*,#2934,.F.);
#2110=ORIENTED_EDGE('',*,*,#2930,.F.);
#2111=CARTESIAN_POINT('',(-3.28,0.35,-4.0167088405374E-16));
#2112=DIRECTION('',(0.0,1.0,0.0));
#2113=DIRECTION('',(1.22460635382238E-16,0.0,-1.0));
#2114=SURFACE_STYLE_FILL_AREA(#2935);
#2115=ORIENTED_EDGE('',*,*,#2768,.F.);
#2116=ORIENTED_EDGE('',*,*,#2932,.F.);
#2117=ORIENTED_EDGE('',*,*,#2936,.T.);
#2118=ORIENTED_EDGE('',*,*,#2925,.F.);
#2119=CARTESIAN_POINT('',(-3.28,8.79,-4.0167088405374E-16));
#2120=DIRECTION('',(-0.0,-1.0,0.0));
#2121=DIRECTION('',(-1.22460635382238E-16,0.0,1.0));
#2122=SURFACE_STYLE_FILL_AREA(#2937);
#2123=ORIENTED_EDGE('',*,*,#2934,.T.);
#2124=ORIENTED_EDGE('',*,*,#2926,.F.);
#2125=ORIENTED_EDGE('',*,*,#2936,.F.);
#2126=ORIENTED_EDGE('',*,*,#2931,.F.);
#2127=CARTESIAN_POINT('',(-3.43,4.57,-4.20039979361075E-16));
#2128=DIRECTION('',(1.0,0.0,1.22460635382238E-16));
#2129=DIRECTION('',(1.22460635382238E-16,0.0,-1.0));
#2130=SURFACE_STYLE_FILL_AREA(#2938);
#2131=ORIENTED_EDGE('',*,*,#2800,.F.);
#2132=ORIENTED_EDGE('',*,*,#2939,.F.);
#2133=ORIENTED_EDGE('',*,*,#2940,.F.);
#2134=ORIENTED_EDGE('',*,*,#2941,.F.);
#2135=CARTESIAN_POINT('',(3.13,4.57,0.0));
#2136=DIRECTION('',(1.0,0.0,0.0));
#2137=DIRECTION('',(0.0,0.0,-1.0));
#2138=SURFACE_STYLE_FILL_AREA(#2942);
#2139=ORIENTED_EDGE('',*,*,#2799,.F.);
#2140=ORIENTED_EDGE('',*,*,#2789,.F.);
#2141=ORIENTED_EDGE('',*,*,#2943,.T.);
#2142=ORIENTED_EDGE('',*,*,#2944,.T.);
#2143=ORIENTED_EDGE('',*,*,#2945,.T.);
#2144=ORIENTED_EDGE('',*,*,#2939,.T.);
#2145=CARTESIAN_POINT('',(3.28,4.57,-4.4));
#2146=DIRECTION('',(0.0,0.0,1.0));
#2147=DIRECTION('',(1.0,0.0,0.0));
#2148=SURFACE_STYLE_FILL_AREA(#2946);
#2149=ORIENTED_EDGE('',*,*,#2801,.F.);
#2150=ORIENTED_EDGE('',*,*,#2941,.T.);
#2151=ORIENTED_EDGE('',*,*,#2947,.T.);
#2152=ORIENTED_EDGE('',*,*,#2948,.T.);
#2153=ORIENTED_EDGE('',*,*,#2949,.T.);
#2154=ORIENTED_EDGE('',*,*,#2787,.F.);
#2155=CARTESIAN_POINT('',(3.28,4.57,4.4));
#2156=DIRECTION('',(0.0,0.0,1.0));
#2157=DIRECTION('',(1.0,0.0,0.0));
#2158=SURFACE_STYLE_FILL_AREA(#2950);
#2159=ORIENTED_EDGE('',*,*,#2840,.T.);
#2160=ORIENTED_EDGE('',*,*,#2832,.T.);
#2161=ORIENTED_EDGE('',*,*,#2857,.T.);
#2162=ORIENTED_EDGE('',*,*,#2859,.T.);
#2163=ORIENTED_EDGE('',*,*,#2898,.T.);
#2164=ORIENTED_EDGE('',*,*,#2890,.T.);
#2165=ORIENTED_EDGE('',*,*,#2915,.T.);
#2166=ORIENTED_EDGE('',*,*,#2917,.T.);
#2167=ORIENTED_EDGE('',*,*,#2940,.T.);
#2168=ORIENTED_EDGE('',*,*,#2945,.F.);
#2169=ORIENTED_EDGE('',*,*,#2951,.F.);
#2170=ORIENTED_EDGE('',*,*,#2947,.F.);
#2171=CARTESIAN_POINT('',(3.28,0.35,0.0));
#2172=DIRECTION('',(0.0,1.0,0.0));
#2173=DIRECTION('',(0.0,0.0,1.0));
#2174=SURFACE_STYLE_FILL_AREA(#2952);
#2175=ORIENTED_EDGE('',*,*,#2788,.F.);
#2176=ORIENTED_EDGE('',*,*,#2949,.F.);
#2177=ORIENTED_EDGE('',*,*,#2953,.T.);
#2178=ORIENTED_EDGE('',*,*,#2943,.F.);
#2179=CARTESIAN_POINT('',(3.28,8.79,0.0));
#2180=DIRECTION('',(0.0,-1.0,0.0));
#2181=DIRECTION('',(0.0,0.0,-1.0));
#2182=SURFACE_STYLE_FILL_AREA(#2954);
#2183=ORIENTED_EDGE('',*,*,#2951,.T.);
#2184=ORIENTED_EDGE('',*,*,#2944,.F.);
#2185=ORIENTED_EDGE('',*,*,#2953,.F.);
#2186=ORIENTED_EDGE('',*,*,#2948,.F.);
#2187=CARTESIAN_POINT('',(3.43,4.57,0.0));
#2188=DIRECTION('',(-1.0,0.0,0.0));
#2189=DIRECTION('',(0.0,0.0,1.0));
#2190=SURFACE_STYLE_FILL_AREA(#2955);
#2191=ORIENTED_EDGE('',*,*,#2956,.F.);
#2192=ORIENTED_EDGE('',*,*,#2763,.T.);
#2193=ORIENTED_EDGE('',*,*,#2957,.T.);
#2194=ORIENTED_EDGE('',*,*,#2958,.F.);
#2195=CARTESIAN_POINT('',(-2.925,8.74,-5.845));
#2196=DIRECTION('',(-0.0,1.0,6.12303176911189E-17));
#2197=DIRECTION('',(1.0,0.0,0.0));
#2198=SURFACE_STYLE_FILL_AREA(#2959);
#2199=ORIENTED_EDGE('',*,*,#2960,.F.);
#2200=ORIENTED_EDGE('',*,*,#2958,.T.);
#2201=ORIENTED_EDGE('',*,*,#2961,.T.);
#2202=ORIENTED_EDGE('',*,*,#2962,.F.);
#2203=CARTESIAN_POINT('',(4.44089209850063E-16,8.74,-6.345));
#2204=DIRECTION('',(0.0,6.12303176911189E-17,-1.0));
#2205=DIRECTION('',(-1.0,0.0,0.0));
#2206=SURFACE_STYLE_FILL_AREA(#2963);
#2207=ORIENTED_EDGE('',*,*,#2964,.F.);
#2208=ORIENTED_EDGE('',*,*,#2962,.T.);
#2209=ORIENTED_EDGE('',*,*,#2965,.T.);
#2210=ORIENTED_EDGE('',*,*,#2793,.F.);
#2211=CARTESIAN_POINT('',(2.925,8.74,-5.845));
#2212=DIRECTION('',(-0.0,1.0,6.12303176911189E-17));
#2213=DIRECTION('',(1.0,0.0,0.0));
#2214=SURFACE_STYLE_FILL_AREA(#2966);
#2215=ORIENTED_EDGE('',*,*,#2610,.T.);
#2216=ORIENTED_EDGE('',*,*,#2737,.T.);
#2217=ORIENTED_EDGE('',*,*,#2774,.F.);
#2218=ORIENTED_EDGE('',*,*,#2778,.F.);
#2219=ORIENTED_EDGE('',*,*,#2782,.F.);
#2220=ORIENTED_EDGE('',*,*,#2794,.F.);
#2221=ORIENTED_EDGE('',*,*,#2965,.F.);
#2222=ORIENTED_EDGE('',*,*,#2961,.F.);
#2223=ORIENTED_EDGE('',*,*,#2957,.F.);
#2224=ORIENTED_EDGE('',*,*,#2762,.F.);
#2225=CARTESIAN_POINT('',(7.35522753814166E-16,8.89,-8.88178419700125E-16));
#2226=DIRECTION('',(-0.0,1.0,6.12303176911189E-17));
#2227=DIRECTION('',(1.0,0.0,0.0));
#2228=SURFACE_STYLE_FILL_AREA(#2967);
#2229=ORIENTED_EDGE('',*,*,#2968,.F.);
#2230=ORIENTED_EDGE('',*,*,#2770,.F.);
#2231=ORIENTED_EDGE('',*,*,#2924,.T.);
#2232=ORIENTED_EDGE('',*,*,#2919,.T.);
#2233=ORIENTED_EDGE('',*,*,#2929,.T.);
#2234=ORIENTED_EDGE('',*,*,#2766,.F.);
#2235=ORIENTED_EDGE('',*,*,#2969,.F.);
#2236=ORIENTED_EDGE('',*,*,#2970,.F.);
#2237=CARTESIAN_POINT('',(7.35522753814166E-16,8.74,-8.88178419700125E-16));
#2238=DIRECTION('',(-0.0,1.0,6.12303176911189E-17));
#2239=DIRECTION('',(1.0,0.0,0.0));
#2240=SURFACE_STYLE_FILL_AREA(#2971);
#2241=ORIENTED_EDGE('',*,*,#2970,.T.);
#2242=ORIENTED_EDGE('',*,*,#2972,.T.);
#2243=ORIENTED_EDGE('',*,*,#2973,.F.);
#2244=ORIENTED_EDGE('',*,*,#2974,.T.);
#2245=ORIENTED_EDGE('',*,*,#2975,.T.);
#2246=ORIENTED_EDGE('',*,*,#2976,.T.);
#2247=ORIENTED_EDGE('',*,*,#2977,.F.);
#2248=ORIENTED_EDGE('',*,*,#2978,.T.);
#2249=ORIENTED_EDGE('',*,*,#2979,.T.);
#2250=ORIENTED_EDGE('',*,*,#2980,.T.);
#2251=ORIENTED_EDGE('',*,*,#2981,.F.);
#2252=ORIENTED_EDGE('',*,*,#2982,.T.);
#2253=CARTESIAN_POINT('',(-3.03,4.945,-3.7105572520818E-16));
#2254=DIRECTION('',(-1.0,0.0,-1.22460635382238E-16));
#2255=DIRECTION('',(-1.22460635382238E-16,0.0,1.0));
#2256=SURFACE_STYLE_FILL_AREA(#2983);
#2257=ORIENTED_EDGE('',*,*,#2969,.T.);
#2258=ORIENTED_EDGE('',*,*,#2765,.T.);
#2259=ORIENTED_EDGE('',*,*,#2984,.F.);
#2260=ORIENTED_EDGE('',*,*,#2985,.F.);
#2261=ORIENTED_EDGE('',*,*,#2986,.F.);
#2262=ORIENTED_EDGE('',*,*,#2972,.F.);
#2263=CARTESIAN_POINT('',(-3.53,4.945,-4.5));
#2264=DIRECTION('',(1.22460635382238E-16,0.0,-1.0));
#2265=DIRECTION('',(-1.0,0.0,-1.22460635382238E-16));
#2266=SURFACE_STYLE_FILL_AREA(#2987);
#2267=ORIENTED_EDGE('',*,*,#2764,.T.);
#2268=ORIENTED_EDGE('',*,*,#2956,.T.);
#2269=ORIENTED_EDGE('',*,*,#2960,.T.);
#2270=ORIENTED_EDGE('',*,*,#2964,.T.);
#2271=ORIENTED_EDGE('',*,*,#2792,.T.);
#2272=ORIENTED_EDGE('',*,*,#2988,.T.);
#2273=ORIENTED_EDGE('',*,*,#2989,.F.);
#2274=ORIENTED_EDGE('',*,*,#2990,.F.);
#2275=ORIENTED_EDGE('',*,*,#2991,.F.);
#2276=ORIENTED_EDGE('',*,*,#2992,.F.);
#2277=ORIENTED_EDGE('',*,*,#2993,.F.);
#2278=ORIENTED_EDGE('',*,*,#2984,.T.);
#2279=CARTESIAN_POINT('',(-3.05311331771918E-16,8.79,-8.88178419700125E-16));
#2280=DIRECTION('',(-0.0,1.0,6.12303176911189E-17));
#2281=DIRECTION('',(1.0,0.0,0.0));
#2282=SURFACE_STYLE_FILL_AREA(#2994);
#2283=ORIENTED_EDGE('',*,*,#2791,.T.);
#2284=ORIENTED_EDGE('',*,*,#2798,.T.);
#2285=ORIENTED_EDGE('',*,*,#2995,.F.);
#2286=ORIENTED_EDGE('',*,*,#2996,.F.);
#2287=ORIENTED_EDGE('',*,*,#2997,.F.);
#2288=ORIENTED_EDGE('',*,*,#2988,.F.);
#2289=CARTESIAN_POINT('',(3.53,4.945,-4.5));
#2290=DIRECTION('',(0.0,0.0,1.0));
#2291=DIRECTION('',(1.0,0.0,0.0));
#2292=SURFACE_STYLE_FILL_AREA(#2998);
#2293=ORIENTED_EDGE('',*,*,#2980,.F.);
#2294=ORIENTED_EDGE('',*,*,#2999,.T.);
#2295=ORIENTED_EDGE('',*,*,#3000,.T.);
#2296=ORIENTED_EDGE('',*,*,#3001,.F.);
#2297=CARTESIAN_POINT('',(-3.19347854807011,0.22,3.91620351855615));
#2298=DIRECTION('',(0.455071506432958,-8.238700915917E-17,0.89045489724794));
#2299=DIRECTION('',(-0.89045489724794,2.66586633370379E-17,0.455071506432958));
#2300=SURFACE_STYLE_FILL_AREA(#3002);
#2301=ORIENTED_EDGE('',*,*,#2975,.F.);
#2302=ORIENTED_EDGE('',*,*,#3003,.T.);
#2303=ORIENTED_EDGE('',*,*,#3004,.T.);
#2304=ORIENTED_EDGE('',*,*,#3005,.F.);
#2305=CARTESIAN_POINT('',(-3.57085743937403,0.22,3.79973410358905E-06));
#2306=DIRECTION('',(-6.12303176911189E-17,-1.0,-6.12303176911189E-17));
#2307=DIRECTION('',(-1.22460635382238E-16,-6.12303176911189E-17,1.0));
#2308=SURFACE_STYLE_FILL_AREA(#3006);
#2309=ORIENTED_EDGE('',*,*,#2979,.F.);
#2310=ORIENTED_EDGE('',*,*,#3007,.T.);
#2311=ORIENTED_EDGE('',*,*,#3008,.T.);
#2312=ORIENTED_EDGE('',*,*,#2999,.F.);
#2313=CARTESIAN_POINT('',(-3.57085743937403,0.22,3.79973410358905E-06));
#2314=DIRECTION('',(-6.12303176911189E-17,-1.0,-6.12303176911189E-17));
#2315=DIRECTION('',(-1.22460635382238E-16,-6.12303176911189E-17,1.0));
#2316=SURFACE_STYLE_FILL_AREA(#3009);
#2317=ORIENTED_EDGE('',*,*,#2976,.F.);
#2318=ORIENTED_EDGE('',*,*,#3005,.T.);
#2319=ORIENTED_EDGE('',*,*,#3010,.T.);
#2320=ORIENTED_EDGE('',*,*,#3011,.F.);
#2321=CARTESIAN_POINT('',(-3.12365603104448,0.22,-1.62346081552979));
#2322=DIRECTION('',(0.453495047079971,-8.23397050565325E-17,0.891258796463707));
#2323=DIRECTION('',(-0.891258796463707,2.68044134484215E-17,0.453495047079971));
#2324=SURFACE_STYLE_FILL_AREA(#3012);
#2325=ORIENTED_EDGE('',*,*,#3013,.F.);
#2326=ORIENTED_EDGE('',*,*,#3000,.F.);
#2327=ORIENTED_EDGE('',*,*,#3008,.F.);
#2328=ORIENTED_EDGE('',*,*,#3014,.T.);
#2329=CARTESIAN_POINT('',(-2.23,0.22,2.75));
#2330=DIRECTION('',(-6.12303176911189E-17,-1.0,-6.12303176911189E-17));
#2331=DIRECTION('',(-1.22460635382238E-16,-6.12303176911189E-17,1.0));
#2332=SURFACE_STYLE_FILL_AREA(#3015);
#2333=ORIENTED_EDGE('',*,*,#2978,.F.);
#2334=ORIENTED_EDGE('',*,*,#3016,.F.);
#2335=ORIENTED_EDGE('',*,*,#3014,.F.);
#2336=ORIENTED_EDGE('',*,*,#3007,.F.);
#2337=CARTESIAN_POINT('',(-3.10638863421378,0.22,1.63155655620647));
#2338=DIRECTION('',(0.453069243840144,2.68437438057933E-17,-0.891475327917784));
#2339=DIRECTION('',(0.891475327917784,-8.23268912786073E-17,0.453069243840144));
#2340=SURFACE_STYLE_FILL_AREA(#3017);
#2341=ORIENTED_EDGE('',*,*,#3018,.F.);
#2342=ORIENTED_EDGE('',*,*,#3010,.F.);
#2343=ORIENTED_EDGE('',*,*,#3004,.F.);
#2344=ORIENTED_EDGE('',*,*,#3019,.T.);
#2345=CARTESIAN_POINT('',(-2.23,0.22,-2.75));
#2346=DIRECTION('',(-6.12303176911189E-17,-1.0,-6.12303176911189E-17));
#2347=DIRECTION('',(-1.22460635382238E-16,-6.12303176911189E-17,1.0));
#2348=SURFACE_STYLE_FILL_AREA(#3020);
#2349=ORIENTED_EDGE('',*,*,#2974,.F.);
#2350=ORIENTED_EDGE('',*,*,#3021,.F.);
#2351=ORIENTED_EDGE('',*,*,#3019,.F.);
#2352=ORIENTED_EDGE('',*,*,#3003,.F.);
#2353=CARTESIAN_POINT('',(-3.21134662367865,0.22,-3.92460538843379));
#2354=DIRECTION('',(0.455494119077224,2.66195544618089E-17,-0.890238792395649));
#2355=DIRECTION('',(0.890238792395649,-8.23996536968784E-17,0.455494119077224));
#2356=SURFACE_STYLE_FILL_AREA(#3022);
#2357=ORIENTED_EDGE('',*,*,#3023,.F.);
#2358=ORIENTED_EDGE('',*,*,#3024,.F.);
#2359=ORIENTED_EDGE('',*,*,#3025,.F.);
#2360=ORIENTED_EDGE('',*,*,#3026,.T.);
#2361=CARTESIAN_POINT('',(2.23,0.22,-2.75));
#2362=DIRECTION('',(6.12303176911189E-17,-1.0,6.12303176911189E-17));
#2363=DIRECTION('',(3.74915180455534E-33,-6.12303176911189E-17,-1.0));
#2364=SURFACE_STYLE_FILL_AREA(#3027);
#2365=ORIENTED_EDGE('',*,*,#3028,.F.);
#2366=ORIENTED_EDGE('',*,*,#3026,.F.);
#2367=ORIENTED_EDGE('',*,*,#3029,.F.);
#2368=ORIENTED_EDGE('',*,*,#3030,.F.);
#2369=CARTESIAN_POINT('',(3.10638863421378,0.22,-1.63155655620647));
#2370=DIRECTION('',(-0.453069243840144,2.68437438057933E-17,0.891475327917784));
#2371=DIRECTION('',(-0.891475327917784,-8.23268912786073E-17,-0.453069243840144));
#2372=SURFACE_STYLE_FILL_AREA(#3031);
#2373=ORIENTED_EDGE('',*,*,#3032,.F.);
#2374=ORIENTED_EDGE('',*,*,#3033,.F.);
#2375=ORIENTED_EDGE('',*,*,#3034,.F.);
#2376=ORIENTED_EDGE('',*,*,#3035,.T.);
#2377=CARTESIAN_POINT('',(2.23,0.22,2.75));
#2378=DIRECTION('',(6.12303176911189E-17,-1.0,6.12303176911189E-17));
#2379=DIRECTION('',(3.74915180455534E-33,-6.12303176911189E-17,-1.0));
#2380=SURFACE_STYLE_FILL_AREA(#3036);
#2381=ORIENTED_EDGE('',*,*,#3037,.F.);
#2382=ORIENTED_EDGE('',*,*,#3038,.T.);
#2383=ORIENTED_EDGE('',*,*,#3034,.T.);
#2384=ORIENTED_EDGE('',*,*,#3039,.F.);
#2385=CARTESIAN_POINT('',(3.57085743937403,0.22,-3.79973410402634E-06));
#2386=DIRECTION('',(6.12303176911189E-17,-1.0,6.12303176911189E-17));
#2387=DIRECTION('',(3.74915180455534E-33,-6.12303176911189E-17,-1.0));
#2388=SURFACE_STYLE_FILL_AREA(#3040);
#2389=ORIENTED_EDGE('',*,*,#3041,.F.);
#2390=ORIENTED_EDGE('',*,*,#3035,.F.);
#2391=ORIENTED_EDGE('',*,*,#3038,.F.);
#2392=ORIENTED_EDGE('',*,*,#3042,.F.);
#2393=CARTESIAN_POINT('',(3.21134662367865,0.22,3.92460538843379));
#2394=DIRECTION('',(-0.455494119077224,2.66195544618089E-17,0.890238792395649));
#2395=DIRECTION('',(-0.890238792395649,-8.23996536968784E-17,-0.455494119077224));
#2396=SURFACE_STYLE_FILL_AREA(#3043);
#2397=ORIENTED_EDGE('',*,*,#3044,.F.);
#2398=ORIENTED_EDGE('',*,*,#3045,.F.);
#2399=ORIENTED_EDGE('',*,*,#3046,.T.);
#2400=ORIENTED_EDGE('',*,*,#3024,.T.);
#2401=CARTESIAN_POINT('',(3.19347854807011,0.22,-3.91620351855615));
#2402=DIRECTION('',(-0.455071506432958,-8.238700915917E-17,-0.890454897247939));
#2403=DIRECTION('',(0.890454897247939,2.66586633370379E-17,-0.455071506432958));
#2404=SURFACE_STYLE_FILL_AREA(#3047);
#2405=ORIENTED_EDGE('',*,*,#3048,.F.);
#2406=ORIENTED_EDGE('',*,*,#3049,.F.);
#2407=ORIENTED_EDGE('',*,*,#3039,.T.);
#2408=ORIENTED_EDGE('',*,*,#3033,.T.);
#2409=CARTESIAN_POINT('',(3.12365603104448,0.22,1.62346081552979));
#2410=DIRECTION('',(-0.453495047079971,-8.23397050565325E-17,-0.891258796463707));
#2411=DIRECTION('',(0.891258796463707,2.68044134484215E-17,-0.453495047079971));
#2412=SURFACE_STYLE_FILL_AREA(#3050);
#2413=ORIENTED_EDGE('',*,*,#3051,.F.);
#2414=ORIENTED_EDGE('',*,*,#3029,.T.);
#2415=ORIENTED_EDGE('',*,*,#3025,.T.);
#2416=ORIENTED_EDGE('',*,*,#3046,.F.);
#2417=CARTESIAN_POINT('',(3.57085743937403,0.22,-3.79973410402634E-06));
#2418=DIRECTION('',(6.12303176911189E-17,-1.0,6.12303176911189E-17));
#2419=DIRECTION('',(3.74915180455534E-33,-6.12303176911189E-17,-1.0));
#2420=SURFACE_STYLE_FILL_AREA(#3052);
#2421=ORIENTED_EDGE('',*,*,#2623,.T.);
#2422=ORIENTED_EDGE('',*,*,#2624,.T.);
#2423=ORIENTED_EDGE('',*,*,#2659,.T.);
#2424=ORIENTED_EDGE('',*,*,#2660,.T.);
#2425=ORIENTED_EDGE('',*,*,#2695,.T.);
#2426=ORIENTED_EDGE('',*,*,#2696,.T.);
#2427=ORIENTED_EDGE('',*,*,#3016,.T.);
#2428=ORIENTED_EDGE('',*,*,#2977,.T.);
#2429=ORIENTED_EDGE('',*,*,#3011,.T.);
#2430=ORIENTED_EDGE('',*,*,#3018,.T.);
#2431=ORIENTED_EDGE('',*,*,#3021,.T.);
#2432=ORIENTED_EDGE('',*,*,#2973,.T.);
#2433=ORIENTED_EDGE('',*,*,#2986,.T.);
#2434=ORIENTED_EDGE('',*,*,#3053,.F.);
#2435=ORIENTED_EDGE('',*,*,#3054,.F.);
#2436=ORIENTED_EDGE('',*,*,#3055,.F.);
#2437=ORIENTED_EDGE('',*,*,#3056,.F.);
#2438=ORIENTED_EDGE('',*,*,#3057,.F.);
#2439=ORIENTED_EDGE('',*,*,#2996,.T.);
#2440=ORIENTED_EDGE('',*,*,#3058,.T.);
#2441=ORIENTED_EDGE('',*,*,#3044,.T.);
#2442=ORIENTED_EDGE('',*,*,#3023,.T.);
#2443=ORIENTED_EDGE('',*,*,#3028,.T.);
#2444=ORIENTED_EDGE('',*,*,#3059,.T.);
#2445=ORIENTED_EDGE('',*,*,#3048,.T.);
#2446=ORIENTED_EDGE('',*,*,#3032,.T.);
#2447=ORIENTED_EDGE('',*,*,#3041,.T.);
#2448=ORIENTED_EDGE('',*,*,#3060,.T.);
#2449=ORIENTED_EDGE('',*,*,#3061,.T.);
#2450=ORIENTED_EDGE('',*,*,#3062,.F.);
#2451=ORIENTED_EDGE('',*,*,#3063,.F.);
#2452=ORIENTED_EDGE('',*,*,#3064,.F.);
#2453=ORIENTED_EDGE('',*,*,#3065,.F.);
#2454=ORIENTED_EDGE('',*,*,#3066,.F.);
#2455=ORIENTED_EDGE('',*,*,#3067,.T.);
#2456=ORIENTED_EDGE('',*,*,#2981,.T.);
#2457=ORIENTED_EDGE('',*,*,#3001,.T.);
#2458=ORIENTED_EDGE('',*,*,#3013,.T.);
#2459=CARTESIAN_POINT('',(-3.05311331771918E-16,3.88812517338605E-16,-1.77635683940025E-15));
#2460=DIRECTION('',(-0.0,1.0,6.12303176911189E-17));
#2461=DIRECTION('',(1.0,0.0,0.0));
#2462=SURFACE_STYLE_FILL_AREA(#3068);
#2463=ORIENTED_EDGE('',*,*,#2968,.T.);
#2464=ORIENTED_EDGE('',*,*,#2982,.F.);
#2465=ORIENTED_EDGE('',*,*,#3067,.F.);
#2466=ORIENTED_EDGE('',*,*,#3069,.F.);
#2467=ORIENTED_EDGE('',*,*,#3070,.F.);
#2468=ORIENTED_EDGE('',*,*,#2759,.T.);
#2469=CARTESIAN_POINT('',(-3.53,4.945,4.5));
#2470=DIRECTION('',(1.22460635382238E-16,0.0,-1.0));
#2471=DIRECTION('',(-1.0,0.0,-1.22460635382238E-16));
#2472=SURFACE_STYLE_FILL_AREA(#3071);
#2473=ORIENTED_EDGE('',*,*,#2760,.T.);
#2474=ORIENTED_EDGE('',*,*,#3070,.T.);
#2475=ORIENTED_EDGE('',*,*,#3072,.F.);
#2476=ORIENTED_EDGE('',*,*,#3073,.F.);
#2477=ORIENTED_EDGE('',*,*,#3074,.F.);
#2478=ORIENTED_EDGE('',*,*,#3075,.F.);
#2479=ORIENTED_EDGE('',*,*,#3076,.F.);
#2480=ORIENTED_EDGE('',*,*,#3077,.T.);
#2481=ORIENTED_EDGE('',*,*,#2784,.T.);
#2482=ORIENTED_EDGE('',*,*,#2780,.T.);
#2483=ORIENTED_EDGE('',*,*,#2776,.T.);
#2484=ORIENTED_EDGE('',*,*,#2772,.T.);
#2485=CARTESIAN_POINT('',(-3.05311331771918E-16,8.79,-8.88178419700125E-16));
#2486=DIRECTION('',(-0.0,1.0,6.12303176911189E-17));
#2487=DIRECTION('',(1.0,0.0,0.0));
#2488=SURFACE_STYLE_FILL_AREA(#3078);
#2489=ORIENTED_EDGE('',*,*,#3069,.T.);
#2490=ORIENTED_EDGE('',*,*,#3066,.T.);
#2491=ORIENTED_EDGE('',*,*,#3079,.T.);
#2492=ORIENTED_EDGE('',*,*,#3072,.T.);
#2493=CARTESIAN_POINT('',(-3.43,3.88812517338605E-16,0.0));
#2494=DIRECTION('',(-1.0,4.64815784654996E-33,-7.59126854444551E-17));
#2495=DIRECTION('',(-7.59126854444551E-17,-6.12303176911189E-17,1.0));
#2496=SURFACE_STYLE_FILL_AREA(#3080);
#2497=ORIENTED_EDGE('',*,*,#2985,.T.);
#2498=ORIENTED_EDGE('',*,*,#2993,.T.);
#2499=ORIENTED_EDGE('',*,*,#3081,.F.);
#2500=ORIENTED_EDGE('',*,*,#3053,.T.);
#2501=CARTESIAN_POINT('',(-3.43,3.88812517338605E-16,0.0));
#2502=DIRECTION('',(-1.0,4.64815784654996E-33,-7.59126854444551E-17));
#2503=DIRECTION('',(-7.59126854444551E-17,-6.12303176911189E-17,1.0));
#2504=SURFACE_STYLE_FILL_AREA(#3082);
#2505=ORIENTED_EDGE('',*,*,#2797,.T.);
#2506=ORIENTED_EDGE('',*,*,#3083,.T.);
#2507=ORIENTED_EDGE('',*,*,#3060,.F.);
#2508=ORIENTED_EDGE('',*,*,#3042,.T.);
#2509=ORIENTED_EDGE('',*,*,#3037,.T.);
#2510=ORIENTED_EDGE('',*,*,#3049,.T.);
#2511=ORIENTED_EDGE('',*,*,#3059,.F.);
#2512=ORIENTED_EDGE('',*,*,#3030,.T.);
#2513=ORIENTED_EDGE('',*,*,#3051,.T.);
#2514=ORIENTED_EDGE('',*,*,#3045,.T.);
#2515=ORIENTED_EDGE('',*,*,#3058,.F.);
#2516=ORIENTED_EDGE('',*,*,#2995,.T.);
#2517=CARTESIAN_POINT('',(3.03,4.945,0.0));
#2518=DIRECTION('',(1.0,0.0,0.0));
#2519=DIRECTION('',(0.0,0.0,-1.0));
#2520=SURFACE_STYLE_FILL_AREA(#3084);
#2521=ORIENTED_EDGE('',*,*,#2785,.T.);
#2522=ORIENTED_EDGE('',*,*,#3077,.F.);
#2523=ORIENTED_EDGE('',*,*,#3085,.F.);
#2524=ORIENTED_EDGE('',*,*,#3061,.F.);
#2525=ORIENTED_EDGE('',*,*,#3083,.F.);
#2526=ORIENTED_EDGE('',*,*,#2796,.T.);
#2527=CARTESIAN_POINT('',(3.53,4.945,4.5));
#2528=DIRECTION('',(0.0,0.0,1.0));
#2529=DIRECTION('',(1.0,0.0,0.0));
#2530=SURFACE_STYLE_FILL_AREA(#3086);
#2531=ORIENTED_EDGE('',*,*,#2997,.T.);
#2532=ORIENTED_EDGE('',*,*,#3057,.T.);
#2533=ORIENTED_EDGE('',*,*,#3087,.T.);
#2534=ORIENTED_EDGE('',*,*,#2989,.T.);
#2535=CARTESIAN_POINT('',(3.43,3.88812517338605E-16,-8.88178419700125E-16));
#2536=DIRECTION('',(1.0,-4.64815784654996E-33,7.59126854444551E-17));
#2537=DIRECTION('',(7.59126854444551E-17,6.12303176911189E-17,-1.0));
#2538=SURFACE_STYLE_FILL_AREA(#3088);
#2539=ORIENTED_EDGE('',*,*,#3073,.T.);
#2540=ORIENTED_EDGE('',*,*,#3079,.F.);
#2541=ORIENTED_EDGE('',*,*,#3065,.T.);
#2542=ORIENTED_EDGE('',*,*,#3089,.T.);
#2543=CARTESIAN_POINT('',(-2.93,3.06151588455594E-17,5.85));
#2544=DIRECTION('',(-0.0,1.0,6.12303176911189E-17));
#2545=DIRECTION('',(1.0,0.0,0.0));
#2546=SURFACE_STYLE_FILL_AREA(#3090);
#2547=ORIENTED_EDGE('',*,*,#2992,.T.);
#2548=ORIENTED_EDGE('',*,*,#3091,.F.);
#2549=ORIENTED_EDGE('',*,*,#3054,.T.);
#2550=ORIENTED_EDGE('',*,*,#3081,.T.);
#2551=CARTESIAN_POINT('',(-2.93,7.4700987583165E-16,-5.85));
#2552=DIRECTION('',(-0.0,1.0,6.12303176911189E-17));
#2553=DIRECTION('',(1.0,0.0,0.0));
#2554=SURFACE_STYLE_FILL_AREA(#3092);
#2555=ORIENTED_EDGE('',*,*,#2991,.T.);
#2556=ORIENTED_EDGE('',*,*,#3093,.F.);
#2557=ORIENTED_EDGE('',*,*,#3055,.T.);
#2558=ORIENTED_EDGE('',*,*,#3091,.T.);
#2559=CARTESIAN_POINT('',(4.44089209850063E-16,7.7762503467721E-16,-6.35));
#2560=DIRECTION('',(0.0,6.12303176911189E-17,-1.0));
#2561=DIRECTION('',(-1.0,0.0,0.0));
#2562=SURFACE_STYLE_FILL_AREA(#3094);
#2563=ORIENTED_EDGE('',*,*,#2990,.T.);
#2564=ORIENTED_EDGE('',*,*,#3087,.F.);
#2565=ORIENTED_EDGE('',*,*,#3056,.T.);
#2566=ORIENTED_EDGE('',*,*,#3093,.T.);
#2567=CARTESIAN_POINT('',(2.93,7.4700987583165E-16,-5.85));
#2568=DIRECTION('',(-0.0,1.0,6.12303176911189E-17));
#2569=DIRECTION('',(1.0,0.0,0.0));
#2570=SURFACE_STYLE_FILL_AREA(#3095);
#2571=ORIENTED_EDGE('',*,*,#3085,.T.);
#2572=ORIENTED_EDGE('',*,*,#3076,.T.);
#2573=ORIENTED_EDGE('',*,*,#3096,.F.);
#2574=ORIENTED_EDGE('',*,*,#3062,.T.);
#2575=CARTESIAN_POINT('',(3.43,3.88812517338605E-16,-8.88178419700125E-16));
#2576=DIRECTION('',(1.0,-4.64815784654996E-33,7.59126854444551E-17));
#2577=DIRECTION('',(7.59126854444551E-17,6.12303176911189E-17,-1.0));
#2578=SURFACE_STYLE_FILL_AREA(#3097);
#2579=ORIENTED_EDGE('',*,*,#3075,.T.);
#2580=ORIENTED_EDGE('',*,*,#3098,.F.);
#2581=ORIENTED_EDGE('',*,*,#3063,.T.);
#2582=ORIENTED_EDGE('',*,*,#3096,.T.);
#2583=CARTESIAN_POINT('',(2.93,3.06151588455595E-17,5.85));
#2584=DIRECTION('',(-0.0,1.0,6.12303176911189E-17));
#2585=DIRECTION('',(1.0,0.0,0.0));
#2586=SURFACE_STYLE_FILL_AREA(#3099);
#2587=ORIENTED_EDGE('',*,*,#3074,.T.);
#2588=ORIENTED_EDGE('',*,*,#3089,.F.);
#2589=ORIENTED_EDGE('',*,*,#3064,.T.);
#2590=ORIENTED_EDGE('',*,*,#3098,.T.);
#2591=CARTESIAN_POINT('',(0.0,3.88037211771478E-32,6.35));
#2592=DIRECTION('',(0.0,-6.12303176911189E-17,1.0));
#2593=DIRECTION('',(1.0,0.0,0.0));
#2594=FILL_AREA_STYLE('',(#3100));
#2595=EDGE_CURVE('',#3101,#3102,#3103,.T.);
#2596=EDGE_CURVE('',#3102,#3104,#3105,.T.);
#2597=EDGE_CURVE('',#3104,#3106,#3107,.T.);
#2598=EDGE_CURVE('',#3101,#3106,#3108,.T.);
#2599=FILL_AREA_STYLE('',(#3109));
#2600=EDGE_CURVE('',#3110,#3111,#3112,.T.);
#2601=EDGE_CURVE('',#3110,#3102,#3113,.T.);
#2602=EDGE_CURVE('',#3111,#3101,#3114,.T.);
#2603=FILL_AREA_STYLE('',(#3115));
#2604=EDGE_CURVE('',#3116,#3117,#3118,.T.);
#2605=EDGE_CURVE('',#3119,#3116,#3120,.T.);
#2606=EDGE_CURVE('',#3121,#3119,#3122,.T.);
#2607=EDGE_CURVE('',#3121,#3117,#3123,.T.);
#2608=FILL_AREA_STYLE('',(#3124));
#2609=EDGE_CURVE('',#3125,#3110,#3126,.T.);
#2610=EDGE_CURVE('',#3127,#3125,#3128,.T.);
#2611=EDGE_CURVE('',#3102,#3127,#3129,.T.);
#2612=FILL_AREA_STYLE('',(#3130));
#2613=EDGE_CURVE('',#3131,#3132,#3133,.T.);
#2614=EDGE_CURVE('',#3134,#3131,#3135,.T.);
#2615=EDGE_CURVE('',#3136,#3134,#3137,.T.);
#2616=EDGE_CURVE('',#3138,#3136,#3139,.T.);
#2617=EDGE_CURVE('',#3132,#3138,#3140,.T.);
#2618=FILL_AREA_STYLE('',(#3141));
#2619=EDGE_CURVE('',#3142,#3143,#3144,.T.);
#2620=EDGE_CURVE('',#3145,#3142,#3146,.T.);
#2621=EDGE_CURVE('',#3147,#3145,#3148,.T.);
#2622=EDGE_CURVE('',#3143,#3147,#3149,.T.);
#2623=EDGE_CURVE('',#3150,#3151,#3152,.T.);
#2624=EDGE_CURVE('',#3151,#3150,#3153,.T.);
#2625=FILL_AREA_STYLE('',(#3154));
#2626=EDGE_CURVE('',#3155,#3156,#3157,.T.);
#2627=EDGE_CURVE('',#3155,#3158,#3159,.T.);
#2628=EDGE_CURVE('',#3160,#3158,#3161,.T.);
#2629=EDGE_CURVE('',#3156,#3160,#3162,.T.);
#2630=FILL_AREA_STYLE('',(#3163));
#2631=EDGE_CURVE('',#3156,#3164,#3165,.T.);
#2632=EDGE_CURVE('',#3166,#3160,#3167,.T.);
#2633=EDGE_CURVE('',#3164,#3166,#3168,.T.);
#2634=FILL_AREA_STYLE('',(#3169));
#2635=EDGE_CURVE('',#3164,#3170,#3171,.T.);
#2636=EDGE_CURVE('',#3172,#3166,#3173,.T.);
#2637=EDGE_CURVE('',#3170,#3172,#3174,.T.);
#2638=FILL_AREA_STYLE('',(#3175));
#2639=EDGE_CURVE('',#3170,#3155,#3176,.T.);
#2640=EDGE_CURVE('',#3158,#3172,#3177,.T.);
#2641=FILL_AREA_STYLE('',(#3178));
#2642=EDGE_CURVE('',#3147,#3179,#3180,.T.);
#2643=EDGE_CURVE('',#3181,#3179,#3182,.T.);
#2644=EDGE_CURVE('',#3181,#3143,#3183,.T.);
#2645=FILL_AREA_STYLE('',(#3184));
#2646=EDGE_CURVE('',#3145,#3185,#3186,.T.);
#2647=EDGE_CURVE('',#3179,#3185,#3187,.T.);
#2648=FILL_AREA_STYLE('',(#3188));
#2649=EDGE_CURVE('',#3189,#3142,#3190,.T.);
#2650=EDGE_CURVE('',#3185,#3189,#3191,.T.);
#2651=FILL_AREA_STYLE('',(#3192));
#2652=EDGE_CURVE('',#3181,#3189,#3193,.T.);
#2653=FILL_AREA_STYLE('',(#3194));
#2654=FILL_AREA_STYLE('',(#3195));
#2655=EDGE_CURVE('',#3196,#3197,#3198,.T.);
#2656=EDGE_CURVE('',#3199,#3196,#3200,.T.);
#2657=EDGE_CURVE('',#3201,#3199,#3202,.T.);
#2658=EDGE_CURVE('',#3197,#3201,#3203,.T.);
#2659=EDGE_CURVE('',#3204,#3205,#3206,.T.);
#2660=EDGE_CURVE('',#3205,#3204,#3207,.T.);
#2661=FILL_AREA_STYLE('',(#3208));
#2662=EDGE_CURVE('',#3209,#3210,#3211,.T.);
#2663=EDGE_CURVE('',#3209,#3212,#3213,.T.);
#2664=EDGE_CURVE('',#3214,#3212,#3215,.T.);
#2665=EDGE_CURVE('',#3210,#3214,#3216,.T.);
#2666=FILL_AREA_STYLE('',(#3217));
#2667=EDGE_CURVE('',#3210,#3218,#3219,.T.);
#2668=EDGE_CURVE('',#3220,#3214,#3221,.T.);
#2669=EDGE_CURVE('',#3218,#3220,#3222,.T.);
#2670=FILL_AREA_STYLE('',(#3223));
#2671=EDGE_CURVE('',#3218,#3224,#3225,.T.);
#2672=EDGE_CURVE('',#3226,#3220,#3227,.T.);
#2673=EDGE_CURVE('',#3224,#3226,#3228,.T.);
#2674=FILL_AREA_STYLE('',(#3229));
#2675=EDGE_CURVE('',#3224,#3209,#3230,.T.);
#2676=EDGE_CURVE('',#3212,#3226,#3231,.T.);
#2677=FILL_AREA_STYLE('',(#3232));
#2678=EDGE_CURVE('',#3201,#3233,#3234,.T.);
#2679=EDGE_CURVE('',#3235,#3233,#3236,.T.);
#2680=EDGE_CURVE('',#3235,#3197,#3237,.T.);
#2681=FILL_AREA_STYLE('',(#3238));
#2682=EDGE_CURVE('',#3199,#3239,#3240,.T.);
#2683=EDGE_CURVE('',#3233,#3239,#3241,.T.);
#2684=FILL_AREA_STYLE('',(#3242));
#2685=EDGE_CURVE('',#3243,#3196,#3244,.T.);
#2686=EDGE_CURVE('',#3239,#3243,#3245,.T.);
#2687=FILL_AREA_STYLE('',(#3246));
#2688=EDGE_CURVE('',#3235,#3243,#3247,.T.);
#2689=FILL_AREA_STYLE('',(#3248));
#2690=FILL_AREA_STYLE('',(#3249));
#2691=EDGE_CURVE('',#3250,#3251,#3252,.T.);
#2692=EDGE_CURVE('',#3253,#3250,#3254,.T.);
#2693=EDGE_CURVE('',#3255,#3253,#3256,.T.);
#2694=EDGE_CURVE('',#3251,#3255,#3257,.T.);
#2695=EDGE_CURVE('',#3258,#3259,#3260,.T.);
#2696=EDGE_CURVE('',#3259,#3258,#3261,.T.);
#2697=FILL_AREA_STYLE('',(#3262));
#2698=EDGE_CURVE('',#3263,#3264,#3265,.T.);
#2699=EDGE_CURVE('',#3263,#3266,#3267,.T.);
#2700=EDGE_CURVE('',#3268,#3266,#3269,.T.);
#2701=EDGE_CURVE('',#3264,#3268,#3270,.T.);
#2702=FILL_AREA_STYLE('',(#3271));
#2703=EDGE_CURVE('',#3264,#3272,#3273,.T.);
#2704=EDGE_CURVE('',#3274,#3268,#3275,.T.);
#2705=EDGE_CURVE('',#3272,#3274,#3276,.T.);
#2706=FILL_AREA_STYLE('',(#3277));
#2707=EDGE_CURVE('',#3272,#3278,#3279,.T.);
#2708=EDGE_CURVE('',#3280,#3274,#3281,.T.);
#2709=EDGE_CURVE('',#3278,#3280,#3282,.T.);
#2710=FILL_AREA_STYLE('',(#3283));
#2711=EDGE_CURVE('',#3278,#3263,#3284,.T.);
#2712=EDGE_CURVE('',#3266,#3280,#3285,.T.);
#2713=FILL_AREA_STYLE('',(#3286));
#2714=EDGE_CURVE('',#3255,#3287,#3288,.T.);
#2715=EDGE_CURVE('',#3289,#3287,#3290,.T.);
#2716=EDGE_CURVE('',#3289,#3251,#3291,.T.);
#2717=FILL_AREA_STYLE('',(#3292));
#2718=EDGE_CURVE('',#3253,#3293,#3294,.T.);
#2719=EDGE_CURVE('',#3287,#3293,#3295,.T.);
#2720=FILL_AREA_STYLE('',(#3296));
#2721=EDGE_CURVE('',#3297,#3250,#3298,.T.);
#2722=EDGE_CURVE('',#3293,#3297,#3299,.T.);
#2723=FILL_AREA_STYLE('',(#3300));
#2724=EDGE_CURVE('',#3289,#3297,#3301,.T.);
#2725=FILL_AREA_STYLE('',(#3302));
#2726=FILL_AREA_STYLE('',(#3303));
#2727=EDGE_CURVE('',#3304,#3132,#3305,.T.);
#2728=EDGE_CURVE('',#3136,#3304,#3306,.T.);
#2729=EDGE_CURVE('',#3307,#3134,#3308,.T.);
#2730=EDGE_CURVE('',#3131,#3307,#3309,.T.);
#2731=FILL_AREA_STYLE('',(#3310));
#2732=FILL_AREA_STYLE('',(#3311));
#2733=EDGE_CURVE('',#3312,#3110,#3313,.T.);
#2734=EDGE_CURVE('',#3312,#3314,#3315,.T.);
#2735=EDGE_CURVE('',#3314,#3316,#3317,.T.);
#2736=EDGE_CURVE('',#3316,#3104,#3318,.T.);
#2737=EDGE_CURVE('',#3125,#3127,#3319,.T.);
#2738=FILL_AREA_STYLE('',(#3320));
#2739=EDGE_CURVE('',#3321,#3322,#3323,.T.);
#2740=EDGE_CURVE('',#3324,#3321,#3325,.T.);
#2741=EDGE_CURVE('',#3326,#3324,#3327,.T.);
#2742=EDGE_CURVE('',#3322,#3326,#3328,.T.);
#2743=FILL_AREA_STYLE('',(#3329));
#2744=EDGE_CURVE('',#3322,#3330,#3331,.T.);
#2745=EDGE_CURVE('',#3314,#3326,#3332,.T.);
#2746=EDGE_CURVE('',#3330,#3312,#3333,.T.);
#2747=FILL_AREA_STYLE('',(#3334));
#2748=EDGE_CURVE('',#3316,#3324,#3335,.T.);
#2749=FILL_AREA_STYLE('',(#3336));
#2750=EDGE_CURVE('',#3106,#3321,#3337,.T.);
#2751=FILL_AREA_STYLE('',(#3338));
#2752=EDGE_CURVE('',#3330,#3111,#3339,.T.);
#2753=EDGE_CURVE('',#3117,#3121,#3340,.T.);
#2754=FILL_AREA_STYLE('',(#3341));
#2755=EDGE_CURVE('',#3116,#3119,#3342,.T.);
#2756=FILL_AREA_STYLE('',(#3343));
#2757=FILL_AREA_STYLE('',(#3344));
#2758=FILL_AREA_STYLE('',(#3345));
#2759=EDGE_CURVE('',#3346,#3347,#3348,.T.);
#2760=EDGE_CURVE('',#3349,#3346,#3350,.T.);
#2761=EDGE_CURVE('',#3349,#3351,#3352,.T.);
#2762=EDGE_CURVE('',#3351,#3353,#3354,.T.);
#2763=EDGE_CURVE('',#3355,#3353,#3356,.T.);
#2764=EDGE_CURVE('',#3357,#3355,#3358,.T.);
#2765=EDGE_CURVE('',#3359,#3357,#3360,.T.);
#2766=EDGE_CURVE('',#3359,#3361,#3362,.T.);
#2767=EDGE_CURVE('',#3361,#3363,#3364,.T.);
#2768=EDGE_CURVE('',#3363,#3365,#3366,.T.);
#2769=EDGE_CURVE('',#3365,#3367,#3368,.T.);
#2770=EDGE_CURVE('',#3367,#3347,#3369,.T.);
#2771=FILL_AREA_STYLE('',(#3370));
#2772=EDGE_CURVE('',#3371,#3349,#3372,.T.);
#2773=EDGE_CURVE('',#3371,#3373,#3374,.T.);
#2774=EDGE_CURVE('',#3373,#3351,#3375,.T.);
#2775=FILL_AREA_STYLE('',(#3376));
#2776=EDGE_CURVE('',#3377,#3371,#3378,.T.);
#2777=EDGE_CURVE('',#3377,#3379,#3380,.T.);
#2778=EDGE_CURVE('',#3379,#3373,#3381,.T.);
#2779=FILL_AREA_STYLE('',(#3382));
#2780=EDGE_CURVE('',#3383,#3377,#3384,.T.);
#2781=EDGE_CURVE('',#3383,#3385,#3386,.T.);
#2782=EDGE_CURVE('',#3385,#3379,#3387,.T.);
#2783=FILL_AREA_STYLE('',(#3388));
#2784=EDGE_CURVE('',#3389,#3383,#3390,.T.);
#2785=EDGE_CURVE('',#3391,#3389,#3392,.T.);
#2786=EDGE_CURVE('',#3391,#3393,#3394,.T.);
#2787=EDGE_CURVE('',#3393,#3395,#3396,.T.);
#2788=EDGE_CURVE('',#3395,#3397,#3398,.T.);
#2789=EDGE_CURVE('',#3397,#3399,#3400,.T.);
#2790=EDGE_CURVE('',#3399,#3401,#3402,.T.);
#2791=EDGE_CURVE('',#3403,#3401,#3404,.T.);
#2792=EDGE_CURVE('',#3405,#3403,#3406,.T.);
#2793=EDGE_CURVE('',#3405,#3407,#3408,.T.);
#2794=EDGE_CURVE('',#3407,#3385,#3409,.T.);
#2795=FILL_AREA_STYLE('',(#3410));
#2796=EDGE_CURVE('',#3411,#3391,#3412,.T.);
#2797=EDGE_CURVE('',#3413,#3411,#3414,.T.);
#2798=EDGE_CURVE('',#3401,#3413,#3415,.T.);
#2799=EDGE_CURVE('',#3399,#3416,#3417,.T.);
#2800=EDGE_CURVE('',#3416,#3418,#3419,.T.);
#2801=EDGE_CURVE('',#3418,#3393,#3420,.T.);
#2802=FILL_AREA_STYLE('',(#3421));
#2803=EDGE_CURVE('',#3422,#3423,#3424,.T.);
#2804=EDGE_CURVE('',#3425,#3422,#3426,.T.);
#2805=EDGE_CURVE('',#3427,#3425,#3428,.T.);
#2806=EDGE_CURVE('',#3427,#3429,#3430,.T.);
#2807=EDGE_CURVE('',#3429,#3431,#3432,.T.);
#2808=EDGE_CURVE('',#3431,#3433,#3434,.T.);
#2809=EDGE_CURVE('',#3433,#3423,#3435,.T.);
#2810=FILL_AREA_STYLE('',(#3436));
#2811=EDGE_CURVE('',#3437,#3422,#3438,.T.);
#2812=EDGE_CURVE('',#3437,#3439,#3440,.T.);
#2813=EDGE_CURVE('',#3425,#3439,#3441,.T.);
#2814=FILL_AREA_STYLE('',(#3442));
#2815=EDGE_CURVE('',#3439,#3443,#3444,.T.);
#2816=EDGE_CURVE('',#3427,#3443,#3445,.T.);
#2817=FILL_AREA_STYLE('',(#3446));
#2818=EDGE_CURVE('',#3443,#3447,#3448,.T.);
#2819=EDGE_CURVE('',#3429,#3447,#3449,.T.);
#2820=FILL_AREA_STYLE('',(#3450));
#2821=EDGE_CURVE('',#3447,#3451,#3452,.T.);
#2822=EDGE_CURVE('',#3431,#3451,#3453,.T.);
#2823=FILL_AREA_STYLE('',(#3454));
#2824=EDGE_CURVE('',#3451,#3455,#3456,.T.);
#2825=EDGE_CURVE('',#3433,#3455,#3457,.T.);
#2826=FILL_AREA_STYLE('',(#3458));
#2827=EDGE_CURVE('',#3455,#3459,#3460,.T.);
#2828=EDGE_CURVE('',#3423,#3459,#3461,.T.);
#2829=FILL_AREA_STYLE('',(#3462));
#2830=EDGE_CURVE('',#3459,#3437,#3463,.T.);
#2831=FILL_AREA_STYLE('',(#3464));
#2832=EDGE_CURVE('',#3465,#3466,#3467,.T.);
#2833=EDGE_CURVE('',#3468,#3465,#3469,.T.);
#2834=EDGE_CURVE('',#3470,#3468,#3471,.T.);
#2835=EDGE_CURVE('',#3470,#3472,#3473,.T.);
#2836=EDGE_CURVE('',#3472,#3474,#3475,.T.);
#2837=EDGE_CURVE('',#3474,#3476,#3477,.T.);
#2838=EDGE_CURVE('',#3476,#3466,#3478,.T.);
#2839=FILL_AREA_STYLE('',(#3479));
#2840=EDGE_CURVE('',#3480,#3465,#3481,.T.);
#2841=EDGE_CURVE('',#3480,#3482,#3483,.T.);
#2842=EDGE_CURVE('',#3468,#3482,#3484,.T.);
#2843=FILL_AREA_STYLE('',(#3485));
#2844=EDGE_CURVE('',#3482,#3486,#3487,.T.);
#2845=EDGE_CURVE('',#3470,#3486,#3488,.T.);
#2846=FILL_AREA_STYLE('',(#3489));
#2847=EDGE_CURVE('',#3486,#3490,#3491,.T.);
#2848=EDGE_CURVE('',#3472,#3490,#3492,.T.);
#2849=FILL_AREA_STYLE('',(#3493));
#2850=EDGE_CURVE('',#3490,#3494,#3495,.T.);
#2851=EDGE_CURVE('',#3474,#3494,#3496,.T.);
#2852=FILL_AREA_STYLE('',(#3497));
#2853=EDGE_CURVE('',#3494,#3498,#3499,.T.);
#2854=EDGE_CURVE('',#3476,#3498,#3500,.T.);
#2855=FILL_AREA_STYLE('',(#3501));
#2856=EDGE_CURVE('',#3498,#3502,#3503,.T.);
#2857=EDGE_CURVE('',#3466,#3502,#3504,.T.);
#2858=FILL_AREA_STYLE('',(#3505));
#2859=EDGE_CURVE('',#3502,#3480,#3506,.T.);
#2860=FILL_AREA_STYLE('',(#3507));
#2861=EDGE_CURVE('',#3508,#3509,#3510,.T.);
#2862=EDGE_CURVE('',#3511,#3508,#3512,.T.);
#2863=EDGE_CURVE('',#3513,#3511,#3514,.T.);
#2864=EDGE_CURVE('',#3513,#3515,#3516,.T.);
#2865=EDGE_CURVE('',#3515,#3517,#3518,.T.);
#2866=EDGE_CURVE('',#3517,#3519,#3520,.T.);
#2867=EDGE_CURVE('',#3519,#3509,#3521,.T.);
#2868=FILL_AREA_STYLE('',(#3522));
#2869=EDGE_CURVE('',#3523,#3508,#3524,.T.);
#2870=EDGE_CURVE('',#3523,#3525,#3526,.T.);
#2871=EDGE_CURVE('',#3511,#3525,#3527,.T.);
#2872=FILL_AREA_STYLE('',(#3528));
#2873=EDGE_CURVE('',#3525,#3529,#3530,.T.);
#2874=EDGE_CURVE('',#3513,#3529,#3531,.T.);
#2875=FILL_AREA_STYLE('',(#3532));
#2876=EDGE_CURVE('',#3529,#3533,#3534,.T.);
#2877=EDGE_CURVE('',#3515,#3533,#3535,.T.);
#2878=FILL_AREA_STYLE('',(#3536));
#2879=EDGE_CURVE('',#3533,#3537,#3538,.T.);
#2880=EDGE_CURVE('',#3517,#3537,#3539,.T.);
#2881=FILL_AREA_STYLE('',(#3540));
#2882=EDGE_CURVE('',#3537,#3541,#3542,.T.);
#2883=EDGE_CURVE('',#3519,#3541,#3543,.T.);
#2884=FILL_AREA_STYLE('',(#3544));
#2885=EDGE_CURVE('',#3541,#3545,#3546,.T.);
#2886=EDGE_CURVE('',#3509,#3545,#3547,.T.);
#2887=FILL_AREA_STYLE('',(#3548));
#2888=EDGE_CURVE('',#3545,#3523,#3549,.T.);
#2889=FILL_AREA_STYLE('',(#3550));
#2890=EDGE_CURVE('',#3551,#3552,#3553,.T.);
#2891=EDGE_CURVE('',#3554,#3551,#3555,.T.);
#2892=EDGE_CURVE('',#3556,#3554,#3557,.T.);
#2893=EDGE_CURVE('',#3556,#3558,#3559,.T.);
#2894=EDGE_CURVE('',#3558,#3560,#3561,.T.);
#2895=EDGE_CURVE('',#3560,#3562,#3563,.T.);
#2896=EDGE_CURVE('',#3562,#3552,#3564,.T.);
#2897=FILL_AREA_STYLE('',(#3565));
#2898=EDGE_CURVE('',#3566,#3551,#3567,.T.);
#2899=EDGE_CURVE('',#3566,#3568,#3569,.T.);
#2900=EDGE_CURVE('',#3554,#3568,#3570,.T.);
#2901=FILL_AREA_STYLE('',(#3571));
#2902=EDGE_CURVE('',#3568,#3572,#3573,.T.);
#2903=EDGE_CURVE('',#3556,#3572,#3574,.T.);
#2904=FILL_AREA_STYLE('',(#3575));
#2905=EDGE_CURVE('',#3572,#3576,#3577,.T.);
#2906=EDGE_CURVE('',#3558,#3576,#3578,.T.);
#2907=FILL_AREA_STYLE('',(#3579));
#2908=EDGE_CURVE('',#3576,#3580,#3581,.T.);
#2909=EDGE_CURVE('',#3560,#3580,#3582,.T.);
#2910=FILL_AREA_STYLE('',(#3583));
#2911=EDGE_CURVE('',#3580,#3584,#3585,.T.);
#2912=EDGE_CURVE('',#3562,#3584,#3586,.T.);
#2913=FILL_AREA_STYLE('',(#3587));
#2914=EDGE_CURVE('',#3584,#3588,#3589,.T.);
#2915=EDGE_CURVE('',#3552,#3588,#3590,.T.);
#2916=FILL_AREA_STYLE('',(#3591));
#2917=EDGE_CURVE('',#3588,#3566,#3592,.T.);
#2918=FILL_AREA_STYLE('',(#3593));
#2919=EDGE_CURVE('',#3594,#3595,#3596,.T.);
#2920=EDGE_CURVE('',#3597,#3594,#3598,.T.);
#2921=EDGE_CURVE('',#3599,#3597,#3600,.T.);
#2922=EDGE_CURVE('',#3595,#3599,#3601,.T.);
#2923=FILL_AREA_STYLE('',(#3602));
#2924=EDGE_CURVE('',#3367,#3594,#3603,.T.);
#2925=EDGE_CURVE('',#3365,#3604,#3605,.T.);
#2926=EDGE_CURVE('',#3604,#3606,#3607,.T.);
#2927=EDGE_CURVE('',#3606,#3597,#3608,.T.);
#2928=FILL_AREA_STYLE('',(#3609));
#2929=EDGE_CURVE('',#3595,#3361,#3610,.T.);
#2930=EDGE_CURVE('',#3599,#3611,#3612,.T.);
#2931=EDGE_CURVE('',#3611,#3613,#3614,.T.);
#2932=EDGE_CURVE('',#3613,#3363,#3615,.T.);
#2933=FILL_AREA_STYLE('',(#3616));
#2934=EDGE_CURVE('',#3611,#3606,#3617,.T.);
#2935=FILL_AREA_STYLE('',(#3618));
#2936=EDGE_CURVE('',#3613,#3604,#3619,.T.);
#2937=FILL_AREA_STYLE('',(#3620));
#2938=FILL_AREA_STYLE('',(#3621));
#2939=EDGE_CURVE('',#3622,#3416,#3623,.T.);
#2940=EDGE_CURVE('',#3624,#3622,#3625,.T.);
#2941=EDGE_CURVE('',#3418,#3624,#3626,.T.);
#2942=FILL_AREA_STYLE('',(#3627));
#2943=EDGE_CURVE('',#3397,#3628,#3629,.T.);
#2944=EDGE_CURVE('',#3628,#3630,#3631,.T.);
#2945=EDGE_CURVE('',#3630,#3622,#3632,.T.);
#2946=FILL_AREA_STYLE('',(#3633));
#2947=EDGE_CURVE('',#3624,#3634,#3635,.T.);
#2948=EDGE_CURVE('',#3634,#3636,#3637,.T.);
#2949=EDGE_CURVE('',#3636,#3395,#3638,.T.);
#2950=FILL_AREA_STYLE('',(#3639));
#2951=EDGE_CURVE('',#3634,#3630,#3640,.T.);
#2952=FILL_AREA_STYLE('',(#3641));
#2953=EDGE_CURVE('',#3636,#3628,#3642,.T.);
#2954=FILL_AREA_STYLE('',(#3643));
#2955=FILL_AREA_STYLE('',(#3644));
#2956=EDGE_CURVE('',#3355,#3645,#3646,.T.);
#2957=EDGE_CURVE('',#3353,#3647,#3648,.T.);
#2958=EDGE_CURVE('',#3645,#3647,#3649,.T.);
#2959=FILL_AREA_STYLE('',(#3650));
#2960=EDGE_CURVE('',#3645,#3651,#3652,.T.);
#2961=EDGE_CURVE('',#3647,#3653,#3654,.T.);
#2962=EDGE_CURVE('',#3651,#3653,#3655,.T.);
#2963=FILL_AREA_STYLE('',(#3656));
#2964=EDGE_CURVE('',#3651,#3405,#3657,.T.);
#2965=EDGE_CURVE('',#3653,#3407,#3658,.T.);
#2966=FILL_AREA_STYLE('',(#3659));
#2967=FILL_AREA_STYLE('',(#3660));
#2968=EDGE_CURVE('',#3347,#3661,#3662,.T.);
#2969=EDGE_CURVE('',#3663,#3359,#3664,.T.);
#2970=EDGE_CURVE('',#3661,#3663,#3665,.T.);
#2971=FILL_AREA_STYLE('',(#3666));
#2972=EDGE_CURVE('',#3663,#3667,#3668,.T.);
#2973=EDGE_CURVE('',#3669,#3667,#3670,.T.);
#2974=EDGE_CURVE('',#3669,#3671,#3672,.T.);
#2975=EDGE_CURVE('',#3671,#3673,#3674,.T.);
#2976=EDGE_CURVE('',#3673,#3675,#3676,.T.);
#2977=EDGE_CURVE('',#3677,#3675,#3678,.T.);
#2978=EDGE_CURVE('',#3677,#3679,#3680,.T.);
#2979=EDGE_CURVE('',#3679,#3681,#3682,.T.);
#2980=EDGE_CURVE('',#3681,#3683,#3684,.T.);
#2981=EDGE_CURVE('',#3685,#3683,#3686,.T.);
#2982=EDGE_CURVE('',#3685,#3661,#3687,.T.);
#2983=FILL_AREA_STYLE('',(#3688));
#2984=EDGE_CURVE('',#3689,#3357,#3690,.T.);
#2985=EDGE_CURVE('',#3691,#3689,#3692,.T.);
#2986=EDGE_CURVE('',#3667,#3691,#3693,.T.);
#2987=FILL_AREA_STYLE('',(#3694));
#2988=EDGE_CURVE('',#3403,#3695,#3696,.T.);
#2989=EDGE_CURVE('',#3697,#3695,#3698,.T.);
#2990=EDGE_CURVE('',#3699,#3697,#3700,.T.);
#2991=EDGE_CURVE('',#3701,#3699,#3702,.T.);
#2992=EDGE_CURVE('',#3703,#3701,#3704,.T.);
#2993=EDGE_CURVE('',#3689,#3703,#3705,.T.);
#2994=FILL_AREA_STYLE('',(#3706));
#2995=EDGE_CURVE('',#3707,#3413,#3708,.T.);
#2996=EDGE_CURVE('',#3709,#3707,#3710,.T.);
#2997=EDGE_CURVE('',#3695,#3709,#3711,.T.);
#2998=FILL_AREA_STYLE('',(#3712));
#2999=EDGE_CURVE('',#3681,#3713,#3714,.T.);
#3000=EDGE_CURVE('',#3713,#3715,#3716,.T.);
#3001=EDGE_CURVE('',#3683,#3715,#3717,.T.);
#3002=FILL_AREA_STYLE('',(#3718));
#3003=EDGE_CURVE('',#3671,#3719,#3720,.T.);
#3004=EDGE_CURVE('',#3719,#3721,#3722,.T.);
#3005=EDGE_CURVE('',#3673,#3721,#3723,.T.);
#3006=FILL_AREA_STYLE('',(#3724));
#3007=EDGE_CURVE('',#3679,#3725,#3726,.T.);
#3008=EDGE_CURVE('',#3725,#3713,#3727,.T.);
#3009=FILL_AREA_STYLE('',(#3728));
#3010=EDGE_CURVE('',#3721,#3729,#3730,.T.);
#3011=EDGE_CURVE('',#3675,#3729,#3731,.T.);
#3012=FILL_AREA_STYLE('',(#3732));
#3013=EDGE_CURVE('',#3715,#3733,#3734,.T.);
#3014=EDGE_CURVE('',#3725,#3733,#3735,.T.);
#3015=FILL_AREA_STYLE('',(#3736));
#3016=EDGE_CURVE('',#3733,#3677,#3737,.T.);
#3017=FILL_AREA_STYLE('',(#3738));
#3018=EDGE_CURVE('',#3729,#3739,#3740,.T.);
#3019=EDGE_CURVE('',#3719,#3739,#3741,.T.);
#3020=FILL_AREA_STYLE('',(#3742));
#3021=EDGE_CURVE('',#3739,#3669,#3743,.T.);
#3022=FILL_AREA_STYLE('',(#3744));
#3023=EDGE_CURVE('',#3745,#3746,#3747,.T.);
#3024=EDGE_CURVE('',#3748,#3745,#3749,.T.);
#3025=EDGE_CURVE('',#3750,#3748,#3751,.T.);
#3026=EDGE_CURVE('',#3750,#3746,#3752,.T.);
#3027=FILL_AREA_STYLE('',(#3753));
#3028=EDGE_CURVE('',#3746,#3754,#3755,.T.);
#3029=EDGE_CURVE('',#3756,#3750,#3757,.T.);
#3030=EDGE_CURVE('',#3754,#3756,#3758,.T.);
#3031=FILL_AREA_STYLE('',(#3759));
#3032=EDGE_CURVE('',#3760,#3761,#3762,.T.);
#3033=EDGE_CURVE('',#3763,#3760,#3764,.T.);
#3034=EDGE_CURVE('',#3765,#3763,#3766,.T.);
#3035=EDGE_CURVE('',#3765,#3761,#3767,.T.);
#3036=FILL_AREA_STYLE('',(#3768));
#3037=EDGE_CURVE('',#3769,#3770,#3771,.T.);
#3038=EDGE_CURVE('',#3769,#3765,#3772,.T.);
#3039=EDGE_CURVE('',#3770,#3763,#3773,.T.);
#3040=FILL_AREA_STYLE('',(#3774));
#3041=EDGE_CURVE('',#3761,#3775,#3776,.T.);
#3042=EDGE_CURVE('',#3775,#3769,#3777,.T.);
#3043=FILL_AREA_STYLE('',(#3778));
#3044=EDGE_CURVE('',#3779,#3745,#3780,.T.);
#3045=EDGE_CURVE('',#3781,#3779,#3782,.T.);
#3046=EDGE_CURVE('',#3781,#3748,#3783,.T.);
#3047=FILL_AREA_STYLE('',(#3784));
#3048=EDGE_CURVE('',#3785,#3760,#3786,.T.);
#3049=EDGE_CURVE('',#3770,#3785,#3787,.T.);
#3050=FILL_AREA_STYLE('',(#3788));
#3051=EDGE_CURVE('',#3756,#3781,#3789,.T.);
#3052=FILL_AREA_STYLE('',(#3790));
#3053=EDGE_CURVE('',#3791,#3691,#3792,.T.);
#3054=EDGE_CURVE('',#3793,#3791,#3794,.T.);
#3055=EDGE_CURVE('',#3795,#3793,#3796,.T.);
#3056=EDGE_CURVE('',#3797,#3795,#3798,.T.);
#3057=EDGE_CURVE('',#3709,#3797,#3799,.T.);
#3058=EDGE_CURVE('',#3707,#3779,#3800,.T.);
#3059=EDGE_CURVE('',#3754,#3785,#3801,.T.);
#3060=EDGE_CURVE('',#3775,#3802,#3803,.T.);
#3061=EDGE_CURVE('',#3802,#3804,#3805,.T.);
#3062=EDGE_CURVE('',#3806,#3804,#3807,.T.);
#3063=EDGE_CURVE('',#3808,#3806,#3809,.T.);
#3064=EDGE_CURVE('',#3810,#3808,#3811,.T.);
#3065=EDGE_CURVE('',#3812,#3810,#3813,.T.);
#3066=EDGE_CURVE('',#3814,#3812,#3815,.T.);
#3067=EDGE_CURVE('',#3814,#3685,#3816,.T.);
#3068=FILL_AREA_STYLE('',(#3817));
#3069=EDGE_CURVE('',#3818,#3814,#3819,.T.);
#3070=EDGE_CURVE('',#3346,#3818,#3820,.T.);
#3071=FILL_AREA_STYLE('',(#3821));
#3072=EDGE_CURVE('',#3822,#3818,#3823,.T.);
#3073=EDGE_CURVE('',#3824,#3822,#3825,.T.);
#3074=EDGE_CURVE('',#3826,#3824,#3827,.T.);
#3075=EDGE_CURVE('',#3828,#3826,#3829,.T.);
#3076=EDGE_CURVE('',#3830,#3828,#3831,.T.);
#3077=EDGE_CURVE('',#3830,#3389,#3832,.T.);
#3078=FILL_AREA_STYLE('',(#3833));
#3079=EDGE_CURVE('',#3812,#3822,#3834,.T.);
#3080=FILL_AREA_STYLE('',(#3835));
#3081=EDGE_CURVE('',#3791,#3703,#3836,.T.);
#3082=FILL_AREA_STYLE('',(#3837));
#3083=EDGE_CURVE('',#3411,#3802,#3838,.T.);
#3084=FILL_AREA_STYLE('',(#3839));
#3085=EDGE_CURVE('',#3804,#3830,#3840,.T.);
#3086=FILL_AREA_STYLE('',(#3841));
#3087=EDGE_CURVE('',#3797,#3697,#3842,.T.);
#3088=FILL_AREA_STYLE('',(#3843));
#3089=EDGE_CURVE('',#3810,#3824,#3844,.T.);
#3090=FILL_AREA_STYLE('',(#3845));
#3091=EDGE_CURVE('',#3793,#3701,#3846,.T.);
#3092=FILL_AREA_STYLE('',(#3847));
#3093=EDGE_CURVE('',#3795,#3699,#3848,.T.);
#3094=FILL_AREA_STYLE('',(#3849));
#3095=FILL_AREA_STYLE('',(#3850));
#3096=EDGE_CURVE('',#3806,#3828,#3851,.T.);
#3097=FILL_AREA_STYLE('',(#3852));
#3098=EDGE_CURVE('',#3808,#3826,#3853,.T.);
#3099=FILL_AREA_STYLE('',(#3854));
#3100=FILL_AREA_STYLE_COLOUR('',#3855);
#3101=VERTEX_POINT('',#3856);
#3102=VERTEX_POINT('',#3857);
#3103=LINE('',#3858,#3859);
#3104=VERTEX_POINT('',#3860);
#3105=CIRCLE('',#3861,3.175);
#3106=VERTEX_POINT('',#3862);
#3107=(B_SPLINE_CURVE(2,(#3864,#3865,#3866),.UNSPECIFIED.,.F.,.F.)B_SPLINE_CURVE_WITH_KNOTS((3,3),(0.0,0.489664043467916),.UNSPECIFIED.)RATIONAL_B_SPLINE_CURVE((1.0,1.0016902498171,1.0))BOUNDED_CURVE()REPRESENTATION_ITEM('')GEOMETRIC_REPRESENTATION_ITEM()CURVE());
#3108=CIRCLE('',#3873,2.83130625);
#3109=FILL_AREA_STYLE_COLOUR('',#3874);
#3110=VERTEX_POINT('',#3875);
#3111=VERTEX_POINT('',#3876);
#3112=LINE('',#3877,#3878);
#3113=CIRCLE('',#3879,3.175);
#3114=CIRCLE('',#3880,2.83130625);
#3115=FILL_AREA_STYLE_COLOUR('',#3881);
#3116=VERTEX_POINT('',#3882);
#3117=VERTEX_POINT('',#3883);
#3118=LINE('',#3884,#3885);
#3119=VERTEX_POINT('',#3886);
#3120=CIRCLE('',#3887,2.425);
#3121=VERTEX_POINT('',#3888);
#3122=LINE('',#3889,#3890);
#3123=CIRCLE('',#3891,2.425);
#3124=FILL_AREA_STYLE_COLOUR('',#3892);
#3125=VERTEX_POINT('',#3893);
#3126=LINE('',#3894,#3895);
#3127=VERTEX_POINT('',#3896);
#3128=CIRCLE('',#3897,3.175);
#3129=LINE('',#3898,#3899);
#3130=FILL_AREA_STYLE_COLOUR('',#3900);
#3131=VERTEX_POINT('',#3901);
#3132=VERTEX_POINT('',#3902);
#3133=LINE('',#3903,#3904);
#3134=VERTEX_POINT('',#3905);
#3135=ELLIPSE('',#3906,1.46288667268387,1.46);
#3136=VERTEX_POINT('',#3907);
#3137=LINE('',#3908,#3909);
#3138=VERTEX_POINT('',#3910);
#3139=CIRCLE('',#3911,1.46);
#3140=CIRCLE('',#3912,1.46);
#3141=FILL_AREA_STYLE_COLOUR('',#3913);
#3142=VERTEX_POINT('',#3914);
#3143=VERTEX_POINT('',#3915);
#3144=CIRCLE('',#3916,0.698735784798078);
#3145=VERTEX_POINT('',#3917);
#3146=B_SPLINE_CURVE_WITH_KNOTS('',3,(#3918,#3919,#3920,#3921,#3922,#3923,#3924,#3925,#3926,#3927),.UNSPECIFIED.,.F.,.F.,(4,2,2,2,4),(4.86149847660581,5.42402274087668,5.98654700514755,6.54907126941842,7.11159553368929),.UNSPECIFIED.);
#3147=VERTEX_POINT('',#3928);
#3148=CIRCLE('',#3929,0.698735784798078);
#3149=B_SPLINE_CURVE_WITH_KNOTS('',3,(#3930,#3931,#3932,#3933,#3934,#3935,#3936,#3937,#3938,#3939),.UNSPECIFIED.,.F.,.F.,(4,2,2,2,4),(0.870467139840777,1.43299140411165,1.99551566838252,2.55803993265338,3.12056419692425),.UNSPECIFIED.);
#3150=VERTEX_POINT('',#3940);
#3151=VERTEX_POINT('',#3941);
#3152=B_SPLINE_CURVE_WITH_KNOTS('',3,(#3942,#3943,#3944,#3945,#3946,#3947,#3948,#3949,#3950,#3951,#3952,#3953,#3954,#3955,#3956,#3957,#3958,#3959,#3960,#3961,#3962,#3963,#3964,#3965,#3966,#3967,#3968,#3969,#3970,#3971),.UNSPECIFIED.,.F.,.F.,(4,2,2,2,2,2,2,2,2,2,2,2,2,2,4),(0.0,0.0797021361841672,0.123567409212394,0.208992051001553,0.407007203938636,0.926585973807959,1.57181252101029,2.21703906821263,2.86226561541496,3.5074921626173,4.02707093248662,4.2250860854237,4.31051072721286,4.35437600024109,4.43407813642526),.UNSPECIFIED.);
#3153=B_SPLINE_CURVE_WITH_KNOTS('',3,(#3972,#3973,#3974,#3975,#3976,#3977,#3978,#3979,#3980,#3981,#3982,#3983,#3984,#3985,#3986,#3987,#3988,#3989,#3990,#3991,#3992,#3993,#3994,#3995,#3996,#3997,#3998,#3999,#4000,#4001),.UNSPECIFIED.,.F.,.F.,(4,2,2,2,2,2,2,2,2,2,2,2,2,2,4),(4.43407813642526,4.51378027260942,4.55764554563765,4.64307018742681,4.84108534036389,5.36066411023322,6.00589065743555,6.65111720463789,7.29634375184022,7.94157029904255,8.46114906891188,8.65916422184896,8.74458886363812,8.78845413666635,8.86815627285051),.UNSPECIFIED.);
#3154=FILL_AREA_STYLE_COLOUR('',#4002);
#3155=VERTEX_POINT('',#4003);
#3156=VERTEX_POINT('',#4004);
#3157=CIRCLE('',#4005,0.755387931034482);
#3158=VERTEX_POINT('',#4006);
#3159=LINE('',#4007,#4008);
#3160=VERTEX_POINT('',#4009);
#3161=CIRCLE('',#4010,0.755387931034482);
#3162=LINE('',#4011,#4012);
#3163=FILL_AREA_STYLE_COLOUR('',#4013);
#3164=VERTEX_POINT('',#4014);
#3165=LINE('',#4015,#4016);
#3166=VERTEX_POINT('',#4017);
#3167=LINE('',#4018,#4019);
#3168=LINE('',#4020,#4021);
#3169=FILL_AREA_STYLE_COLOUR('',#4022);
#3170=VERTEX_POINT('',#4023);
#3171=CIRCLE('',#4024,0.755387931034482);
#3172=VERTEX_POINT('',#4025);
#3173=CIRCLE('',#4026,0.755387931034482);
#3174=LINE('',#4027,#4028);
#3175=FILL_AREA_STYLE_COLOUR('',#4029);
#3176=LINE('',#4030,#4031);
#3177=LINE('',#4032,#4033);
#3178=FILL_AREA_STYLE_COLOUR('',#4034);
#3179=VERTEX_POINT('',#4035);
#3180=LINE('',#4036,#4037);
#3181=VERTEX_POINT('',#4038);
#3182=LINE('',#4039,#4040);
#3183=LINE('',#4041,#4042);
#3184=FILL_AREA_STYLE_COLOUR('',#4043);
#3185=VERTEX_POINT('',#4044);
#3186=LINE('',#4045,#4046);
#3187=LINE('',#4047,#4048);
#3188=FILL_AREA_STYLE_COLOUR('',#4049);
#3189=VERTEX_POINT('',#4050);
#3190=LINE('',#4051,#4052);
#3191=LINE('',#4053,#4054);
#3192=FILL_AREA_STYLE_COLOUR('',#4055);
#3193=LINE('',#4056,#4057);
#3194=FILL_AREA_STYLE_COLOUR('',#4058);
#3195=FILL_AREA_STYLE_COLOUR('',#4059);
#3196=VERTEX_POINT('',#4060);
#3197=VERTEX_POINT('',#4061);
#3198=CIRCLE('',#4062,0.698735784798078);
#3199=VERTEX_POINT('',#4063);
#3200=B_SPLINE_CURVE_WITH_KNOTS('',3,(#4064,#4065,#4066,#4067,#4068,#4069,#4070,#4071,#4072,#4073),.UNSPECIFIED.,.F.,.F.,(4,2,2,2,4),(4.86149847660581,5.42402274087668,5.98654700514755,6.54907126941842,7.11159553368929),.UNSPECIFIED.);
#3201=VERTEX_POINT('',#4074);
#3202=CIRCLE('',#4075,0.698735784798078);
#3203=B_SPLINE_CURVE_WITH_KNOTS('',3,(#4076,#4077,#4078,#4079,#4080,#4081,#4082,#4083,#4084,#4085),.UNSPECIFIED.,.F.,.F.,(4,2,2,2,4),(0.870467139840777,1.43299140411165,1.99551566838252,2.55803993265338,3.12056419692425),.UNSPECIFIED.);
#3204=VERTEX_POINT('',#4086);
#3205=VERTEX_POINT('',#4087);
#3206=B_SPLINE_CURVE_WITH_KNOTS('',3,(#4088,#4089,#4090,#4091,#4092,#4093,#4094,#4095,#4096,#4097,#4098,#4099,#4100,#4101,#4102,#4103,#4104,#4105,#4106,#4107,#4108,#4109,#4110,#4111,#4112,#4113,#4114,#4115,#4116,#4117),.UNSPECIFIED.,.F.,.F.,(4,2,2,2,2,2,2,2,2,2,2,2,2,2,4),(0.0,0.0797021361841661,0.123567409212394,0.208992051001552,0.407007203938636,0.926585973807959,1.57181252101029,2.21703906821263,2.86226561541496,3.5074921626173,4.02707093248662,4.22508608542371,4.31051072721286,4.35437600024109,4.43407813642526),.UNSPECIFIED.);
#3207=B_SPLINE_CURVE_WITH_KNOTS('',3,(#4118,#4119,#4120,#4121,#4122,#4123,#4124,#4125,#4126,#4127,#4128,#4129,#4130,#4131,#4132,#4133,#4134,#4135,#4136,#4137,#4138,#4139,#4140,#4141,#4142,#4143,#4144,#4145,#4146,#4147),.UNSPECIFIED.,.F.,.F.,(4,2,2,2,2,2,2,2,2,2,2,2,2,2,4),(4.43407813642526,4.51378027260943,4.55764554563765,4.64307018742681,4.8410853403639,5.36066411023322,6.00589065743555,6.65111720463789,7.29634375184022,7.94157029904256,8.46114906891188,8.65916422184897,8.74458886363812,8.78845413666635,8.86815627285052),.UNSPECIFIED.);
#3208=FILL_AREA_STYLE_COLOUR('',#4148);
#3209=VERTEX_POINT('',#4149);
#3210=VERTEX_POINT('',#4150);
#3211=CIRCLE('',#4151,0.755387931034482);
#3212=VERTEX_POINT('',#4152);
#3213=LINE('',#4153,#4154);
#3214=VERTEX_POINT('',#4155);
#3215=CIRCLE('',#4156,0.755387931034482);
#3216=LINE('',#4157,#4158);
#3217=FILL_AREA_STYLE_COLOUR('',#4159);
#3218=VERTEX_POINT('',#4160);
#3219=LINE('',#4161,#4162);
#3220=VERTEX_POINT('',#4163);
#3221=LINE('',#4164,#4165);
#3222=LINE('',#4166,#4167);
#3223=FILL_AREA_STYLE_COLOUR('',#4168);
#3224=VERTEX_POINT('',#4169);
#3225=CIRCLE('',#4170,0.755387931034482);
#3226=VERTEX_POINT('',#4171);
#3227=CIRCLE('',#4172,0.755387931034482);
#3228=LINE('',#4173,#4174);
#3229=FILL_AREA_STYLE_COLOUR('',#4175);
#3230=LINE('',#4176,#4177);
#3231=LINE('',#4178,#4179);
#3232=FILL_AREA_STYLE_COLOUR('',#4180);
#3233=VERTEX_POINT('',#4181);
#3234=LINE('',#4182,#4183);
#3235=VERTEX_POINT('',#4184);
#3236=LINE('',#4185,#4186);
#3237=LINE('',#4187,#4188);
#3238=FILL_AREA_STYLE_COLOUR('',#4189);
#3239=VERTEX_POINT('',#4190);
#3240=LINE('',#4191,#4192);
#3241=LINE('',#4193,#4194);
#3242=FILL_AREA_STYLE_COLOUR('',#4195);
#3243=VERTEX_POINT('',#4196);
#3244=LINE('',#4197,#4198);
#3245=LINE('',#4199,#4200);
#3246=FILL_AREA_STYLE_COLOUR('',#4201);
#3247=LINE('',#4202,#4203);
#3248=FILL_AREA_STYLE_COLOUR('',#4204);
#3249=FILL_AREA_STYLE_COLOUR('',#4205);
#3250=VERTEX_POINT('',#4206);
#3251=VERTEX_POINT('',#4207);
#3252=CIRCLE('',#4208,0.698735784798078);
#3253=VERTEX_POINT('',#4209);
#3254=B_SPLINE_CURVE_WITH_KNOTS('',3,(#4210,#4211,#4212,#4213,#4214,#4215,#4216,#4217,#4218,#4219),.UNSPECIFIED.,.F.,.F.,(4,2,2,2,4),(4.86149847660581,5.42402274087668,5.98654700514755,6.54907126941842,7.11159553368929),.UNSPECIFIED.);
#3255=VERTEX_POINT('',#4220);
#3256=CIRCLE('',#4221,0.698735784798078);
#3257=B_SPLINE_CURVE_WITH_KNOTS('',3,(#4222,#4223,#4224,#4225,#4226,#4227,#4228,#4229,#4230,#4231),.UNSPECIFIED.,.F.,.F.,(4,2,2,2,4),(0.870467139840777,1.43299140411165,1.99551566838252,2.55803993265338,3.12056419692425),.UNSPECIFIED.);
#3258=VERTEX_POINT('',#4232);
#3259=VERTEX_POINT('',#4233);
#3260=B_SPLINE_CURVE_WITH_KNOTS('',3,(#4234,#4235,#4236,#4237,#4238,#4239,#4240,#4241,#4242,#4243,#4244,#4245,#4246,#4247,#4248,#4249,#4250,#4251,#4252,#4253,#4254,#4255,#4256,#4257,#4258,#4259,#4260,#4261,#4262,#4263),.UNSPECIFIED.,.F.,.F.,(4,2,2,2,2,2,2,2,2,2,2,2,2,2,4),(0.0,0.079702136184168,0.123567409212395,0.208992051001554,0.407007203938636,0.926585973807959,1.57181252101029,2.21703906821263,2.86226561541496,3.5074921626173,4.02707093248662,4.2250860854237,4.31051072721286,4.35437600024109,4.43407813642526),.UNSPECIFIED.);
#3261=B_SPLINE_CURVE_WITH_KNOTS('',3,(#4264,#4265,#4266,#4267,#4268,#4269,#4270,#4271,#4272,#4273,#4274,#4275,#4276,#4277,#4278,#4279,#4280,#4281,#4282,#4283,#4284,#4285,#4286,#4287,#4288,#4289,#4290,#4291,#4292,#4293),.UNSPECIFIED.,.F.,.F.,(4,2,2,2,2,2,2,2,2,2,2,2,2,2,4),(4.43407813642526,4.51378027260942,4.55764554563765,4.64307018742681,4.84108534036389,5.36066411023322,6.00589065743555,6.65111720463788,7.29634375184022,7.94157029904255,8.46114906891188,8.65916422184896,8.74458886363812,8.78845413666635,8.86815627285051),.UNSPECIFIED.);
#3262=FILL_AREA_STYLE_COLOUR('',#4294);
#3263=VERTEX_POINT('',#4295);
#3264=VERTEX_POINT('',#4296);
#3265=CIRCLE('',#4297,0.755387931034482);
#3266=VERTEX_POINT('',#4298);
#3267=LINE('',#4299,#4300);
#3268=VERTEX_POINT('',#4301);
#3269=CIRCLE('',#4302,0.755387931034482);
#3270=LINE('',#4303,#4304);
#3271=FILL_AREA_STYLE_COLOUR('',#4305);
#3272=VERTEX_POINT('',#4306);
#3273=LINE('',#4307,#4308);
#3274=VERTEX_POINT('',#4309);
#3275=LINE('',#4310,#4311);
#3276=LINE('',#4312,#4313);
#3277=FILL_AREA_STYLE_COLOUR('',#4314);
#3278=VERTEX_POINT('',#4315);
#3279=CIRCLE('',#4316,0.755387931034482);
#3280=VERTEX_POINT('',#4317);
#3281=CIRCLE('',#4318,0.755387931034482);
#3282=LINE('',#4319,#4320);
#3283=FILL_AREA_STYLE_COLOUR('',#4321);
#3284=LINE('',#4322,#4323);
#3285=LINE('',#4324,#4325);
#3286=FILL_AREA_STYLE_COLOUR('',#4326);
#3287=VERTEX_POINT('',#4327);
#3288=LINE('',#4328,#4329);
#3289=VERTEX_POINT('',#4330);
#3290=LINE('',#4331,#4332);
#3291=LINE('',#4333,#4334);
#3292=FILL_AREA_STYLE_COLOUR('',#4335);
#3293=VERTEX_POINT('',#4336);
#3294=LINE('',#4337,#4338);
#3295=LINE('',#4339,#4340);
#3296=FILL_AREA_STYLE_COLOUR('',#4341);
#3297=VERTEX_POINT('',#4342);
#3298=LINE('',#4343,#4344);
#3299=LINE('',#4345,#4346);
#3300=FILL_AREA_STYLE_COLOUR('',#4347);
#3301=LINE('',#4348,#4349);
#3302=FILL_AREA_STYLE_COLOUR('',#4350);
#3303=FILL_AREA_STYLE_COLOUR('',#4351);
#3304=VERTEX_POINT('',#4352);
#3305=CIRCLE('',#4353,1.46);
#3306=CIRCLE('',#4354,1.46);
#3307=VERTEX_POINT('',#4355);
#3308=ELLIPSE('',#4356,1.46288667268387,1.46);
#3309=ELLIPSE('',#4357,1.46288667268387,1.46);
#3310=FILL_AREA_STYLE_COLOUR('',#4358);
#3311=FILL_AREA_STYLE_COLOUR('',#4359);
#3312=VERTEX_POINT('',#4360);
#3313=CIRCLE('',#4361,3.175);
#3314=VERTEX_POINT('',#4362);
#3315=LINE('',#4363,#4364);
#3316=VERTEX_POINT('',#4365);
#3317=CIRCLE('',#4366,3.175);
#3318=LINE('',#4367,#4368);
#3319=CIRCLE('',#4369,3.175);
#3320=FILL_AREA_STYLE_COLOUR('',#4370);
#3321=VERTEX_POINT('',#4371);
#3322=VERTEX_POINT('',#4372);
#3323=LINE('',#4373,#4374);
#3324=VERTEX_POINT('',#4375);
#3325=LINE('',#4376,#4377);
#3326=VERTEX_POINT('',#4378);
#3327=LINE('',#4379,#4380);
#3328=LINE('',#4381,#4382);
#3329=FILL_AREA_STYLE_COLOUR('',#4383);
#3330=VERTEX_POINT('',#4384);
#3331=LINE('',#4385,#4386);
#3332=LINE('',#4387,#4388);
#3333=(B_SPLINE_CURVE(2,(#4390,#4391,#4392),.UNSPECIFIED.,.F.,.F.)B_SPLINE_CURVE_WITH_KNOTS((3,3),(0.0,0.489664043467916),.UNSPECIFIED.)RATIONAL_B_SPLINE_CURVE((1.0,1.0016902498171,1.0))BOUNDED_CURVE()REPRESENTATION_ITEM('')GEOMETRIC_REPRESENTATION_ITEM()CURVE());
#3334=FILL_AREA_STYLE_COLOUR('',#4399);
#3335=LINE('',#4400,#4401);
#3336=FILL_AREA_STYLE_COLOUR('',#4402);
#3337=LINE('',#4403,#4404);
#3338=FILL_AREA_STYLE_COLOUR('',#4405);
#3339=CIRCLE('',#4406,2.83130625);
#3340=CIRCLE('',#4407,2.425);
#3341=FILL_AREA_STYLE_COLOUR('',#4408);
#3342=CIRCLE('',#4409,2.425);
#3343=FILL_AREA_STYLE_COLOUR('',#4410);
#3344=FILL_AREA_STYLE_COLOUR('',#4411);
#3345=FILL_AREA_STYLE_COLOUR('',#4412);
#3346=VERTEX_POINT('',#4413);
#3347=VERTEX_POINT('',#4414);
#3348=LINE('',#4415,#4416);
#3349=VERTEX_POINT('',#4417);
#3350=LINE('',#4418,#4419);
#3351=VERTEX_POINT('',#4420);
#3352=LINE('',#4421,#4422);
#3353=VERTEX_POINT('',#4423);
#3354=LINE('',#4424,#4425);
#3355=VERTEX_POINT('',#4426);
#3356=LINE('',#4427,#4428);
#3357=VERTEX_POINT('',#4429);
#3358=LINE('',#4430,#4431);
#3359=VERTEX_POINT('',#4432);
#3360=LINE('',#4433,#4434);
#3361=VERTEX_POINT('',#4435);
#3362=LINE('',#4436,#4437);
#3363=VERTEX_POINT('',#4438);
#3364=LINE('',#4439,#4440);
#3365=VERTEX_POINT('',#4441);
#3366=LINE('',#4442,#4443);
#3367=VERTEX_POINT('',#4444);
#3368=LINE('',#4445,#4446);
#3369=LINE('',#4447,#4448);
#3370=FILL_AREA_STYLE_COLOUR('',#4449);
#3371=VERTEX_POINT('',#4450);
#3372=CIRCLE('',#4451,0.5);
#3373=VERTEX_POINT('',#4452);
#3374=LINE('',#4453,#4454);
#3375=CIRCLE('',#4455,0.5);
#3376=FILL_AREA_STYLE_COLOUR('',#4456);
#3377=VERTEX_POINT('',#4457);
#3378=LINE('',#4458,#4459);
#3379=VERTEX_POINT('',#4460);
#3380=LINE('',#4461,#4462);
#3381=LINE('',#4463,#4464);
#3382=FILL_AREA_STYLE_COLOUR('',#4465);
#3383=VERTEX_POINT('',#4466);
#3384=CIRCLE('',#4467,0.5);
#3385=VERTEX_POINT('',#4468);
#3386=LINE('',#4469,#4470);
#3387=CIRCLE('',#4471,0.5);
#3388=FILL_AREA_STYLE_COLOUR('',#4472);
#3389=VERTEX_POINT('',#4473);
#3390=LINE('',#4474,#4475);
#3391=VERTEX_POINT('',#4476);
#3392=LINE('',#4477,#4478);
#3393=VERTEX_POINT('',#4479);
#3394=LINE('',#4480,#4481);
#3395=VERTEX_POINT('',#4482);
#3396=LINE('',#4483,#4484);
#3397=VERTEX_POINT('',#4485);
#3398=LINE('',#4486,#4487);
#3399=VERTEX_POINT('',#4488);
#3400=LINE('',#4489,#4490);
#3401=VERTEX_POINT('',#4491);
#3402=LINE('',#4492,#4493);
#3403=VERTEX_POINT('',#4494);
#3404=LINE('',#4495,#4496);
#3405=VERTEX_POINT('',#4497);
#3406=LINE('',#4498,#4499);
#3407=VERTEX_POINT('',#4500);
#3408=LINE('',#4501,#4502);
#3409=LINE('',#4503,#4504);
#3410=FILL_AREA_STYLE_COLOUR('',#4505);
#3411=VERTEX_POINT('',#4506);
#3412=LINE('',#4507,#4508);
#3413=VERTEX_POINT('',#4509);
#3414=LINE('',#4510,#4511);
#3415=LINE('',#4512,#4513);
#3416=VERTEX_POINT('',#4514);
#3417=LINE('',#4515,#4516);
#3418=VERTEX_POINT('',#4517);
#3419=LINE('',#4518,#4519);
#3420=LINE('',#4520,#4521);
#3421=FILL_AREA_STYLE_COLOUR('',#4522);
#3422=VERTEX_POINT('',#4523);
#3423=VERTEX_POINT('',#4524);
#3424=LINE('',#4525,#4526);
#3425=VERTEX_POINT('',#4527);
#3426=LINE('',#4528,#4529);
#3427=VERTEX_POINT('',#4530);
#3428=CIRCLE('',#4531,0.25);
#3429=VERTEX_POINT('',#4532);
#3430=LINE('',#4533,#4534);
#3431=VERTEX_POINT('',#4535);
#3432=LINE('',#4536,#4537);
#3433=VERTEX_POINT('',#4538);
#3434=LINE('',#4539,#4540);
#3435=CIRCLE('',#4541,0.15);
#3436=FILL_AREA_STYLE_COLOUR('',#4542);
#3437=VERTEX_POINT('',#4543);
#3438=LINE('',#4544,#4545);
#3439=VERTEX_POINT('',#4546);
#3440=LINE('',#4547,#4548);
#3441=LINE('',#4549,#4550);
#3442=FILL_AREA_STYLE_COLOUR('',#4551);
#3443=VERTEX_POINT('',#4552);
#3444=CIRCLE('',#4553,0.25);
#3445=LINE('',#4554,#4555);
#3446=FILL_AREA_STYLE_COLOUR('',#4556);
#3447=VERTEX_POINT('',#4557);
#3448=LINE('',#4558,#4559);
#3449=LINE('',#4560,#4561);
#3450=FILL_AREA_STYLE_COLOUR('',#4562);
#3451=VERTEX_POINT('',#4563);
#3452=LINE('',#4564,#4565);
#3453=LINE('',#4566,#4567);
#3454=FILL_AREA_STYLE_COLOUR('',#4568);
#3455=VERTEX_POINT('',#4569);
#3456=LINE('',#4570,#4571);
#3457=LINE('',#4572,#4573);
#3458=FILL_AREA_STYLE_COLOUR('',#4574);
#3459=VERTEX_POINT('',#4575);
#3460=CIRCLE('',#4576,0.15);
#3461=LINE('',#4577,#4578);
#3462=FILL_AREA_STYLE_COLOUR('',#4579);
#3463=LINE('',#4580,#4581);
#3464=FILL_AREA_STYLE_COLOUR('',#4582);
#3465=VERTEX_POINT('',#4583);
#3466=VERTEX_POINT('',#4584);
#3467=LINE('',#4585,#4586);
#3468=VERTEX_POINT('',#4587);
#3469=LINE('',#4588,#4589);
#3470=VERTEX_POINT('',#4590);
#3471=CIRCLE('',#4591,0.25);
#3472=VERTEX_POINT('',#4592);
#3473=LINE('',#4593,#4594);
#3474=VERTEX_POINT('',#4595);
#3475=LINE('',#4596,#4597);
#3476=VERTEX_POINT('',#4598);
#3477=LINE('',#4599,#4600);
#3478=CIRCLE('',#4601,0.15);
#3479=FILL_AREA_STYLE_COLOUR('',#4602);
#3480=VERTEX_POINT('',#4603);
#3481=LINE('',#4604,#4605);
#3482=VERTEX_POINT('',#4606);
#3483=LINE('',#4607,#4608);
#3484=LINE('',#4609,#4610);
#3485=FILL_AREA_STYLE_COLOUR('',#4611);
#3486=VERTEX_POINT('',#4612);
#3487=CIRCLE('',#4613,0.25);
#3488=LINE('',#4614,#4615);
#3489=FILL_AREA_STYLE_COLOUR('',#4616);
#3490=VERTEX_POINT('',#4617);
#3491=LINE('',#4618,#4619);
#3492=LINE('',#4620,#4621);
#3493=FILL_AREA_STYLE_COLOUR('',#4622);
#3494=VERTEX_POINT('',#4623);
#3495=LINE('',#4624,#4625);
#3496=LINE('',#4626,#4627);
#3497=FILL_AREA_STYLE_COLOUR('',#4628);
#3498=VERTEX_POINT('',#4629);
#3499=LINE('',#4630,#4631);
#3500=LINE('',#4632,#4633);
#3501=FILL_AREA_STYLE_COLOUR('',#4634);
#3502=VERTEX_POINT('',#4635);
#3503=CIRCLE('',#4636,0.15);
#3504=LINE('',#4637,#4638);
#3505=FILL_AREA_STYLE_COLOUR('',#4639);
#3506=LINE('',#4640,#4641);
#3507=FILL_AREA_STYLE_COLOUR('',#4642);
#3508=VERTEX_POINT('',#4643);
#3509=VERTEX_POINT('',#4644);
#3510=LINE('',#4645,#4646);
#3511=VERTEX_POINT('',#4647);
#3512=LINE('',#4648,#4649);
#3513=VERTEX_POINT('',#4650);
#3514=CIRCLE('',#4651,0.25);
#3515=VERTEX_POINT('',#4652);
#3516=LINE('',#4653,#4654);
#3517=VERTEX_POINT('',#4655);
#3518=LINE('',#4656,#4657);
#3519=VERTEX_POINT('',#4658);
#3520=LINE('',#4659,#4660);
#3521=CIRCLE('',#4661,0.15);
#3522=FILL_AREA_STYLE_COLOUR('',#4662);
#3523=VERTEX_POINT('',#4663);
#3524=LINE('',#4664,#4665);
#3525=VERTEX_POINT('',#4666);
#3526=LINE('',#4667,#4668);
#3527=LINE('',#4669,#4670);
#3528=FILL_AREA_STYLE_COLOUR('',#4671);
#3529=VERTEX_POINT('',#4672);
#3530=CIRCLE('',#4673,0.25);
#3531=LINE('',#4674,#4675);
#3532=FILL_AREA_STYLE_COLOUR('',#4676);
#3533=VERTEX_POINT('',#4677);
#3534=LINE('',#4678,#4679);
#3535=LINE('',#4680,#4681);
#3536=FILL_AREA_STYLE_COLOUR('',#4682);
#3537=VERTEX_POINT('',#4683);
#3538=LINE('',#4684,#4685);
#3539=LINE('',#4686,#4687);
#3540=FILL_AREA_STYLE_COLOUR('',#4688);
#3541=VERTEX_POINT('',#4689);
#3542=LINE('',#4690,#4691);
#3543=LINE('',#4692,#4693);
#3544=FILL_AREA_STYLE_COLOUR('',#4694);
#3545=VERTEX_POINT('',#4695);
#3546=CIRCLE('',#4696,0.15);
#3547=LINE('',#4697,#4698);
#3548=FILL_AREA_STYLE_COLOUR('',#4699);
#3549=LINE('',#4700,#4701);
#3550=FILL_AREA_STYLE_COLOUR('',#4702);
#3551=VERTEX_POINT('',#4703);
#3552=VERTEX_POINT('',#4704);
#3553=LINE('',#4705,#4706);
#3554=VERTEX_POINT('',#4707);
#3555=LINE('',#4708,#4709);
#3556=VERTEX_POINT('',#4710);
#3557=CIRCLE('',#4711,0.25);
#3558=VERTEX_POINT('',#4712);
#3559=LINE('',#4713,#4714);
#3560=VERTEX_POINT('',#4715);
#3561=LINE('',#4716,#4717);
#3562=VERTEX_POINT('',#4718);
#3563=LINE('',#4719,#4720);
#3564=CIRCLE('',#4721,0.15);
#3565=FILL_AREA_STYLE_COLOUR('',#4722);
#3566=VERTEX_POINT('',#4723);
#3567=LINE('',#4724,#4725);
#3568=VERTEX_POINT('',#4726);
#3569=LINE('',#4727,#4728);
#3570=LINE('',#4729,#4730);
#3571=FILL_AREA_STYLE_COLOUR('',#4731);
#3572=VERTEX_POINT('',#4732);
#3573=CIRCLE('',#4733,0.25);
#3574=LINE('',#4734,#4735);
#3575=FILL_AREA_STYLE_COLOUR('',#4736);
#3576=VERTEX_POINT('',#4737);
#3577=LINE('',#4738,#4739);
#3578=LINE('',#4740,#4741);
#3579=FILL_AREA_STYLE_COLOUR('',#4742);
#3580=VERTEX_POINT('',#4743);
#3581=LINE('',#4744,#4745);
#3582=LINE('',#4746,#4747);
#3583=FILL_AREA_STYLE_COLOUR('',#4748);
#3584=VERTEX_POINT('',#4749);
#3585=LINE('',#4750,#4751);
#3586=LINE('',#4752,#4753);
#3587=FILL_AREA_STYLE_COLOUR('',#4754);
#3588=VERTEX_POINT('',#4755);
#3589=CIRCLE('',#4756,0.15);
#3590=LINE('',#4757,#4758);
#3591=FILL_AREA_STYLE_COLOUR('',#4759);
#3592=LINE('',#4760,#4761);
#3593=FILL_AREA_STYLE_COLOUR('',#4762);
#3594=VERTEX_POINT('',#4763);
#3595=VERTEX_POINT('',#4764);
#3596=LINE('',#4765,#4766);
#3597=VERTEX_POINT('',#4767);
#3598=LINE('',#4768,#4769);
#3599=VERTEX_POINT('',#4770);
#3600=LINE('',#4771,#4772);
#3601=LINE('',#4773,#4774);
#3602=FILL_AREA_STYLE_COLOUR('',#4775);
#3603=LINE('',#4776,#4777);
#3604=VERTEX_POINT('',#4778);
#3605=LINE('',#4779,#4780);
#3606=VERTEX_POINT('',#4781);
#3607=LINE('',#4782,#4783);
#3608=LINE('',#4784,#4785);
#3609=FILL_AREA_STYLE_COLOUR('',#4786);
#3610=LINE('',#4787,#4788);
#3611=VERTEX_POINT('',#4789);
#3612=LINE('',#4790,#4791);
#3613=VERTEX_POINT('',#4792);
#3614=LINE('',#4793,#4794);
#3615=LINE('',#4795,#4796);
#3616=FILL_AREA_STYLE_COLOUR('',#4797);
#3617=LINE('',#4798,#4799);
#3618=FILL_AREA_STYLE_COLOUR('',#4800);
#3619=LINE('',#4801,#4802);
#3620=FILL_AREA_STYLE_COLOUR('',#4803);
#3621=FILL_AREA_STYLE_COLOUR('',#4804);
#3622=VERTEX_POINT('',#4805);
#3623=LINE('',#4806,#4807);
#3624=VERTEX_POINT('',#4808);
#3625=LINE('',#4809,#4810);
#3626=LINE('',#4811,#4812);
#3627=FILL_AREA_STYLE_COLOUR('',#4813);
#3628=VERTEX_POINT('',#4814);
#3629=LINE('',#4815,#4816);
#3630=VERTEX_POINT('',#4817);
#3631=LINE('',#4818,#4819);
#3632=LINE('',#4820,#4821);
#3633=FILL_AREA_STYLE_COLOUR('',#4822);
#3634=VERTEX_POINT('',#4823);
#3635=LINE('',#4824,#4825);
#3636=VERTEX_POINT('',#4826);
#3637=LINE('',#4827,#4828);
#3638=LINE('',#4829,#4830);
#3639=FILL_AREA_STYLE_COLOUR('',#4831);
#3640=LINE('',#4832,#4833);
#3641=FILL_AREA_STYLE_COLOUR('',#4834);
#3642=LINE('',#4835,#4836);
#3643=FILL_AREA_STYLE_COLOUR('',#4837);
#3644=FILL_AREA_STYLE_COLOUR('',#4838);
#3645=VERTEX_POINT('',#4839);
#3646=CIRCLE('',#4840,0.5);
#3647=VERTEX_POINT('',#4841);
#3648=CIRCLE('',#4842,0.5);
#3649=LINE('',#4843,#4844);
#3650=FILL_AREA_STYLE_COLOUR('',#4845);
#3651=VERTEX_POINT('',#4846);
#3652=LINE('',#4847,#4848);
#3653=VERTEX_POINT('',#4849);
#3654=LINE('',#4850,#4851);
#3655=LINE('',#4852,#4853);
#3656=FILL_AREA_STYLE_COLOUR('',#4854);
#3657=CIRCLE('',#4855,0.5);
#3658=CIRCLE('',#4856,0.5);
#3659=FILL_AREA_STYLE_COLOUR('',#4857);
#3660=FILL_AREA_STYLE_COLOUR('',#4858);
#3661=VERTEX_POINT('',#4859);
#3662=LINE('',#4860,#4861);
#3663=VERTEX_POINT('',#4862);
#3664=LINE('',#4863,#4864);
#3665=LINE('',#4865,#4866);
#3666=FILL_AREA_STYLE_COLOUR('',#4867);
#3667=VERTEX_POINT('',#4868);
#3668=LINE('',#4869,#4870);
#3669=VERTEX_POINT('',#4871);
#3670=LINE('',#4872,#4873);
#3671=VERTEX_POINT('',#4874);
#3672=LINE('',#4875,#4876);
#3673=VERTEX_POINT('',#4877);
#3674=LINE('',#4878,#4879);
#3675=VERTEX_POINT('',#4880);
#3676=LINE('',#4881,#4882);
#3677=VERTEX_POINT('',#4883);
#3678=LINE('',#4884,#4885);
#3679=VERTEX_POINT('',#4886);
#3680=LINE('',#4887,#4888);
#3681=VERTEX_POINT('',#4889);
#3682=LINE('',#4890,#4891);
#3683=VERTEX_POINT('',#4892);
#3684=LINE('',#4893,#4894);
#3685=VERTEX_POINT('',#4895);
#3686=LINE('',#4896,#4897);
#3687=LINE('',#4898,#4899);
#3688=FILL_AREA_STYLE_COLOUR('',#4900);
#3689=VERTEX_POINT('',#4901);
#3690=LINE('',#4902,#4903);
#3691=VERTEX_POINT('',#4904);
#3692=LINE('',#4905,#4906);
#3693=LINE('',#4907,#4908);
#3694=FILL_AREA_STYLE_COLOUR('',#4909);
#3695=VERTEX_POINT('',#4910);
#3696=LINE('',#4911,#4912);
#3697=VERTEX_POINT('',#4913);
#3698=LINE('',#4914,#4915);
#3699=VERTEX_POINT('',#4916);
#3700=CIRCLE('',#4917,0.5);
#3701=VERTEX_POINT('',#4918);
#3702=LINE('',#4919,#4920);
#3703=VERTEX_POINT('',#4921);
#3704=CIRCLE('',#4922,0.5);
#3705=LINE('',#4923,#4924);
#3706=FILL_AREA_STYLE_COLOUR('',#4925);
#3707=VERTEX_POINT('',#4926);
#3708=LINE('',#4927,#4928);
#3709=VERTEX_POINT('',#4929);
#3710=LINE('',#4930,#4931);
#3711=LINE('',#4932,#4933);
#3712=FILL_AREA_STYLE_COLOUR('',#4934);
#3713=VERTEX_POINT('',#4935);
#3714=LINE('',#4936,#4937);
#3715=VERTEX_POINT('',#4938);
#3716=LINE('',#4939,#4940);
#3717=LINE('',#4941,#4942);
#3718=FILL_AREA_STYLE_COLOUR('',#4943);
#3719=VERTEX_POINT('',#4944);
#3720=LINE('',#4945,#4946);
#3721=VERTEX_POINT('',#4947);
#3722=CIRCLE('',#4948,0.6);
#3723=LINE('',#4949,#4950);
#3724=FILL_AREA_STYLE_COLOUR('',#4951);
#3725=VERTEX_POINT('',#4952);
#3726=LINE('',#4953,#4954);
#3727=CIRCLE('',#4955,0.6);
#3728=FILL_AREA_STYLE_COLOUR('',#4956);
#3729=VERTEX_POINT('',#4957);
#3730=LINE('',#4958,#4959);
#3731=LINE('',#4960,#4961);
#3732=FILL_AREA_STYLE_COLOUR('',#4962);
#3733=VERTEX_POINT('',#4963);
#3734=CIRCLE('',#4964,0.6);
#3735=LINE('',#4965,#4966);
#3736=FILL_AREA_STYLE_COLOUR('',#4967);
#3737=LINE('',#4968,#4969);
#3738=FILL_AREA_STYLE_COLOUR('',#4970);
#3739=VERTEX_POINT('',#4971);
#3740=CIRCLE('',#4972,0.6);
#3741=LINE('',#4973,#4974);
#3742=FILL_AREA_STYLE_COLOUR('',#4975);
#3743=LINE('',#4976,#4977);
#3744=FILL_AREA_STYLE_COLOUR('',#4978);
#3745=VERTEX_POINT('',#4979);
#3746=VERTEX_POINT('',#4980);
#3747=CIRCLE('',#4981,0.6);
#3748=VERTEX_POINT('',#4982);
#3749=LINE('',#4983,#4984);
#3750=VERTEX_POINT('',#4985);
#3751=CIRCLE('',#4986,0.6);
#3752=LINE('',#4987,#4988);
#3753=FILL_AREA_STYLE_COLOUR('',#4989);
#3754=VERTEX_POINT('',#4990);
#3755=LINE('',#4991,#4992);
#3756=VERTEX_POINT('',#4993);
#3757=LINE('',#4994,#4995);
#3758=LINE('',#4996,#4997);
#3759=FILL_AREA_STYLE_COLOUR('',#4998);
#3760=VERTEX_POINT('',#4999);
#3761=VERTEX_POINT('',#5000);
#3762=CIRCLE('',#5001,0.6);
#3763=VERTEX_POINT('',#5002);
#3764=LINE('',#5003,#5004);
#3765=VERTEX_POINT('',#5005);
#3766=CIRCLE('',#5006,0.6);
#3767=LINE('',#5007,#5008);
#3768=FILL_AREA_STYLE_COLOUR('',#5009);
#3769=VERTEX_POINT('',#5010);
#3770=VERTEX_POINT('',#5011);
#3771=LINE('',#5012,#5013);
#3772=LINE('',#5014,#5015);
#3773=LINE('',#5016,#5017);
#3774=FILL_AREA_STYLE_COLOUR('',#5018);
#3775=VERTEX_POINT('',#5019);
#3776=LINE('',#5020,#5021);
#3777=LINE('',#5022,#5023);
#3778=FILL_AREA_STYLE_COLOUR('',#5024);
#3779=VERTEX_POINT('',#5025);
#3780=LINE('',#5026,#5027);
#3781=VERTEX_POINT('',#5028);
#3782=LINE('',#5029,#5030);
#3783=LINE('',#5031,#5032);
#3784=FILL_AREA_STYLE_COLOUR('',#5033);
#3785=VERTEX_POINT('',#5034);
#3786=LINE('',#5035,#5036);
#3787=LINE('',#5037,#5038);
#3788=FILL_AREA_STYLE_COLOUR('',#5039);
#3789=LINE('',#5040,#5041);
#3790=FILL_AREA_STYLE_COLOUR('',#5042);
#3791=VERTEX_POINT('',#5043);
#3792=LINE('',#5044,#5045);
#3793=VERTEX_POINT('',#5046);
#3794=CIRCLE('',#5047,0.5);
#3795=VERTEX_POINT('',#5048);
#3796=LINE('',#5049,#5050);
#3797=VERTEX_POINT('',#5051);
#3798=CIRCLE('',#5052,0.5);
#3799=LINE('',#5053,#5054);
#3800=LINE('',#5055,#5056);
#3801=LINE('',#5057,#5058);
#3802=VERTEX_POINT('',#5059);
#3803=LINE('',#5060,#5061);
#3804=VERTEX_POINT('',#5062);
#3805=LINE('',#5063,#5064);
#3806=VERTEX_POINT('',#5065);
#3807=LINE('',#5066,#5067);
#3808=VERTEX_POINT('',#5068);
#3809=CIRCLE('',#5069,0.5);
#3810=VERTEX_POINT('',#5070);
#3811=LINE('',#5071,#5072);
#3812=VERTEX_POINT('',#5073);
#3813=CIRCLE('',#5074,0.5);
#3814=VERTEX_POINT('',#5075);
#3815=LINE('',#5076,#5077);
#3816=LINE('',#5078,#5079);
#3817=FILL_AREA_STYLE_COLOUR('',#5080);
#3818=VERTEX_POINT('',#5081);
#3819=LINE('',#5082,#5083);
#3820=LINE('',#5084,#5085);
#3821=FILL_AREA_STYLE_COLOUR('',#5086);
#3822=VERTEX_POINT('',#5087);
#3823=LINE('',#5088,#5089);
#3824=VERTEX_POINT('',#5090);
#3825=CIRCLE('',#5091,0.5);
#3826=VERTEX_POINT('',#5092);
#3827=LINE('',#5093,#5094);
#3828=VERTEX_POINT('',#5095);
#3829=CIRCLE('',#5096,0.5);
#3830=VERTEX_POINT('',#5097);
#3831=LINE('',#5098,#5099);
#3832=LINE('',#5100,#5101);
#3833=FILL_AREA_STYLE_COLOUR('',#5102);
#3834=LINE('',#5103,#5104);
#3835=FILL_AREA_STYLE_COLOUR('',#5105);
#3836=LINE('',#5106,#5107);
#3837=FILL_AREA_STYLE_COLOUR('',#5108);
#3838=LINE('',#5109,#5110);
#3839=FILL_AREA_STYLE_COLOUR('',#5111);
#3840=LINE('',#5112,#5113);
#3841=FILL_AREA_STYLE_COLOUR('',#5114);
#3842=LINE('',#5115,#5116);
#3843=FILL_AREA_STYLE_COLOUR('',#5117);
#3844=LINE('',#5118,#5119);
#3845=FILL_AREA_STYLE_COLOUR('',#5120);
#3846=LINE('',#5121,#5122);
#3847=FILL_AREA_STYLE_COLOUR('',#5123);
#3848=LINE('',#5124,#5125);
#3849=FILL_AREA_STYLE_COLOUR('',#5126);
#3850=FILL_AREA_STYLE_COLOUR('',#5127);
#3851=LINE('',#5128,#5129);
#3852=FILL_AREA_STYLE_COLOUR('',#5130);
#3853=LINE('',#5131,#5132);
#3854=FILL_AREA_STYLE_COLOUR('',#5133);
#3855=COLOUR_RGB('',0.709803938865662,0.713725507259369,0.709803938865662);
#3856=CARTESIAN_POINT('',(-2.83130625,17.78,-3.46723562336701E-16));
#3857=CARTESIAN_POINT('',(-3.175,17.43630625,-3.88812517338605E-16));
#3858=CARTESIAN_POINT('',(-3.003153125,17.608153125,-3.67768039837653E-16));
#3859=VECTOR('',#5134,1.0);
#3860=CARTESIAN_POINT('',(-0.51,17.43630625,3.13377168919499));
#3861=AXIS2_PLACEMENT_3D('',#5135,#5136,#5137);
#3862=CARTESIAN_POINT('',(-0.51,17.78,2.7849946285925));
#3864=CARTESIAN_POINT('',(-0.51,17.43630625,3.13377168919499));
#3865=CARTESIAN_POINT('',(-0.51,17.6182796014835,2.94940427246445));
#3866=CARTESIAN_POINT('',(-0.51,17.78,2.7849946285925));
#3873=AXIS2_PLACEMENT_3D('',#5138,#5139,#5140);
#3874=COLOUR_RGB('',0.709803938865662,0.713725507259369,0.709803938865662);
#3875=CARTESIAN_POINT('',(3.175,17.43630625,3.88812517338605E-16));
#3876=CARTESIAN_POINT('',(2.83130625,17.78,3.46723562336701E-16));
#3877=CARTESIAN_POINT('',(3.003153125,17.608153125,3.67768039837653E-16));
#3878=VECTOR('',#5141,1.0);
#3879=AXIS2_PLACEMENT_3D('',#5142,#5143,#5144);
#3880=AXIS2_PLACEMENT_3D('',#5145,#5146,#5147);
#3881=COLOUR_RGB('',0.709803938865662,0.713725507259369,0.709803938865662);
#3882=CARTESIAN_POINT('',(2.425,17.28,0.0));
#3883=CARTESIAN_POINT('',(2.425,17.78,0.0));
#3884=CARTESIAN_POINT('',(2.425,17.53,2.96967040801926E-16));
#3885=VECTOR('',#5148,1.0);
#3886=CARTESIAN_POINT('',(-2.425,17.28,-2.96967040801926E-16));
#3887=AXIS2_PLACEMENT_3D('',#5149,#5150,#5151);
#3888=CARTESIAN_POINT('',(-2.425,17.78,-2.96967040801926E-16));
#3889=CARTESIAN_POINT('',(-2.425,17.53,-2.96967040801926E-16));
#3890=VECTOR('',#5152,1.0);
#3891=AXIS2_PLACEMENT_3D('',#5153,#5154,#5155);
#3892=COLOUR_RGB('',0.709803938865662,0.713725507259369,0.709803938865662);
#3893=CARTESIAN_POINT('',(3.175,8.89,3.88812517338605E-16));
#3894=CARTESIAN_POINT('',(3.175,12.663153125,3.88812517338605E-16));
#3895=VECTOR('',#5156,1.0);
#3896=CARTESIAN_POINT('',(-3.175,8.89,-3.88812517338605E-16));
#3897=AXIS2_PLACEMENT_3D('',#5157,#5158,#5159);
#3898=CARTESIAN_POINT('',(-3.175,12.663153125,-3.88812517338605E-16));
#3899=VECTOR('',#5160,1.0);
#3900=COLOUR_RGB('',0.858823537826538,0.886274516582489,0.91372549533844);
#3901=CARTESIAN_POINT('',(1.46,17.28,0.0314573336268249));
#3902=CARTESIAN_POINT('',(1.46,26.7103659478613,0.624765669316668));
#3903=CARTESIAN_POINT('',(1.46,21.7451829739307,0.312382834658334));
#3904=VECTOR('',#5161,1.0);
#3905=CARTESIAN_POINT('',(-1.46,17.28,0.0314573336268245));
#3906=AXIS2_PLACEMENT_3D('',#5162,#5163,#5164);
#3907=CARTESIAN_POINT('',(-1.46,26.7103659478613,0.624765669316668));
#3908=CARTESIAN_POINT('',(-1.46,21.7451829739307,0.312382834658334));
#3909=VECTOR('',#5165,1.0);
#3910=CARTESIAN_POINT('',(0.0,26.8020401063741,-0.832353354188609));
#3911=AXIS2_PLACEMENT_3D('',#5166,#5167,#5168);
#3912=AXIS2_PLACEMENT_3D('',#5169,#5170,#5171);
#3913=COLOUR_RGB('',1.0,0.0,0.0);
#3914=CARTESIAN_POINT('',(-1.015,-0.336371637238182,5.08));
#3915=CARTESIAN_POINT('',(-1.015,-0.336371637238182,4.32));
#3916=AXIS2_PLACEMENT_3D('',#5172,#5173,#5174);
#3917=CARTESIAN_POINT('',(1.015,-0.336371637238182,5.08));
#3918=CARTESIAN_POINT('',(1.17297844627457,-0.284977327291743,5.08));
#3919=CARTESIAN_POINT('',(0.996327931695363,-0.347857203231313,5.08));
#3920=CARTESIAN_POINT('',(0.797213578020343,-0.398906237665729,5.08));
#3921=CARTESIAN_POINT('',(0.392812508736158,-0.465019170119596,5.08));
#3922=CARTESIAN_POINT('',(0.18750808809029,-0.479974723999872,5.08));
#3923=CARTESIAN_POINT('',(-0.18750808809029,-0.479974723999872,5.08));
#3924=CARTESIAN_POINT('',(-0.392812508736158,-0.465019170119596,5.08));
#3925=CARTESIAN_POINT('',(-0.797213578020343,-0.398906237665729,5.08));
#3926=CARTESIAN_POINT('',(-0.996327931695363,-0.347857203231313,5.08));
#3927=CARTESIAN_POINT('',(-1.17297844627457,-0.284977327291742,5.08));
#3928=CARTESIAN_POINT('',(1.015,-0.336371637238182,4.32));
#3929=AXIS2_PLACEMENT_3D('',#5175,#5176,#5177);
#3930=CARTESIAN_POINT('',(-1.17297844627458,-0.284977327291743,4.32));
#3931=CARTESIAN_POINT('',(-0.996327931695364,-0.347857203231313,4.32));
#3932=CARTESIAN_POINT('',(-0.797213578020343,-0.39890623766573,4.32));
#3933=CARTESIAN_POINT('',(-0.392812508736158,-0.465019170119596,4.32));
#3934=CARTESIAN_POINT('',(-0.18750808809029,-0.479974723999872,4.32));
#3935=CARTESIAN_POINT('',(0.18750808809029,-0.479974723999872,4.32));
#3936=CARTESIAN_POINT('',(0.392812508736158,-0.465019170119596,4.32));
#3937=CARTESIAN_POINT('',(0.797213578020343,-0.39890623766573,4.32));
#3938=CARTESIAN_POINT('',(0.996327931695364,-0.347857203231313,4.32));
#3939=CARTESIAN_POINT('',(1.17297844627457,-0.284977327291743,4.32));
#3940=CARTESIAN_POINT('',(-2.12004851411229,1.01030024190346E-16,4.7));
#3941=CARTESIAN_POINT('',(2.12004851411229,1.01030024190346E-16,4.7));
#3942=CARTESIAN_POINT('',(-2.12004851411229,1.01030024190346E-16,4.7));
#3943=CARTESIAN_POINT('',(-2.12004851411229,1.09395573422777E-16,4.72656737872806));
#3944=CARTESIAN_POINT('',(-2.11071626702201,1.07529004525858E-16,4.75705176893382));
#3945=CARTESIAN_POINT('',(-2.09134437218122,1.05303322780674E-16,4.79340111071597));
#3946=CARTESIAN_POINT('',(-2.08164460484926,1.04408060022883E-16,4.80802234397997));
#3947=CARTESIAN_POINT('',(-2.05550501050077,1.02310046420835E-16,4.84228663789775));
#3948=CARTESIAN_POINT('',(-2.03173057861953,1.00807274915446E-16,4.86682956960309));
#3949=CARTESIAN_POINT('',(-1.96188805678083,9.69113328407441E-17,4.93045723350572));
#3950=CARTESIAN_POINT('',(-1.89703649344465,9.41269519828542E-17,4.97593112557233));
#3951=CARTESIAN_POINT('',(-1.69412553322262,8.6371506041823E-17,5.10259135262119));
#3952=CARTESIAN_POINT('',(-1.50499394318908,8.10960327221261E-17,5.18874921556597));
#3953=CARTESIAN_POINT('',(-1.14083391151629,7.28492721982569E-17,5.32343348366777));
#3954=CARTESIAN_POINT('',(-0.913265537443865,5.90683096724849E-17,5.38530978693232));
#3955=CARTESIAN_POINT('',(-0.450396378275926,5.41469081509129E-17,5.46568502761617));
#3956=CARTESIAN_POINT('',(-0.215075515734111,6.30135514161065E-17,5.48406829911602));
#3957=CARTESIAN_POINT('',(0.215075515734112,6.30135514161065E-17,5.48406829911602));
#3958=CARTESIAN_POINT('',(0.450396378275926,5.41469081509129E-17,5.46568502761617));
#3959=CARTESIAN_POINT('',(0.913265537443865,5.90683096724849E-17,5.38530978693232));
#3960=CARTESIAN_POINT('',(1.14083391151629,7.28492721982569E-17,5.32343348366777));
#3961=CARTESIAN_POINT('',(1.50499394318908,8.10960327221261E-17,5.18874921556597));
#3962=CARTESIAN_POINT('',(1.69412553322262,8.6371506041823E-17,5.10259135262119));
#3963=CARTESIAN_POINT('',(1.89703649344465,9.41269519828542E-17,4.97593112557233));
#3964=CARTESIAN_POINT('',(1.96188805678083,9.69113328407441E-17,4.93045723350572));
#3965=CARTESIAN_POINT('',(2.03173057861953,1.00807274915446E-16,4.86682956960309));
#3966=CARTESIAN_POINT('',(2.05550501050077,1.02310046420835E-16,4.84228663789775));
#3967=CARTESIAN_POINT('',(2.08164460484926,1.04408060022883E-16,4.80802234397997));
#3968=CARTESIAN_POINT('',(2.09134437218122,1.05303322780674E-16,4.79340111071597));
#3969=CARTESIAN_POINT('',(2.11071626702201,1.07529004525858E-16,4.75705176893382));
#3970=CARTESIAN_POINT('',(2.12004851411229,9.9403295150607E-17,4.72656737872806));
#3971=CARTESIAN_POINT('',(2.12004851411229,1.01030024190346E-16,4.7));
#3972=CARTESIAN_POINT('',(2.12004851411229,1.01030024190346E-16,4.7));
#3973=CARTESIAN_POINT('',(2.12004851411229,1.12649031502255E-16,4.67343262127194));
#3974=CARTESIAN_POINT('',(2.11071626702201,1.14515600399174E-16,4.64294823106618));
#3975=CARTESIAN_POINT('',(2.09134437218122,1.16741282144358E-16,4.60659888928403));
#3976=CARTESIAN_POINT('',(2.08164460484926,1.17636544902149E-16,4.59197765602003));
#3977=CARTESIAN_POINT('',(2.05550501050077,1.19734558504196E-16,4.55771336210225));
#3978=CARTESIAN_POINT('',(2.03173057861953,1.21237330009585E-16,4.53317043039691));
#3979=CARTESIAN_POINT('',(1.96188805678083,1.25133272084287E-16,4.46954276649428));
#3980=CARTESIAN_POINT('',(1.89703649344465,1.27917652942177E-16,4.42406887442768));
#3981=CARTESIAN_POINT('',(1.69412553322262,1.35673098883208E-16,4.29740864737881));
#3982=CARTESIAN_POINT('',(1.50499394318908,1.40948572202905E-16,4.21125078443403));
#3983=CARTESIAN_POINT('',(1.14083391151629,1.49195332726774E-16,4.07656651633223));
#3984=CARTESIAN_POINT('',(0.913265537443865,1.42991757237053E-16,4.01469021306768));
#3985=CARTESIAN_POINT('',(0.450396378275926,1.47913158758625E-16,3.93431497238383));
#3986=CARTESIAN_POINT('',(0.215075515734112,1.59031053508925E-16,3.91593170088398));
#3987=CARTESIAN_POINT('',(-0.215075515734112,1.59031053508925E-16,3.91593170088398));
#3988=CARTESIAN_POINT('',(-0.450396378275926,1.47913158758625E-16,3.93431497238383));
#3989=CARTESIAN_POINT('',(-0.913265537443865,1.42991757237053E-16,4.01469021306768));
#3990=CARTESIAN_POINT('',(-1.14083391151629,1.49195332726774E-16,4.07656651633223));
#3991=CARTESIAN_POINT('',(-1.50499394318908,1.40948572202905E-16,4.21125078443403));
#3992=CARTESIAN_POINT('',(-1.69412553322262,1.35673098883208E-16,4.29740864737881));
#3993=CARTESIAN_POINT('',(-1.89703649344465,1.27917652942177E-16,4.42406887442768));
#3994=CARTESIAN_POINT('',(-1.96188805678083,1.25133272084287E-16,4.46954276649428));
#3995=CARTESIAN_POINT('',(-2.03173057861953,1.21237330009585E-16,4.53317043039691));
#3996=CARTESIAN_POINT('',(-2.05550501050077,1.19734558504196E-16,4.55771336210225));
#3997=CARTESIAN_POINT('',(-2.08164460484926,1.17636544902149E-16,4.59197765602003));
#3998=CARTESIAN_POINT('',(-2.09134437218122,1.16741282144358E-16,4.60659888928403));
#3999=CARTESIAN_POINT('',(-2.11071626702201,1.14515600399174E-16,4.64294823106618));
#4000=CARTESIAN_POINT('',(-2.12004851411229,1.02656753230085E-16,4.67343262127194));
#4001=CARTESIAN_POINT('',(-2.12004851411229,1.01030024190346E-16,4.7));
#4002=COLOUR_RGB('',0.878431379795074,0.878431379795074,0.878431379795074);
#4003=CARTESIAN_POINT('',(-0.595,-2.97,4.32));
#4004=CARTESIAN_POINT('',(0.595,-2.97,4.32));
#4005=AXIS2_PLACEMENT_3D('',#5178,#5179,#5180);
#4006=CARTESIAN_POINT('',(-0.595,-2.97,5.08));
#4007=CARTESIAN_POINT('',(-0.595,-2.97,3.7));
#4008=VECTOR('',#5181,1.0);
#4009=CARTESIAN_POINT('',(0.595,-2.97,5.08));
#4010=AXIS2_PLACEMENT_3D('',#5182,#5183,#5184);
#4011=CARTESIAN_POINT('',(0.595,-2.97,3.7));
#4012=VECTOR('',#5185,1.0);
#4013=COLOUR_RGB('',0.878431379795074,0.878431379795074,0.878431379795074);
#4014=CARTESIAN_POINT('',(0.595,-1.57,4.32));
#4015=CARTESIAN_POINT('',(0.595,-1.615,4.32));
#4016=VECTOR('',#5186,1.0);
#4017=CARTESIAN_POINT('',(0.595,-1.57,5.08));
#4018=CARTESIAN_POINT('',(0.595,-1.615,5.08));
#4019=VECTOR('',#5187,1.0);
#4020=CARTESIAN_POINT('',(0.595,-1.57,3.7));
#4021=VECTOR('',#5188,1.0);
#4022=COLOUR_RGB('',0.878431379795074,0.878431379795074,0.878431379795074);
#4023=CARTESIAN_POINT('',(-0.595,-1.57,4.32));
#4024=AXIS2_PLACEMENT_3D('',#5189,#5190,#5191);
#4025=CARTESIAN_POINT('',(-0.595,-1.57,5.08));
#4026=AXIS2_PLACEMENT_3D('',#5192,#5193,#5194);
#4027=CARTESIAN_POINT('',(-0.595,-1.57,3.7));
#4028=VECTOR('',#5195,1.0);
#4029=COLOUR_RGB('',0.878431379795074,0.878431379795074,0.878431379795074);
#4030=CARTESIAN_POINT('',(-0.595,-1.615,4.32));
#4031=VECTOR('',#5196,1.0);
#4032=CARTESIAN_POINT('',(-0.595,-1.615,5.08));
#4033=VECTOR('',#5197,1.0);
#4034=COLOUR_RGB('',0.878431379795074,0.878431379795074,0.878431379795074);
#4035=CARTESIAN_POINT('',(1.015,-3.96,4.32));
#4036=CARTESIAN_POINT('',(1.015,2.04,4.32));
#4037=VECTOR('',#5198,1.0);
#4038=CARTESIAN_POINT('',(-1.015,-3.96,4.32));
#4039=CARTESIAN_POINT('',(-1.015,-3.96,4.32));
#4040=VECTOR('',#5199,1.0);
#4041=CARTESIAN_POINT('',(-1.015,-3.96,4.32));
#4042=VECTOR('',#5200,1.0);
#4043=COLOUR_RGB('',0.878431379795074,0.878431379795074,0.878431379795074);
#4044=CARTESIAN_POINT('',(1.015,-3.96,5.08));
#4045=CARTESIAN_POINT('',(1.015,2.04,5.08));
#4046=VECTOR('',#5201,1.0);
#4047=CARTESIAN_POINT('',(1.015,-3.96,4.32));
#4048=VECTOR('',#5202,1.0);
#4049=COLOUR_RGB('',0.878431379795074,0.878431379795074,0.878431379795074);
#4050=CARTESIAN_POINT('',(-1.015,-3.96,5.08));
#4051=CARTESIAN_POINT('',(-1.015,-3.96,5.08));
#4052=VECTOR('',#5203,1.0);
#4053=CARTESIAN_POINT('',(-1.015,-3.96,5.08));
#4054=VECTOR('',#5204,1.0);
#4055=COLOUR_RGB('',0.878431379795074,0.878431379795074,0.878431379795074);
#4056=CARTESIAN_POINT('',(-1.015,-3.96,4.32));
#4057=VECTOR('',#5205,1.0);
#4058=COLOUR_RGB('',0.878431379795074,0.878431379795074,0.878431379795074);
#4059=COLOUR_RGB('',1.0,0.0,0.0);
#4060=CARTESIAN_POINT('',(-1.015,-0.336371637238182,-4.32));
#4061=CARTESIAN_POINT('',(-1.015,-0.336371637238182,-5.08));
#4062=AXIS2_PLACEMENT_3D('',#5206,#5207,#5208);
#4063=CARTESIAN_POINT('',(1.015,-0.336371637238182,-4.32));
#4064=CARTESIAN_POINT('',(1.17297844627457,-0.284977327291743,-4.32));
#4065=CARTESIAN_POINT('',(0.996327931695363,-0.347857203231313,-4.32));
#4066=CARTESIAN_POINT('',(0.797213578020343,-0.398906237665729,-4.32));
#4067=CARTESIAN_POINT('',(0.392812508736158,-0.465019170119596,-4.32));
#4068=CARTESIAN_POINT('',(0.18750808809029,-0.479974723999872,-4.32));
#4069=CARTESIAN_POINT('',(-0.18750808809029,-0.479974723999872,-4.32));
#4070=CARTESIAN_POINT('',(-0.392812508736158,-0.465019170119596,-4.32));
#4071=CARTESIAN_POINT('',(-0.797213578020343,-0.398906237665729,-4.32));
#4072=CARTESIAN_POINT('',(-0.996327931695363,-0.347857203231313,-4.32));
#4073=CARTESIAN_POINT('',(-1.17297844627457,-0.284977327291742,-4.32));
#4074=CARTESIAN_POINT('',(1.015,-0.336371637238182,-5.08));
#4075=AXIS2_PLACEMENT_3D('',#5209,#5210,#5211);
#4076=CARTESIAN_POINT('',(-1.17297844627458,-0.284977327291743,-5.08));
#4077=CARTESIAN_POINT('',(-0.996327931695364,-0.347857203231313,-5.08));
#4078=CARTESIAN_POINT('',(-0.797213578020343,-0.39890623766573,-5.08));
#4079=CARTESIAN_POINT('',(-0.392812508736158,-0.465019170119596,-5.08));
#4080=CARTESIAN_POINT('',(-0.18750808809029,-0.479974723999872,-5.08));
#4081=CARTESIAN_POINT('',(0.18750808809029,-0.479974723999872,-5.08));
#4082=CARTESIAN_POINT('',(0.392812508736158,-0.465019170119596,-5.08));
#4083=CARTESIAN_POINT('',(0.797213578020343,-0.39890623766573,-5.08));
#4084=CARTESIAN_POINT('',(0.996327931695364,-0.347857203231313,-5.08));
#4085=CARTESIAN_POINT('',(1.17297844627457,-0.284977327291743,-5.08));
#4086=CARTESIAN_POINT('',(-2.12004851411229,6.76595010486863E-16,-4.7));
#4087=CARTESIAN_POINT('',(2.12004851411229,6.76595010486863E-16,-4.7));
#4088=CARTESIAN_POINT('',(-2.12004851411229,6.76595010486863E-16,-4.7));
#4089=CARTESIAN_POINT('',(-2.12004851411229,6.64507085735355E-16,-4.67343262127195));
#4090=CARTESIAN_POINT('',(-2.11071626702201,6.62640516838436E-16,-4.64294823106618));
#4091=CARTESIAN_POINT('',(-2.09134437218122,6.60414835093252E-16,-4.60659888928404));
#4092=CARTESIAN_POINT('',(-2.08164460484926,6.59519572335461E-16,-4.59197765602003));
#4093=CARTESIAN_POINT('',(-2.05550501050078,6.57421558733413E-16,-4.55771336210225));
#4094=CARTESIAN_POINT('',(-2.03173057861953,6.55918787228024E-16,-4.53317043039691));
#4095=CARTESIAN_POINT('',(-1.96188805678083,6.52022845153322E-16,-4.46954276649428));
#4096=CARTESIAN_POINT('',(-1.89703649344466,6.49238464295432E-16,-4.42406887442768));
#4097=CARTESIAN_POINT('',(-1.69412553322262,6.41483018354401E-16,-4.29740864737881));
#4098=CARTESIAN_POINT('',(-1.50499394318908,6.36207545034704E-16,-4.21125078443403));
#4099=CARTESIAN_POINT('',(-1.14083391151629,6.27960784510835E-16,-4.07656651633223));
#4100=CARTESIAN_POINT('',(-0.913265537443865,6.3463328538109E-16,-4.01469021306768));
#4101=CARTESIAN_POINT('',(-0.450396378275926,6.29711883859518E-16,-3.93431497238383));
#4102=CARTESIAN_POINT('',(-0.215075515734112,6.18125063728685E-16,-3.91593170088398));
#4103=CARTESIAN_POINT('',(0.215075515734112,6.18125063728685E-16,-3.91593170088398));
#4104=CARTESIAN_POINT('',(0.450396378275927,6.29711870624629E-16,-3.93431497238383));
#4105=CARTESIAN_POINT('',(0.913265537443865,6.34633272146201E-16,-4.01469021306768));
#4106=CARTESIAN_POINT('',(1.14083391151629,6.27960784510835E-16,-4.07656651633223));
#4107=CARTESIAN_POINT('',(1.50499394318908,6.36207545034704E-16,-4.21125078443403));
#4108=CARTESIAN_POINT('',(1.69412553322262,6.41483018354401E-16,-4.29740864737881));
#4109=CARTESIAN_POINT('',(1.89703649344466,6.49238464295432E-16,-4.42406887442768));
#4110=CARTESIAN_POINT('',(1.96188805678083,6.52022845153322E-16,-4.46954276649428));
#4111=CARTESIAN_POINT('',(2.03173057861953,6.55918787228024E-16,-4.53317043039691));
#4112=CARTESIAN_POINT('',(2.05550501050078,6.57421558733414E-16,-4.55771336210225));
#4113=CARTESIAN_POINT('',(2.08164460484926,6.59519572335461E-16,-4.59197765602003));
#4114=CARTESIAN_POINT('',(2.09134437218122,6.60414835093252E-16,-4.60659888928404));
#4115=CARTESIAN_POINT('',(2.11071626702201,6.62640516838436E-16,-4.64294823106618));
#4116=CARTESIAN_POINT('',(2.12004851411229,6.74968281447124E-16,-4.67343262127195));
#4117=CARTESIAN_POINT('',(2.12004851411229,6.76595010486863E-16,-4.7));
#4118=CARTESIAN_POINT('',(2.12004851411229,6.76595010486863E-16,-4.7));
#4119=CARTESIAN_POINT('',(2.12004851411229,6.67760543814833E-16,-4.72656737872806));
#4120=CARTESIAN_POINT('',(2.11071626702201,6.69627112711752E-16,-4.75705176893382));
#4121=CARTESIAN_POINT('',(2.09134437218122,6.71852794456936E-16,-4.79340111071596));
#4122=CARTESIAN_POINT('',(2.08164460484926,6.72748057214727E-16,-4.80802234397997));
#4123=CARTESIAN_POINT('',(2.05550501050078,6.74846070816774E-16,-4.84228663789775));
#4124=CARTESIAN_POINT('',(2.03173057861953,6.76348842322164E-16,-4.86682956960309));
#4125=CARTESIAN_POINT('',(1.96188805678083,6.80244784396866E-16,-4.93045723350572));
#4126=CARTESIAN_POINT('',(1.89703649344466,6.83029165254755E-16,-4.97593112557232));
#4127=CARTESIAN_POINT('',(1.69412553322262,6.90784611195787E-16,-5.10259135262119));
#4128=CARTESIAN_POINT('',(1.50499394318908,6.96060084515484E-16,-5.18874921556597));
#4129=CARTESIAN_POINT('',(1.14083391151629,7.04306845039353E-16,-5.32343348366777));
#4130=CARTESIAN_POINT('',(0.913265537443865,7.18556772650328E-16,-5.38530978693232));
#4131=CARTESIAN_POINT('',(0.450396378275926,7.234781741719E-16,-5.46568502761617));
#4132=CARTESIAN_POINT('',(0.215075515734112,7.14142565821503E-16,-5.48406829911602));
#4133=CARTESIAN_POINT('',(-0.215075515734112,7.14142565821503E-16,-5.48406829911602));
#4134=CARTESIAN_POINT('',(-0.450396378275926,7.234781741719E-16,-5.46568502761617));
#4135=CARTESIAN_POINT('',(-0.913265537443865,7.18556772650328E-16,-5.38530978693232));
#4136=CARTESIAN_POINT('',(-1.14083391151629,7.04306845039353E-16,-5.32343348366777));
#4137=CARTESIAN_POINT('',(-1.50499394318908,6.96060084515484E-16,-5.18874921556597));
#4138=CARTESIAN_POINT('',(-1.69412553322262,6.90784611195787E-16,-5.10259135262119));
#4139=CARTESIAN_POINT('',(-1.89703649344466,6.83029165254755E-16,-4.97593112557232));
#4140=CARTESIAN_POINT('',(-1.96188805678083,6.80244784396866E-16,-4.93045723350572));
#4141=CARTESIAN_POINT('',(-2.03173057861953,6.76348842322164E-16,-4.86682956960309));
#4142=CARTESIAN_POINT('',(-2.05550501050078,6.74846070816774E-16,-4.84228663789775));
#4143=CARTESIAN_POINT('',(-2.08164460484926,6.72748057214727E-16,-4.80802234397997));
#4144=CARTESIAN_POINT('',(-2.09134437218122,6.71852794456936E-16,-4.79340111071596));
#4145=CARTESIAN_POINT('',(-2.11071626702201,6.69627112711752E-16,-4.75705176893382));
#4146=CARTESIAN_POINT('',(-2.12004851411229,6.78221739526602E-16,-4.72656737872806));
#4147=CARTESIAN_POINT('',(-2.12004851411229,6.76595010486863E-16,-4.7));
#4148=COLOUR_RGB('',0.878431379795074,0.878431379795074,0.878431379795074);
#4149=CARTESIAN_POINT('',(-0.595,-2.97,-5.08));
#4150=CARTESIAN_POINT('',(0.595,-2.97,-5.08));
#4151=AXIS2_PLACEMENT_3D('',#5212,#5213,#5214);
#4152=CARTESIAN_POINT('',(-0.595,-2.97,-4.32));
#4153=CARTESIAN_POINT('',(-0.595,-2.97,-5.7));
#4154=VECTOR('',#5215,1.0);
#4155=CARTESIAN_POINT('',(0.595,-2.97,-4.32));
#4156=AXIS2_PLACEMENT_3D('',#5216,#5217,#5218);
#4157=CARTESIAN_POINT('',(0.595,-2.97,-5.7));
#4158=VECTOR('',#5219,1.0);
#4159=COLOUR_RGB('',0.878431379795074,0.878431379795074,0.878431379795074);
#4160=CARTESIAN_POINT('',(0.595,-1.57,-5.08));
#4161=CARTESIAN_POINT('',(0.595,-1.615,-5.08));
#4162=VECTOR('',#5220,1.0);
#4163=CARTESIAN_POINT('',(0.595,-1.57,-4.32));
#4164=CARTESIAN_POINT('',(0.595,-1.615,-4.32));
#4165=VECTOR('',#5221,1.0);
#4166=CARTESIAN_POINT('',(0.595,-1.57,-5.7));
#4167=VECTOR('',#5222,1.0);
#4168=COLOUR_RGB('',0.878431379795074,0.878431379795074,0.878431379795074);
#4169=CARTESIAN_POINT('',(-0.595,-1.57,-5.08));
#4170=AXIS2_PLACEMENT_3D('',#5223,#5224,#5225);
#4171=CARTESIAN_POINT('',(-0.595,-1.57,-4.32));
#4172=AXIS2_PLACEMENT_3D('',#5226,#5227,#5228);
#4173=CARTESIAN_POINT('',(-0.595,-1.57,-5.7));
#4174=VECTOR('',#5229,1.0);
#4175=COLOUR_RGB('',0.878431379795074,0.878431379795074,0.878431379795074);
#4176=CARTESIAN_POINT('',(-0.595,-1.615,-5.08));
#4177=VECTOR('',#5230,1.0);
#4178=CARTESIAN_POINT('',(-0.595,-1.615,-4.32));
#4179=VECTOR('',#5231,1.0);
#4180=COLOUR_RGB('',0.878431379795074,0.878431379795074,0.878431379795074);
#4181=CARTESIAN_POINT('',(1.015,-3.96,-5.08));
#4182=CARTESIAN_POINT('',(1.015,2.04,-5.08));
#4183=VECTOR('',#5232,1.0);
#4184=CARTESIAN_POINT('',(-1.015,-3.96,-5.08));
#4185=CARTESIAN_POINT('',(-1.015,-3.96,-5.08));
#4186=VECTOR('',#5233,1.0);
#4187=CARTESIAN_POINT('',(-1.015,-3.96,-5.08));
#4188=VECTOR('',#5234,1.0);
#4189=COLOUR_RGB('',0.878431379795074,0.878431379795074,0.878431379795074);
#4190=CARTESIAN_POINT('',(1.015,-3.96,-4.32));
#4191=CARTESIAN_POINT('',(1.015,2.04,-4.32));
#4192=VECTOR('',#5235,1.0);
#4193=CARTESIAN_POINT('',(1.015,-3.96,-5.08));
#4194=VECTOR('',#5236,1.0);
#4195=COLOUR_RGB('',0.878431379795074,0.878431379795074,0.878431379795074);
#4196=CARTESIAN_POINT('',(-1.015,-3.96,-4.32));
#4197=CARTESIAN_POINT('',(-1.015,-3.96,-4.32));
#4198=VECTOR('',#5237,1.0);
#4199=CARTESIAN_POINT('',(-1.015,-3.96,-4.32));
#4200=VECTOR('',#5238,1.0);
#4201=COLOUR_RGB('',0.878431379795074,0.878431379795074,0.878431379795074);
#4202=CARTESIAN_POINT('',(-1.015,-3.96,-5.08));
#4203=VECTOR('',#5239,1.0);
#4204=COLOUR_RGB('',0.878431379795074,0.878431379795074,0.878431379795074);
#4205=COLOUR_RGB('',1.0,0.0,0.0);
#4206=CARTESIAN_POINT('',(-1.015,-0.336371637238182,0.38));
#4207=CARTESIAN_POINT('',(-1.015,-0.336371637238182,-0.38));
#4208=AXIS2_PLACEMENT_3D('',#5240,#5241,#5242);
#4209=CARTESIAN_POINT('',(1.015,-0.336371637238182,0.38));
#4210=CARTESIAN_POINT('',(1.17297844627457,-0.284977327291743,0.38));
#4211=CARTESIAN_POINT('',(0.996327931695363,-0.347857203231313,0.38));
#4212=CARTESIAN_POINT('',(0.797213578020343,-0.398906237665729,0.38));
#4213=CARTESIAN_POINT('',(0.392812508736158,-0.465019170119596,0.38));
#4214=CARTESIAN_POINT('',(0.18750808809029,-0.479974723999872,0.38));
#4215=CARTESIAN_POINT('',(-0.18750808809029,-0.479974723999872,0.38));
#4216=CARTESIAN_POINT('',(-0.392812508736158,-0.465019170119596,0.38));
#4217=CARTESIAN_POINT('',(-0.797213578020343,-0.398906237665729,0.38));
#4218=CARTESIAN_POINT('',(-0.996327931695363,-0.347857203231313,0.38));
#4219=CARTESIAN_POINT('',(-1.17297844627457,-0.284977327291742,0.38));
#4220=CARTESIAN_POINT('',(1.015,-0.336371637238182,-0.38));
#4221=AXIS2_PLACEMENT_3D('',#5243,#5244,#5245);
#4222=CARTESIAN_POINT('',(-1.17297844627458,-0.284977327291743,-0.38));
#4223=CARTESIAN_POINT('',(-0.996327931695364,-0.347857203231313,-0.38));
#4224=CARTESIAN_POINT('',(-0.797213578020343,-0.39890623766573,-0.38));
#4225=CARTESIAN_POINT('',(-0.392812508736158,-0.465019170119596,-0.38));
#4226=CARTESIAN_POINT('',(-0.18750808809029,-0.479974723999872,-0.38));
#4227=CARTESIAN_POINT('',(0.18750808809029,-0.479974723999872,-0.38));
#4228=CARTESIAN_POINT('',(0.392812508736158,-0.465019170119596,-0.38));
#4229=CARTESIAN_POINT('',(0.797213578020343,-0.39890623766573,-0.38));
#4230=CARTESIAN_POINT('',(0.996327931695364,-0.347857203231313,-0.38));
#4231=CARTESIAN_POINT('',(1.17297844627457,-0.284977327291743,-0.38));
#4232=CARTESIAN_POINT('',(-2.12004851411229,3.88812517338605E-16,-1.53075794227797E-17));
#4233=CARTESIAN_POINT('',(2.12004851411229,3.88812517338605E-16,-9.00899725190623E-16));
#4234=CARTESIAN_POINT('',(-2.12004851411229,3.88812517338605E-16,-1.53075794227797E-17));
#4235=CARTESIAN_POINT('',(-2.12004851411229,3.86951329579066E-16,0.026567378728056));
#4236=CARTESIAN_POINT('',(-2.11071626702201,3.85084760682147E-16,0.0570517689338168));
#4237=CARTESIAN_POINT('',(-2.09134437218122,3.82859078936963E-16,0.0934011107159662));
#4238=CARTESIAN_POINT('',(-2.08164460484926,3.81963816179172E-16,0.108022343979972));
#4239=CARTESIAN_POINT('',(-2.05550501050077,3.79865802577124E-16,0.142286637897751));
#4240=CARTESIAN_POINT('',(-2.03173057861953,3.78363031071735E-16,0.166829569603089));
#4241=CARTESIAN_POINT('',(-1.96188805678083,3.74467088997033E-16,0.23045723350572));
#4242=CARTESIAN_POINT('',(-1.89703649344465,3.71682708139143E-16,0.275931125572325));
#4243=CARTESIAN_POINT('',(-1.69412553322262,3.63927262198112E-16,0.402591352621189));
#4244=CARTESIAN_POINT('',(-1.50499394318908,3.58651788878415E-16,0.488749215565972));
#4245=CARTESIAN_POINT('',(-1.14083391151629,3.50405028354546E-16,0.623433483667773));
#4246=CARTESIAN_POINT('',(-0.913265537443865,3.46850771057008E-16,0.685309786932322));
#4247=CARTESIAN_POINT('',(-0.450396378275926,3.41929369535436E-16,0.765685027616169));
#4248=CARTESIAN_POINT('',(-0.215075515734112,3.40569307572396E-16,0.784068299116021));
#4249=CARTESIAN_POINT('',(0.215075515734112,3.40569307572396E-16,0.784068299116021));
#4250=CARTESIAN_POINT('',(0.450396378275926,3.41929382770326E-16,0.765685027616168));
#4251=CARTESIAN_POINT('',(0.913265537443865,3.46850784291898E-16,0.685309786932321));
#4252=CARTESIAN_POINT('',(1.14083391151629,3.50405028354546E-16,0.623433483667773));
#4253=CARTESIAN_POINT('',(1.50499394318908,3.58651788878415E-16,0.488749215565972));
#4254=CARTESIAN_POINT('',(1.69412553322262,3.63927262198112E-16,0.402591352621189));
#4255=CARTESIAN_POINT('',(1.89703649344465,3.71682708139143E-16,0.275931125572325));
#4256=CARTESIAN_POINT('',(1.96188805678083,3.74467088997033E-16,0.23045723350572));
#4257=CARTESIAN_POINT('',(2.03173057861953,3.78363031071735E-16,0.166829569603089));
#4258=CARTESIAN_POINT('',(2.05550501050077,3.79865802577124E-16,0.142286637897751));
#4259=CARTESIAN_POINT('',(2.08164460484926,3.81963816179172E-16,0.108022343979972));
#4260=CARTESIAN_POINT('',(2.09134437218122,3.82859078936963E-16,0.0934011107159662));
#4261=CARTESIAN_POINT('',(2.11071626702201,3.85084760682147E-16,0.0570517689338168));
#4262=CARTESIAN_POINT('',(2.12004851411229,3.87185788298866E-16,0.0265673787280551));
#4263=CARTESIAN_POINT('',(2.12004851411229,3.88812517338605E-16,-9.00899725190623E-16));
#4264=CARTESIAN_POINT('',(2.12004851411229,3.88812517338605E-16,-9.00899725190623E-16));
#4265=CARTESIAN_POINT('',(2.12004851411229,3.90204787658544E-16,-0.026567378728056));
#4266=CARTESIAN_POINT('',(2.11071626702201,3.92071356555463E-16,-0.0570517689338168));
#4267=CARTESIAN_POINT('',(2.09134437218122,3.94297038300647E-16,-0.0934011107159662));
#4268=CARTESIAN_POINT('',(2.08164460484926,3.95192301058438E-16,-0.108022343979972));
#4269=CARTESIAN_POINT('',(2.05550501050077,3.97290314660485E-16,-0.142286637897751));
#4270=CARTESIAN_POINT('',(2.03173057861953,3.98793086165875E-16,-0.166829569603089));
#4271=CARTESIAN_POINT('',(1.96188805678083,4.02689028240576E-16,-0.23045723350572));
#4272=CARTESIAN_POINT('',(1.89703649344465,4.05473409098466E-16,-0.275931125572325));
#4273=CARTESIAN_POINT('',(1.69412553322262,4.13228855039497E-16,-0.402591352621189));
#4274=CARTESIAN_POINT('',(1.50499394318908,4.18504328359194E-16,-0.488749215565972));
#4275=CARTESIAN_POINT('',(1.14083391151629,4.26751088883064E-16,-0.623433483667774));
#4276=CARTESIAN_POINT('',(0.913265537443865,4.30774245091356E-16,-0.685309786932322));
#4277=CARTESIAN_POINT('',(0.450396378275926,4.35695646612928E-16,-0.765685027616168));
#4278=CARTESIAN_POINT('',(0.215075515734111,4.36586809665214E-16,-0.784068299116021));
#4279=CARTESIAN_POINT('',(-0.215075515734111,4.36586809665214E-16,-0.784068299116021));
#4280=CARTESIAN_POINT('',(-0.450396378275926,4.35695646612928E-16,-0.765685027616168));
#4281=CARTESIAN_POINT('',(-0.913265537443865,4.30774245091356E-16,-0.685309786932322));
#4282=CARTESIAN_POINT('',(-1.14083391151629,4.26751088883064E-16,-0.623433483667774));
#4283=CARTESIAN_POINT('',(-1.50499394318908,4.18504328359194E-16,-0.488749215565972));
#4284=CARTESIAN_POINT('',(-1.69412553322262,4.13228855039497E-16,-0.402591352621189));
#4285=CARTESIAN_POINT('',(-1.89703649344465,4.05473409098466E-16,-0.275931125572325));
#4286=CARTESIAN_POINT('',(-1.96188805678083,4.02689028240576E-16,-0.23045723350572));
#4287=CARTESIAN_POINT('',(-2.03173057861953,3.98793086165875E-16,-0.166829569603089));
#4288=CARTESIAN_POINT('',(-2.05550501050077,3.97290314660485E-16,-0.142286637897751));
#4289=CARTESIAN_POINT('',(-2.08164460484926,3.95192301058438E-16,-0.108022343979972));
#4290=CARTESIAN_POINT('',(-2.09134437218122,3.94297038300647E-16,-0.0934011107159662));
#4291=CARTESIAN_POINT('',(-2.11071626702201,3.92071356555463E-16,-0.0570517689338168));
#4292=CARTESIAN_POINT('',(-2.12004851411229,3.90439246378344E-16,-0.026567378728056));
#4293=CARTESIAN_POINT('',(-2.12004851411229,3.88812517338605E-16,-1.53075794227797E-17));
#4294=COLOUR_RGB('',0.878431379795074,0.878431379795074,0.878431379795074);
#4295=CARTESIAN_POINT('',(-0.595,-2.97,-0.38));
#4296=CARTESIAN_POINT('',(0.595,-2.97,-0.38));
#4297=AXIS2_PLACEMENT_3D('',#5246,#5247,#5248);
#4298=CARTESIAN_POINT('',(-0.595,-2.97,0.38));
#4299=CARTESIAN_POINT('',(-0.595,-2.97,-1.0));
#4300=VECTOR('',#5249,1.0);
#4301=CARTESIAN_POINT('',(0.595,-2.97,0.38));
#4302=AXIS2_PLACEMENT_3D('',#5250,#5251,#5252);
#4303=CARTESIAN_POINT('',(0.595,-2.97,-1.0));
#4304=VECTOR('',#5253,1.0);
#4305=COLOUR_RGB('',0.878431379795074,0.878431379795074,0.878431379795074);
#4306=CARTESIAN_POINT('',(0.595,-1.57,-0.38));
#4307=CARTESIAN_POINT('',(0.595,-1.615,-0.38));
#4308=VECTOR('',#5254,1.0);
#4309=CARTESIAN_POINT('',(0.595,-1.57,0.38));
#4310=CARTESIAN_POINT('',(0.595,-1.615,0.38));
#4311=VECTOR('',#5255,1.0);
#4312=CARTESIAN_POINT('',(0.595,-1.57,-1.0));
#4313=VECTOR('',#5256,1.0);
#4314=COLOUR_RGB('',0.878431379795074,0.878431379795074,0.878431379795074);
#4315=CARTESIAN_POINT('',(-0.595,-1.57,-0.38));
#4316=AXIS2_PLACEMENT_3D('',#5257,#5258,#5259);
#4317=CARTESIAN_POINT('',(-0.595,-1.57,0.38));
#4318=AXIS2_PLACEMENT_3D('',#5260,#5261,#5262);
#4319=CARTESIAN_POINT('',(-0.595,-1.57,-1.0));
#4320=VECTOR('',#5263,1.0);
#4321=COLOUR_RGB('',0.878431379795074,0.878431379795074,0.878431379795074);
#4322=CARTESIAN_POINT('',(-0.595,-1.615,-0.38));
#4323=VECTOR('',#5264,1.0);
#4324=CARTESIAN_POINT('',(-0.595,-1.615,0.38));
#4325=VECTOR('',#5265,1.0);
#4326=COLOUR_RGB('',0.878431379795074,0.878431379795074,0.878431379795074);
#4327=CARTESIAN_POINT('',(1.015,-3.96,-0.38));
#4328=CARTESIAN_POINT('',(1.015,2.04,-0.38));
#4329=VECTOR('',#5266,1.0);
#4330=CARTESIAN_POINT('',(-1.015,-3.96,-0.38));
#4331=CARTESIAN_POINT('',(-1.015,-3.96,-0.38));
#4332=VECTOR('',#5267,1.0);
#4333=CARTESIAN_POINT('',(-1.015,-3.96,-0.38));
#4334=VECTOR('',#5268,1.0);
#4335=COLOUR_RGB('',0.878431379795074,0.878431379795074,0.878431379795074);
#4336=CARTESIAN_POINT('',(1.015,-3.96,0.38));
#4337=CARTESIAN_POINT('',(1.015,2.04,0.38));
#4338=VECTOR('',#5269,1.0);
#4339=CARTESIAN_POINT('',(1.015,-3.96,-0.38));
#4340=VECTOR('',#5270,1.0);
#4341=COLOUR_RGB('',0.878431379795074,0.878431379795074,0.878431379795074);
#4342=CARTESIAN_POINT('',(-1.015,-3.96,0.38));
#4343=CARTESIAN_POINT('',(-1.015,-3.96,0.38));
#4344=VECTOR('',#5271,1.0);
#4345=CARTESIAN_POINT('',(-1.015,-3.96,0.38));
#4346=VECTOR('',#5272,1.0);
#4347=COLOUR_RGB('',0.878431379795074,0.878431379795074,0.878431379795074);
#4348=CARTESIAN_POINT('',(-1.015,-3.96,-0.38));
#4349=VECTOR('',#5273,1.0);
#4350=COLOUR_RGB('',0.878431379795074,0.878431379795074,0.878431379795074);
#4351=COLOUR_RGB('',0.858823537826538,0.886274516582489,0.91372549533844);
#4352=CARTESIAN_POINT('',(0.0,26.6186917893485,2.08188469282194));
#4353=AXIS2_PLACEMENT_3D('',#5274,#5275,#5276);
#4354=AXIS2_PLACEMENT_3D('',#5277,#5278,#5279);
#4355=CARTESIAN_POINT('',(-1.78792527658067E-16,17.28,1.49434400631069));
#4356=AXIS2_PLACEMENT_3D('',#5280,#5281,#5282);
#4357=AXIS2_PLACEMENT_3D('',#5283,#5284,#5285);
#4358=COLOUR_RGB('',0.858823537826538,0.886274516582489,0.91372549533844);
#4359=COLOUR_RGB('',0.709803938865662,0.713725507259369,0.709803938865662);
#4360=CARTESIAN_POINT('',(0.51,17.43630625,3.13377168919499));
#4361=AXIS2_PLACEMENT_3D('',#5286,#5287,#5288);
#4362=CARTESIAN_POINT('',(0.51,8.9,3.13377168919499));
#4363=CARTESIAN_POINT('',(0.51,13.168153125,3.13377168919499));
#4364=VECTOR('',#5289,1.0);
#4365=CARTESIAN_POINT('',(-0.51,8.9,3.13377168919499));
#4366=AXIS2_PLACEMENT_3D('',#5290,#5291,#5292);
#4367=CARTESIAN_POINT('',(-0.51,13.168153125,3.13377168919499));
#4368=VECTOR('',#5293,1.0);
#4369=AXIS2_PLACEMENT_3D('',#5294,#5295,#5296);
#4370=COLOUR_RGB('',0.709803938865662,0.713725507259369,0.709803938865662);
#4371=CARTESIAN_POINT('',(-0.51,17.78,2.47));
#4372=CARTESIAN_POINT('',(0.51,17.78,2.47));
#4373=CARTESIAN_POINT('',(1.3140765625,17.78,2.47));
#4374=VECTOR('',#5297,1.0);
#4375=CARTESIAN_POINT('',(-0.51,8.9,2.47));
#4376=CARTESIAN_POINT('',(-0.51,16.4,2.47));
#4377=VECTOR('',#5298,1.0);
#4378=CARTESIAN_POINT('',(0.51,8.9,2.47));
#4379=CARTESIAN_POINT('',(0.0,8.9,2.47));
#4380=VECTOR('',#5299,1.0);
#4381=CARTESIAN_POINT('',(0.51,16.4,2.47));
#4382=VECTOR('',#5300,1.0);
#4383=COLOUR_RGB('',0.709803938865662,0.713725507259369,0.709803938865662);
#4384=CARTESIAN_POINT('',(0.51,17.78,2.7849946285925));
#4385=CARTESIAN_POINT('',(0.51,17.78,1.485));
#4386=VECTOR('',#5301,1.0);
#4387=CARTESIAN_POINT('',(0.51,8.9,2.97));
#4388=VECTOR('',#5302,1.0);
#4390=CARTESIAN_POINT('',(0.51,17.78,2.7849946285925));
#4391=CARTESIAN_POINT('',(0.51,17.6182796014835,2.94940427246445));
#4392=CARTESIAN_POINT('',(0.51,17.43630625,3.13377168919499));
#4399=COLOUR_RGB('',0.709803938865662,0.713725507259369,0.709803938865662);
#4400=CARTESIAN_POINT('',(-0.51,8.9,2.97));
#4401=VECTOR('',#5303,1.0);
#4402=COLOUR_RGB('',0.709803938865662,0.713725507259369,0.709803938865662);
#4403=CARTESIAN_POINT('',(-0.51,17.78,1.485));
#4404=VECTOR('',#5304,1.0);
#4405=COLOUR_RGB('',0.709803938865662,0.713725507259369,0.709803938865662);
#4406=AXIS2_PLACEMENT_3D('',#5305,#5306,#5307);
#4407=AXIS2_PLACEMENT_3D('',#5308,#5309,#5310);
#4408=COLOUR_RGB('',0.709803938865662,0.713725507259369,0.709803938865662);
#4409=AXIS2_PLACEMENT_3D('',#5311,#5312,#5313);
#4410=COLOUR_RGB('',0.709803938865662,0.713725507259369,0.709803938865662);
#4411=COLOUR_RGB('',0.709803938865662,0.713725507259369,0.709803938865662);
#4412=COLOUR_RGB('',0.811764717102051,0.831372559070587,0.850980401039124);
#4413=CARTESIAN_POINT('',(-3.425,8.79,4.5));
#4414=CARTESIAN_POINT('',(-3.425,8.74,4.5));
#4415=CARTESIAN_POINT('',(-3.425,6.8425,4.5));
#4416=VECTOR('',#5314,1.0);
#4417=CARTESIAN_POINT('',(-3.425,8.79,5.845));
#4418=CARTESIAN_POINT('',(-3.425,8.79,-1.01675934214591E-15));
#4419=VECTOR('',#5315,1.0);
#4420=CARTESIAN_POINT('',(-3.425,8.89,5.845));
#4421=CARTESIAN_POINT('',(-3.425,8.74,5.845));
#4422=VECTOR('',#5316,1.0);
#4423=CARTESIAN_POINT('',(-3.425,8.89,-5.845));
#4424=CARTESIAN_POINT('',(-3.425,8.89,-5.845));
#4425=VECTOR('',#5317,1.0);
#4426=CARTESIAN_POINT('',(-3.425,8.79,-5.845));
#4427=CARTESIAN_POINT('',(-3.425,8.74,-5.845));
#4428=VECTOR('',#5318,1.0);
#4429=CARTESIAN_POINT('',(-3.425,8.79,-4.5));
#4430=CARTESIAN_POINT('',(-3.425,8.79,-1.01675934214591E-15));
#4431=VECTOR('',#5319,1.0);
#4432=CARTESIAN_POINT('',(-3.425,8.74,-4.5));
#4433=CARTESIAN_POINT('',(-3.425,6.8425,-4.5));
#4434=VECTOR('',#5320,1.0);
#4435=CARTESIAN_POINT('',(-3.425,8.74,-4.4));
#4436=CARTESIAN_POINT('',(-3.425,8.74,-5.845));
#4437=VECTOR('',#5321,1.0);
#4438=CARTESIAN_POINT('',(-3.425,8.79,-4.4));
#4439=CARTESIAN_POINT('',(-3.425,6.655,-4.4));
#4440=VECTOR('',#5322,1.0);
#4441=CARTESIAN_POINT('',(-3.425,8.79,4.4));
#4442=CARTESIAN_POINT('',(-3.425,8.79,-6.50433029586792E-16));
#4443=VECTOR('',#5323,1.0);
#4444=CARTESIAN_POINT('',(-3.425,8.74,4.4));
#4445=CARTESIAN_POINT('',(-3.425,6.655,4.4));
#4446=VECTOR('',#5324,1.0);
#4447=CARTESIAN_POINT('',(-3.425,8.74,-5.845));
#4448=VECTOR('',#5325,1.0);
#4449=COLOUR_RGB('',0.811764717102051,0.831372559070587,0.850980401039124);
#4450=CARTESIAN_POINT('',(-2.925,8.79,6.345));
#4451=AXIS2_PLACEMENT_3D('',#5326,#5327,#5328);
#4452=CARTESIAN_POINT('',(-2.925,8.89,6.345));
#4453=CARTESIAN_POINT('',(-2.925,8.74,6.345));
#4454=VECTOR('',#5329,1.0);
#4455=AXIS2_PLACEMENT_3D('',#5330,#5331,#5332);
#4456=COLOUR_RGB('',0.811764717102051,0.831372559070587,0.850980401039124);
#4457=CARTESIAN_POINT('',(2.925,8.79,6.345));
#4458=CARTESIAN_POINT('',(-1.52655665885959E-16,8.79,6.345));
#4459=VECTOR('',#5333,1.0);
#4460=CARTESIAN_POINT('',(2.925,8.89,6.345));
#4461=CARTESIAN_POINT('',(2.925,8.74,6.345));
#4462=VECTOR('',#5334,1.0);
#4463=CARTESIAN_POINT('',(-2.925,8.89,6.345));
#4464=VECTOR('',#5335,1.0);
#4465=COLOUR_RGB('',0.811764717102051,0.831372559070587,0.850980401039124);
#4466=CARTESIAN_POINT('',(3.425,8.79,5.845));
#4467=AXIS2_PLACEMENT_3D('',#5336,#5337,#5338);
#4468=CARTESIAN_POINT('',(3.425,8.89,5.845));
#4469=CARTESIAN_POINT('',(3.425,8.74,5.845));
#4470=VECTOR('',#5339,1.0);
#4471=AXIS2_PLACEMENT_3D('',#5340,#5341,#5342);
#4472=COLOUR_RGB('',0.811764717102051,0.831372559070587,0.850980401039124);
#4473=CARTESIAN_POINT('',(3.425,8.79,4.5));
#4474=CARTESIAN_POINT('',(3.425,8.79,-3.12446771519721E-16));
#4475=VECTOR('',#5343,1.0);
#4476=CARTESIAN_POINT('',(3.425,8.74,4.5));
#4477=CARTESIAN_POINT('',(3.425,6.8425,4.5));
#4478=VECTOR('',#5344,1.0);
#4479=CARTESIAN_POINT('',(3.425,8.74,4.4));
#4480=CARTESIAN_POINT('',(3.425,8.74,5.845));
#4481=VECTOR('',#5345,1.0);
#4482=CARTESIAN_POINT('',(3.425,8.79,4.4));
#4483=CARTESIAN_POINT('',(3.425,6.655,4.4));
#4484=VECTOR('',#5346,1.0);
#4485=CARTESIAN_POINT('',(3.425,8.79,-4.4));
#4486=CARTESIAN_POINT('',(3.425,8.79,5.50837770985965E-18));
#4487=VECTOR('',#5347,1.0);
#4488=CARTESIAN_POINT('',(3.425,8.74,-4.4));
#4489=CARTESIAN_POINT('',(3.425,6.655,-4.4));
#4490=VECTOR('',#5348,1.0);
#4491=CARTESIAN_POINT('',(3.425,8.74,-4.5));
#4492=CARTESIAN_POINT('',(3.425,8.74,5.845));
#4493=VECTOR('',#5349,1.0);
#4494=CARTESIAN_POINT('',(3.425,8.79,-4.5));
#4495=CARTESIAN_POINT('',(3.425,6.8425,-4.5));
#4496=VECTOR('',#5350,1.0);
#4497=CARTESIAN_POINT('',(3.425,8.79,-5.845));
#4498=CARTESIAN_POINT('',(3.425,8.79,-3.12446771519721E-16));
#4499=VECTOR('',#5351,1.0);
#4500=CARTESIAN_POINT('',(3.425,8.89,-5.845));
#4501=CARTESIAN_POINT('',(3.425,8.74,-5.845));
#4502=VECTOR('',#5352,1.0);
#4503=CARTESIAN_POINT('',(3.425,8.89,5.845));
#4504=VECTOR('',#5353,1.0);
#4505=COLOUR_RGB('',0.811764717102051,0.831372559070587,0.850980401039124);
#4506=CARTESIAN_POINT('',(3.03,8.74,4.5));
#4507=CARTESIAN_POINT('',(1.765,8.74,4.5));
#4508=VECTOR('',#5354,1.0);
#4509=CARTESIAN_POINT('',(3.03,8.74,-4.5));
#4510=CARTESIAN_POINT('',(3.03,8.74,-3.27904682031165E-16));
#4511=VECTOR('',#5355,1.0);
#4512=CARTESIAN_POINT('',(1.765,8.74,-4.5));
#4513=VECTOR('',#5356,1.0);
#4514=CARTESIAN_POINT('',(3.13,8.74,-4.4));
#4515=CARTESIAN_POINT('',(1.64,8.74,-4.4));
#4516=VECTOR('',#5357,1.0);
#4517=CARTESIAN_POINT('',(3.13,8.74,4.4));
#4518=CARTESIAN_POINT('',(3.13,8.74,-3.1642399746408E-16));
#4519=VECTOR('',#5358,1.0);
#4520=CARTESIAN_POINT('',(1.64,8.74,4.4));
#4521=VECTOR('',#5359,1.0);
#4522=COLOUR_RGB('',0.811764717102051,0.831372559070587,0.850980401039124);
#4523=CARTESIAN_POINT('',(-3.42,0.35,3.05));
#4524=CARTESIAN_POINT('',(-3.22,0.35,3.05));
#4525=CARTESIAN_POINT('',(-3.13301554125778,0.35,3.05));
#4526=VECTOR('',#5360,1.0);
#4527=CARTESIAN_POINT('',(-3.42,0.25,3.05));
#4528=CARTESIAN_POINT('',(-3.42,0.25,3.05));
#4529=VECTOR('',#5361,1.0);
#4530=CARTESIAN_POINT('',(-3.17,-1.53075794227797E-17,3.05));
#4531=AXIS2_PLACEMENT_3D('',#5362,#5363,#5364);
#4532=CARTESIAN_POINT('',(-2.22,-7.34763812293426E-17,3.05));
#4533=CARTESIAN_POINT('',(-3.17,-1.53075794227797E-17,3.05));
#4534=VECTOR('',#5365,1.0);
#4535=CARTESIAN_POINT('',(-2.22,0.2,3.05));
#4536=CARTESIAN_POINT('',(-2.22,-7.34763812293426E-17,3.05));
#4537=VECTOR('',#5366,1.0);
#4538=CARTESIAN_POINT('',(-3.07,0.2,3.05));
#4539=CARTESIAN_POINT('',(-2.22,0.2,3.05));
#4540=VECTOR('',#5367,1.0);
#4541=AXIS2_PLACEMENT_3D('',#5368,#5369,#5370);
#4542=COLOUR_RGB('',0.811764717102051,0.831372559070587,0.850980401039124);
#4543=CARTESIAN_POINT('',(-3.42,0.35,2.45));
#4544=CARTESIAN_POINT('',(-3.42,0.35,1.525));
#4545=VECTOR('',#5371,1.0);
#4546=CARTESIAN_POINT('',(-3.42,0.25,2.45));
#4547=CARTESIAN_POINT('',(-3.42,0.25,2.45));
#4548=VECTOR('',#5372,1.0);
#4549=CARTESIAN_POINT('',(-3.42,0.25,3.05));
#4550=VECTOR('',#5373,1.0);
#4551=COLOUR_RGB('',0.811764717102051,0.831372559070587,0.850980401039124);
#4552=CARTESIAN_POINT('',(-3.17,-1.53075794227797E-17,2.45));
#4553=AXIS2_PLACEMENT_3D('',#5374,#5375,#5376);
#4554=CARTESIAN_POINT('',(-3.17,-1.53075794227797E-17,3.05));
#4555=VECTOR('',#5377,1.0);
#4556=COLOUR_RGB('',0.811764717102051,0.831372559070587,0.850980401039124);
#4557=CARTESIAN_POINT('',(-2.22,-7.34763812293426E-17,2.45));
#4558=CARTESIAN_POINT('',(-3.17,-1.53075794227797E-17,2.45));
#4559=VECTOR('',#5378,1.0);
#4560=CARTESIAN_POINT('',(-2.22,-7.34763812293426E-17,3.05));
#4561=VECTOR('',#5379,1.0);
#4562=COLOUR_RGB('',0.811764717102051,0.831372559070587,0.850980401039124);
#4563=CARTESIAN_POINT('',(-2.22,0.2,2.45));
#4564=CARTESIAN_POINT('',(-2.22,-7.34763812293426E-17,2.45));
#4565=VECTOR('',#5380,1.0);
#4566=CARTESIAN_POINT('',(-2.22,0.2,3.05));
#4567=VECTOR('',#5381,1.0);
#4568=COLOUR_RGB('',0.811764717102051,0.831372559070587,0.850980401039124);
#4569=CARTESIAN_POINT('',(-3.07,0.2,2.45));
#4570=CARTESIAN_POINT('',(-2.22,0.2,2.45));
#4571=VECTOR('',#5382,1.0);
#4572=CARTESIAN_POINT('',(-3.07,0.2,3.05));
#4573=VECTOR('',#5383,1.0);
#4574=COLOUR_RGB('',0.811764717102051,0.831372559070587,0.850980401039124);
#4575=CARTESIAN_POINT('',(-3.22,0.35,2.45));
#4576=AXIS2_PLACEMENT_3D('',#5384,#5385,#5386);
#4577=CARTESIAN_POINT('',(-3.22,0.35,2.75));
#4578=VECTOR('',#5387,1.0);
#4579=COLOUR_RGB('',0.811764717102051,0.831372559070587,0.850980401039124);
#4580=CARTESIAN_POINT('',(-3.13301554125778,0.35,2.45));
#4581=VECTOR('',#5388,1.0);
#4582=COLOUR_RGB('',0.811764717102051,0.831372559070587,0.850980401039124);
#4583=CARTESIAN_POINT('',(3.42,0.35,-3.05));
#4584=CARTESIAN_POINT('',(3.22,0.35,-3.05));
#4585=CARTESIAN_POINT('',(3.13301554125778,0.35,-3.05));
#4586=VECTOR('',#5389,1.0);
#4587=CARTESIAN_POINT('',(3.42,0.25,-3.05));
#4588=CARTESIAN_POINT('',(3.42,0.25,-3.05));
#4589=VECTOR('',#5390,1.0);
#4590=CARTESIAN_POINT('',(3.17,-1.53075794227797E-17,-3.05));
#4591=AXIS2_PLACEMENT_3D('',#5391,#5392,#5393);
#4592=CARTESIAN_POINT('',(2.22,-7.34763812293426E-17,-3.05));
#4593=CARTESIAN_POINT('',(3.17,-1.53075794227797E-17,-3.05));
#4594=VECTOR('',#5394,1.0);
#4595=CARTESIAN_POINT('',(2.22,0.2,-3.05));
#4596=CARTESIAN_POINT('',(2.22,-7.34763812293426E-17,-3.05));
#4597=VECTOR('',#5395,1.0);
#4598=CARTESIAN_POINT('',(3.07,0.2,-3.05));
#4599=CARTESIAN_POINT('',(2.22,0.2,-3.05));
#4600=VECTOR('',#5396,1.0);
#4601=AXIS2_PLACEMENT_3D('',#5397,#5398,#5399);
#4602=COLOUR_RGB('',0.811764717102051,0.831372559070587,0.850980401039124);
#4603=CARTESIAN_POINT('',(3.42,0.35,-2.45));
#4604=CARTESIAN_POINT('',(3.42,0.35,-1.525));
#4605=VECTOR('',#5400,1.0);
#4606=CARTESIAN_POINT('',(3.42,0.25,-2.45));
#4607=CARTESIAN_POINT('',(3.42,0.25,-2.45));
#4608=VECTOR('',#5401,1.0);
#4609=CARTESIAN_POINT('',(3.42,0.25,-3.05));
#4610=VECTOR('',#5402,1.0);
#4611=COLOUR_RGB('',0.811764717102051,0.831372559070587,0.850980401039124);
#4612=CARTESIAN_POINT('',(3.17,-1.53075794227797E-17,-2.45));
#4613=AXIS2_PLACEMENT_3D('',#5403,#5404,#5405);
#4614=CARTESIAN_POINT('',(3.17,-1.53075794227797E-17,-3.05));
#4615=VECTOR('',#5406,1.0);
#4616=COLOUR_RGB('',0.811764717102051,0.831372559070587,0.850980401039124);
#4617=CARTESIAN_POINT('',(2.22,-7.34763812293426E-17,-2.45));
#4618=CARTESIAN_POINT('',(3.17,-1.53075794227797E-17,-2.45));
#4619=VECTOR('',#5407,1.0);
#4620=CARTESIAN_POINT('',(2.22,-7.34763812293426E-17,-3.05));
#4621=VECTOR('',#5408,1.0);
#4622=COLOUR_RGB('',0.811764717102051,0.831372559070587,0.850980401039124);
#4623=CARTESIAN_POINT('',(2.22,0.2,-2.45));
#4624=CARTESIAN_POINT('',(2.22,-7.34763812293426E-17,-2.45));
#4625=VECTOR('',#5409,1.0);
#4626=CARTESIAN_POINT('',(2.22,0.2,-3.05));
#4627=VECTOR('',#5410,1.0);
#4628=COLOUR_RGB('',0.811764717102051,0.831372559070587,0.850980401039124);
#4629=CARTESIAN_POINT('',(3.07,0.2,-2.45));
#4630=CARTESIAN_POINT('',(2.22,0.2,-2.45));
#4631=VECTOR('',#5411,1.0);
#4632=CARTESIAN_POINT('',(3.07,0.2,-3.05));
#4633=VECTOR('',#5412,1.0);
#4634=COLOUR_RGB('',0.811764717102051,0.831372559070587,0.850980401039124);
#4635=CARTESIAN_POINT('',(3.22,0.35,-2.45));
#4636=AXIS2_PLACEMENT_3D('',#5413,#5414,#5415);
#4637=CARTESIAN_POINT('',(3.22,0.35,-2.75));
#4638=VECTOR('',#5416,1.0);
#4639=COLOUR_RGB('',0.811764717102051,0.831372559070587,0.850980401039124);
#4640=CARTESIAN_POINT('',(3.13301554125778,0.35,-2.45));
#4641=VECTOR('',#5417,1.0);
#4642=COLOUR_RGB('',0.811764717102051,0.831372559070587,0.850980401039124);
#4643=CARTESIAN_POINT('',(-3.42,0.35,-2.45));
#4644=CARTESIAN_POINT('',(-3.22,0.35,-2.45));
#4645=CARTESIAN_POINT('',(-3.13301554125778,0.35,-2.45));
#4646=VECTOR('',#5418,1.0);
#4647=CARTESIAN_POINT('',(-3.42,0.25,-2.45));
#4648=CARTESIAN_POINT('',(-3.42,0.25,-2.45));
#4649=VECTOR('',#5419,1.0);
#4650=CARTESIAN_POINT('',(-3.17,-1.53075794227797E-17,-2.45));
#4651=AXIS2_PLACEMENT_3D('',#5420,#5421,#5422);
#4652=CARTESIAN_POINT('',(-2.22,-7.34763812293426E-17,-2.45));
#4653=CARTESIAN_POINT('',(-3.17,-1.53075794227797E-17,-2.45));
#4654=VECTOR('',#5423,1.0);
#4655=CARTESIAN_POINT('',(-2.22,0.2,-2.45));
#4656=CARTESIAN_POINT('',(-2.22,-7.34763812293426E-17,-2.45));
#4657=VECTOR('',#5424,1.0);
#4658=CARTESIAN_POINT('',(-3.07,0.2,-2.45));
#4659=CARTESIAN_POINT('',(-2.22,0.2,-2.45));
#4660=VECTOR('',#5425,1.0);
#4661=AXIS2_PLACEMENT_3D('',#5426,#5427,#5428);
#4662=COLOUR_RGB('',0.811764717102051,0.831372559070587,0.850980401039124);
#4663=CARTESIAN_POINT('',(-3.42,0.35,-3.05));
#4664=CARTESIAN_POINT('',(-3.42,0.35,-1.225));
#4665=VECTOR('',#5429,1.0);
#4666=CARTESIAN_POINT('',(-3.42,0.25,-3.05));
#4667=CARTESIAN_POINT('',(-3.42,0.25,-3.05));
#4668=VECTOR('',#5430,1.0);
#4669=CARTESIAN_POINT('',(-3.42,0.25,-2.45));
#4670=VECTOR('',#5431,1.0);
#4671=COLOUR_RGB('',0.811764717102051,0.831372559070587,0.850980401039124);
#4672=CARTESIAN_POINT('',(-3.17,-1.53075794227797E-17,-3.05));
#4673=AXIS2_PLACEMENT_3D('',#5432,#5433,#5434);
#4674=CARTESIAN_POINT('',(-3.17,-1.53075794227797E-17,-2.45));
#4675=VECTOR('',#5435,1.0);
#4676=COLOUR_RGB('',0.811764717102051,0.831372559070587,0.850980401039124);
#4677=CARTESIAN_POINT('',(-2.22,-7.34763812293426E-17,-3.05));
#4678=CARTESIAN_POINT('',(-3.17,-1.53075794227797E-17,-3.05));
#4679=VECTOR('',#5436,1.0);
#4680=CARTESIAN_POINT('',(-2.22,-7.34763812293426E-17,-2.45));
#4681=VECTOR('',#5437,1.0);
#4682=COLOUR_RGB('',0.811764717102051,0.831372559070587,0.850980401039124);
#4683=CARTESIAN_POINT('',(-2.22,0.2,-3.05));
#4684=CARTESIAN_POINT('',(-2.22,-7.34763812293426E-17,-3.05));
#4685=VECTOR('',#5438,1.0);
#4686=CARTESIAN_POINT('',(-2.22,0.2,-2.45));
#4687=VECTOR('',#5439,1.0);
#4688=COLOUR_RGB('',0.811764717102051,0.831372559070587,0.850980401039124);
#4689=CARTESIAN_POINT('',(-3.07,0.2,-3.05));
#4690=CARTESIAN_POINT('',(-2.22,0.2,-3.05));
#4691=VECTOR('',#5440,1.0);
#4692=CARTESIAN_POINT('',(-3.07,0.2,-2.45));
#4693=VECTOR('',#5441,1.0);
#4694=COLOUR_RGB('',0.811764717102051,0.831372559070587,0.850980401039124);
#4695=CARTESIAN_POINT('',(-3.22,0.35,-3.05));
#4696=AXIS2_PLACEMENT_3D('',#5442,#5443,#5444);
#4697=CARTESIAN_POINT('',(-3.22,0.35,-2.75));
#4698=VECTOR('',#5445,1.0);
#4699=COLOUR_RGB('',0.811764717102051,0.831372559070587,0.850980401039124);
#4700=CARTESIAN_POINT('',(-3.13301554125778,0.35,-3.05));
#4701=VECTOR('',#5446,1.0);
#4702=COLOUR_RGB('',0.811764717102051,0.831372559070587,0.850980401039124);
#4703=CARTESIAN_POINT('',(3.42,0.35,2.45));
#4704=CARTESIAN_POINT('',(3.22,0.35,2.45));
#4705=CARTESIAN_POINT('',(3.13301554125778,0.35,2.45));
#4706=VECTOR('',#5447,1.0);
#4707=CARTESIAN_POINT('',(3.42,0.25,2.45));
#4708=CARTESIAN_POINT('',(3.42,0.25,2.45));
#4709=VECTOR('',#5448,1.0);
#4710=CARTESIAN_POINT('',(3.17,-1.53075794227797E-17,2.45));
#4711=AXIS2_PLACEMENT_3D('',#5449,#5450,#5451);
#4712=CARTESIAN_POINT('',(2.22,-7.34763812293426E-17,2.45));
#4713=CARTESIAN_POINT('',(3.17,-1.53075794227797E-17,2.45));
#4714=VECTOR('',#5452,1.0);
#4715=CARTESIAN_POINT('',(2.22,0.2,2.45));
#4716=CARTESIAN_POINT('',(2.22,-7.34763812293426E-17,2.45));
#4717=VECTOR('',#5453,1.0);
#4718=CARTESIAN_POINT('',(3.07,0.2,2.45));
#4719=CARTESIAN_POINT('',(2.22,0.2,2.45));
#4720=VECTOR('',#5454,1.0);
#4721=AXIS2_PLACEMENT_3D('',#5455,#5456,#5457);
#4722=COLOUR_RGB('',0.811764717102051,0.831372559070587,0.850980401039124);
#4723=CARTESIAN_POINT('',(3.42,0.35,3.05));
#4724=CARTESIAN_POINT('',(3.42,0.35,1.225));
#4725=VECTOR('',#5458,1.0);
#4726=CARTESIAN_POINT('',(3.42,0.25,3.05));
#4727=CARTESIAN_POINT('',(3.42,0.25,3.05));
#4728=VECTOR('',#5459,1.0);
#4729=CARTESIAN_POINT('',(3.42,0.25,2.45));
#4730=VECTOR('',#5460,1.0);
#4731=COLOUR_RGB('',0.811764717102051,0.831372559070587,0.850980401039124);
#4732=CARTESIAN_POINT('',(3.17,-1.53075794227797E-17,3.05));
#4733=AXIS2_PLACEMENT_3D('',#5461,#5462,#5463);
#4734=CARTESIAN_POINT('',(3.17,-1.53075794227797E-17,2.45));
#4735=VECTOR('',#5464,1.0);
#4736=COLOUR_RGB('',0.811764717102051,0.831372559070587,0.850980401039124);
#4737=CARTESIAN_POINT('',(2.22,-7.34763812293426E-17,3.05));
#4738=CARTESIAN_POINT('',(3.17,-1.53075794227797E-17,3.05));
#4739=VECTOR('',#5465,1.0);
#4740=CARTESIAN_POINT('',(2.22,-7.34763812293426E-17,2.45));
#4741=VECTOR('',#5466,1.0);
#4742=COLOUR_RGB('',0.811764717102051,0.831372559070587,0.850980401039124);
#4743=CARTESIAN_POINT('',(2.22,0.2,3.05));
#4744=CARTESIAN_POINT('',(2.22,-7.34763812293426E-17,3.05));
#4745=VECTOR('',#5467,1.0);
#4746=CARTESIAN_POINT('',(2.22,0.2,2.45));
#4747=VECTOR('',#5468,1.0);
#4748=COLOUR_RGB('',0.811764717102051,0.831372559070587,0.850980401039124);
#4749=CARTESIAN_POINT('',(3.07,0.2,3.05));
#4750=CARTESIAN_POINT('',(2.22,0.2,3.05));
#4751=VECTOR('',#5469,1.0);
#4752=CARTESIAN_POINT('',(3.07,0.2,2.45));
#4753=VECTOR('',#5470,1.0);
#4754=COLOUR_RGB('',0.811764717102051,0.831372559070587,0.850980401039124);
#4755=CARTESIAN_POINT('',(3.22,0.35,3.05));
#4756=AXIS2_PLACEMENT_3D('',#5471,#5472,#5473);
#4757=CARTESIAN_POINT('',(3.22,0.35,2.75));
#4758=VECTOR('',#5474,1.0);
#4759=COLOUR_RGB('',0.811764717102051,0.831372559070587,0.850980401039124);
#4760=CARTESIAN_POINT('',(3.13301554125778,0.35,3.05));
#4761=VECTOR('',#5475,1.0);
#4762=COLOUR_RGB('',0.811764717102051,0.831372559070587,0.850980401039124);
#4763=CARTESIAN_POINT('',(-3.13,8.74,4.4));
#4764=CARTESIAN_POINT('',(-3.13,8.74,-4.4));
#4765=CARTESIAN_POINT('',(-3.13,8.74,-6.99725786210484E-16));
#4766=VECTOR('',#5476,1.0);
#4767=CARTESIAN_POINT('',(-3.13,0.35,4.4));
#4768=CARTESIAN_POINT('',(-3.13,4.57,4.4));
#4769=VECTOR('',#5477,1.0);
#4770=CARTESIAN_POINT('',(-3.13,0.35,-4.4));
#4771=CARTESIAN_POINT('',(-3.13,0.35,-3.83301788746404E-16));
#4772=VECTOR('',#5478,1.0);
#4773=CARTESIAN_POINT('',(-3.13,4.57,-4.4));
#4774=VECTOR('',#5479,1.0);
#4775=COLOUR_RGB('',0.811764717102051,0.831372559070587,0.850980401039124);
#4776=CARTESIAN_POINT('',(-1.64,8.74,4.4));
#4777=VECTOR('',#5480,1.0);
#4778=CARTESIAN_POINT('',(-3.43,8.79,4.4));
#4779=CARTESIAN_POINT('',(-3.28,8.79,4.4));
#4780=VECTOR('',#5481,1.0);
#4781=CARTESIAN_POINT('',(-3.43,0.35,4.4));
#4782=CARTESIAN_POINT('',(-3.43,4.57,4.4));
#4783=VECTOR('',#5482,1.0);
#4784=CARTESIAN_POINT('',(-3.28,0.35,4.4));
#4785=VECTOR('',#5483,1.0);
#4786=COLOUR_RGB('',0.811764717102051,0.831372559070587,0.850980401039124);
#4787=CARTESIAN_POINT('',(-1.64,8.74,-4.4));
#4788=VECTOR('',#5484,1.0);
#4789=CARTESIAN_POINT('',(-3.43,0.35,-4.4));
#4790=CARTESIAN_POINT('',(-3.28,0.35,-4.4));
#4791=VECTOR('',#5485,1.0);
#4792=CARTESIAN_POINT('',(-3.43,8.79,-4.4));
#4793=CARTESIAN_POINT('',(-3.43,4.57,-4.4));
#4794=VECTOR('',#5486,1.0);
#4795=CARTESIAN_POINT('',(-3.28,8.79,-4.4));
#4796=VECTOR('',#5487,1.0);
#4797=COLOUR_RGB('',0.811764717102051,0.831372559070587,0.850980401039124);
#4798=CARTESIAN_POINT('',(-3.43,0.35,-4.20039979361075E-16));
#4799=VECTOR('',#5488,1.0);
#4800=COLOUR_RGB('',0.811764717102051,0.831372559070587,0.850980401039124);
#4801=CARTESIAN_POINT('',(-3.43,8.79,-4.20039979361075E-16));
#4802=VECTOR('',#5489,1.0);
#4803=COLOUR_RGB('',0.811764717102051,0.831372559070587,0.850980401039124);
#4804=COLOUR_RGB('',0.811764717102051,0.831372559070587,0.850980401039124);
#4805=CARTESIAN_POINT('',(3.13,0.35,-4.4));
#4806=CARTESIAN_POINT('',(3.13,4.57,-4.4));
#4807=VECTOR('',#5490,1.0);
#4808=CARTESIAN_POINT('',(3.13,0.35,4.4));
#4809=CARTESIAN_POINT('',(3.13,0.35,0.0));
#4810=VECTOR('',#5491,1.0);
#4811=CARTESIAN_POINT('',(3.13,4.57,4.4));
#4812=VECTOR('',#5492,1.0);
#4813=COLOUR_RGB('',0.811764717102051,0.831372559070587,0.850980401039124);
#4814=CARTESIAN_POINT('',(3.43,8.79,-4.4));
#4815=CARTESIAN_POINT('',(3.28,8.79,-4.4));
#4816=VECTOR('',#5493,1.0);
#4817=CARTESIAN_POINT('',(3.43,0.35,-4.4));
#4818=CARTESIAN_POINT('',(3.43,4.57,-4.4));
#4819=VECTOR('',#5494,1.0);
#4820=CARTESIAN_POINT('',(3.28,0.35,-4.4));
#4821=VECTOR('',#5495,1.0);
#4822=COLOUR_RGB('',0.811764717102051,0.831372559070587,0.850980401039124);
#4823=CARTESIAN_POINT('',(3.43,0.35,4.4));
#4824=CARTESIAN_POINT('',(3.28,0.35,4.4));
#4825=VECTOR('',#5496,1.0);
#4826=CARTESIAN_POINT('',(3.43,8.79,4.4));
#4827=CARTESIAN_POINT('',(3.43,4.57,4.4));
#4828=VECTOR('',#5497,1.0);
#4829=CARTESIAN_POINT('',(3.28,8.79,4.4));
#4830=VECTOR('',#5498,1.0);
#4831=COLOUR_RGB('',0.811764717102051,0.831372559070587,0.850980401039124);
#4832=CARTESIAN_POINT('',(3.43,0.35,0.0));
#4833=VECTOR('',#5499,1.0);
#4834=COLOUR_RGB('',0.811764717102051,0.831372559070587,0.850980401039124);
#4835=CARTESIAN_POINT('',(3.43,8.79,0.0));
#4836=VECTOR('',#5500,1.0);
#4837=COLOUR_RGB('',0.811764717102051,0.831372559070587,0.850980401039124);
#4838=COLOUR_RGB('',0.811764717102051,0.831372559070587,0.850980401039124);
#4839=CARTESIAN_POINT('',(-2.925,8.79,-6.345));
#4840=AXIS2_PLACEMENT_3D('',#5501,#5502,#5503);
#4841=CARTESIAN_POINT('',(-2.925,8.89,-6.345));
#4842=AXIS2_PLACEMENT_3D('',#5504,#5505,#5506);
#4843=CARTESIAN_POINT('',(-2.925,8.74,-6.345));
#4844=VECTOR('',#5507,1.0);
#4845=COLOUR_RGB('',0.811764717102051,0.831372559070587,0.850980401039124);
#4846=CARTESIAN_POINT('',(2.925,8.79,-6.345));
#4847=CARTESIAN_POINT('',(6.93889390390723E-17,8.79,-6.345));
#4848=VECTOR('',#5508,1.0);
#4849=CARTESIAN_POINT('',(2.925,8.89,-6.345));
#4850=CARTESIAN_POINT('',(2.925,8.89,-6.345));
#4851=VECTOR('',#5509,1.0);
#4852=CARTESIAN_POINT('',(2.925,8.74,-6.345));
#4853=VECTOR('',#5510,1.0);
#4854=COLOUR_RGB('',0.811764717102051,0.831372559070587,0.850980401039124);
#4855=AXIS2_PLACEMENT_3D('',#5511,#5512,#5513);
#4856=AXIS2_PLACEMENT_3D('',#5514,#5515,#5516);
#4857=COLOUR_RGB('',0.811764717102051,0.831372559070587,0.850980401039124);
#4858=COLOUR_RGB('',0.811764717102051,0.831372559070587,0.850980401039124);
#4859=CARTESIAN_POINT('',(-3.03,8.74,4.5));
#4860=CARTESIAN_POINT('',(-1.765,8.74,4.5));
#4861=VECTOR('',#5517,1.0);
#4862=CARTESIAN_POINT('',(-3.03,8.74,-4.5));
#4863=CARTESIAN_POINT('',(-1.765,8.74,-4.5));
#4864=VECTOR('',#5518,1.0);
#4865=CARTESIAN_POINT('',(-3.03,8.74,-6.98960407239345E-16));
#4866=VECTOR('',#5519,1.0);
#4867=COLOUR_RGB('',1.0,0.0,0.0);
#4868=CARTESIAN_POINT('',(-3.03,0.0,-4.5));
#4869=CARTESIAN_POINT('',(-3.03,4.945,-4.5));
#4870=VECTOR('',#5520,1.0);
#4871=CARTESIAN_POINT('',(-3.03,6.78712685419734E-16,-3.83181868748825));
#4872=CARTESIAN_POINT('',(-3.03,4.44089209850063E-16,-1.4106261053996E-15));
#4873=VECTOR('',#5521,1.0);
#4874=CARTESIAN_POINT('',(-3.03,0.22,-3.83181868748825));
#4875=CARTESIAN_POINT('',(-3.03,2.5825,-3.83181868748825));
#4876=VECTOR('',#5522,1.0);
#4877=CARTESIAN_POINT('',(-3.03,0.22,-1.6711153759968));
#4878=CARTESIAN_POINT('',(-3.03,0.22,1.89986705149746E-06));
#4879=VECTOR('',#5523,1.0);
#4880=CARTESIAN_POINT('',(-3.03,5.4641213522086E-16,-1.6711153759968));
#4881=CARTESIAN_POINT('',(-3.03,2.5825,-1.6711153759968));
#4882=VECTOR('',#5524,1.0);
#4883=CARTESIAN_POINT('',(-3.03,3.41811366838727E-16,1.67037910087751));
#4884=CARTESIAN_POINT('',(-3.03,4.44089209850063E-16,-1.4106261053996E-15));
#4885=VECTOR('',#5525,1.0);
#4886=CARTESIAN_POINT('',(-3.03,0.22,1.67037910087751));
#4887=CARTESIAN_POINT('',(-3.03,2.5825,1.67037910087751));
#4888=VECTOR('',#5526,1.0);
#4889=CARTESIAN_POINT('',(-3.03,0.22,3.83265697468328));
#4890=CARTESIAN_POINT('',(-3.03,0.22,1.89986705149746E-06));
#4891=VECTOR('',#5527,1.0);
#4892=CARTESIAN_POINT('',(-3.03,2.09414405689123E-16,3.83265697468328));
#4893=CARTESIAN_POINT('',(-3.03,2.5825,3.83265697468328));
#4894=VECTOR('',#5528,1.0);
#4895=CARTESIAN_POINT('',(-3.03,0.0,4.5));
#4896=CARTESIAN_POINT('',(-3.03,4.44089209850063E-16,-1.4106261053996E-15));
#4897=VECTOR('',#5529,1.0);
#4898=CARTESIAN_POINT('',(-3.03,4.945,4.5));
#4899=VECTOR('',#5530,1.0);
#4900=COLOUR_RGB('',1.0,0.0,0.0);
#4901=CARTESIAN_POINT('',(-3.43,8.79,-4.5));
#4902=CARTESIAN_POINT('',(-1.765,8.79,-4.5));
#4903=VECTOR('',#5531,1.0);
#4904=CARTESIAN_POINT('',(-3.43,0.0,-4.5));
#4905=CARTESIAN_POINT('',(-3.43,2.4725,-4.5));
#4906=VECTOR('',#5532,1.0);
#4907=CARTESIAN_POINT('',(-1.765,0.0,-4.5));
#4908=VECTOR('',#5533,1.0);
#4909=COLOUR_RGB('',1.0,0.0,0.0);
#4910=CARTESIAN_POINT('',(3.43,8.79,-4.5));
#4911=CARTESIAN_POINT('',(1.765,8.79,-4.5));
#4912=VECTOR('',#5534,1.0);
#4913=CARTESIAN_POINT('',(3.43,8.79,-5.85));
#4914=CARTESIAN_POINT('',(3.43,8.79,5.85));
#4915=VECTOR('',#5535,1.0);
#4916=CARTESIAN_POINT('',(2.93,8.79,-6.35));
#4917=AXIS2_PLACEMENT_3D('',#5536,#5537,#5538);
#4918=CARTESIAN_POINT('',(-2.93,8.79,-6.35));
#4919=CARTESIAN_POINT('',(2.93,8.79,-6.35));
#4920=VECTOR('',#5539,1.0);
#4921=CARTESIAN_POINT('',(-3.43,8.79,-5.85));
#4922=AXIS2_PLACEMENT_3D('',#5540,#5541,#5542);
#4923=CARTESIAN_POINT('',(-3.43,8.79,-5.85));
#4924=VECTOR('',#5543,1.0);
#4925=COLOUR_RGB('',1.0,0.0,0.0);
#4926=CARTESIAN_POINT('',(3.03,0.0,-4.5));
#4927=CARTESIAN_POINT('',(3.03,4.945,-4.5));
#4928=VECTOR('',#5544,1.0);
#4929=CARTESIAN_POINT('',(3.43,0.0,-4.5));
#4930=CARTESIAN_POINT('',(1.765,0.0,-4.5));
#4931=VECTOR('',#5545,1.0);
#4932=CARTESIAN_POINT('',(3.43,2.4725,-4.5));
#4933=VECTOR('',#5546,1.0);
#4934=COLOUR_RGB('',1.0,0.0,0.0);
#4935=CARTESIAN_POINT('',(-1.95695709614023,0.22,3.28427293834876));
#4936=CARTESIAN_POINT('',(-4.43,0.22,4.54813409876354));
#4937=VECTOR('',#5547,1.0);
#4938=CARTESIAN_POINT('',(-1.95695709614023,1.94289029309402E-16,3.28427293834876));
#4939=CARTESIAN_POINT('',(-1.95695709614023,0.22,3.28427293834876));
#4940=VECTOR('',#5548,1.0);
#4941=CARTESIAN_POINT('',(-1.13394486099437,1.94289029309402E-16,2.86366834757375));
#4942=VECTOR('',#5549,1.0);
#4943=COLOUR_RGB('',1.0,0.0,0.0);
#4944=CARTESIAN_POINT('',(-1.9926932473573,0.22,-3.30107667810403));
#4945=CARTESIAN_POINT('',(-4.43,0.22,-4.54813409876354));
#4946=VECTOR('',#5550,1.0);
#4947=CARTESIAN_POINT('',(-1.9926932473573,0.22,-2.19892332189597));
#4948=AXIS2_PLACEMENT_3D('',#5551,#5552,#5553);
#4949=CARTESIAN_POINT('',(-4.25461881473166,0.22,-1.0479983091636));
#4950=VECTOR('',#5554,1.0);
#4951=COLOUR_RGB('',1.0,0.0,0.0);
#4952=CARTESIAN_POINT('',(-1.95815845369591,0.22,2.21511480324933));
#4953=CARTESIAN_POINT('',(-4.25461881473166,0.22,1.0479983091636));
#4954=VECTOR('',#5555,1.0);
#4955=AXIS2_PLACEMENT_3D('',#5556,#5557,#5558);
#4956=COLOUR_RGB('',1.0,0.0,0.0);
#4957=CARTESIAN_POINT('',(-1.9926932473573,5.27355936696949E-16,-2.19892332189597));
#4958=CARTESIAN_POINT('',(-1.9926932473573,0.22,-2.19892332189597));
#4959=VECTOR('',#5559,1.0);
#4960=CARTESIAN_POINT('',(-2.21111643625638,5.27355936696949E-16,-2.08778407174083));
#4961=VECTOR('',#5560,1.0);
#4962=COLOUR_RGB('',1.0,0.0,0.0);
#4963=CARTESIAN_POINT('',(-1.95815845369591,2.4980018054066E-16,2.21511480324933));
#4964=AXIS2_PLACEMENT_3D('',#5561,#5562,#5563);
#4965=CARTESIAN_POINT('',(-1.95815845369591,0.22,2.21511480324933));
#4966=VECTOR('',#5564,1.0);
#4967=COLOUR_RGB('',1.0,0.0,0.0);
#4968=CARTESIAN_POINT('',(-2.20151410622838,2.63677968348475E-16,2.09143559640618));
#4969=VECTOR('',#5565,1.0);
#4970=COLOUR_RGB('',1.0,0.0,0.0);
#4971=CARTESIAN_POINT('',(-1.9926932473573,5.82867087928207E-16,-3.30107667810403));
#4972=AXIS2_PLACEMENT_3D('',#5566,#5567,#5568);
#4973=CARTESIAN_POINT('',(-1.9926932473573,0.22,-3.30107667810403));
#4974=VECTOR('',#5569,1.0);
#4975=COLOUR_RGB('',1.0,0.0,0.0);
#4976=CARTESIAN_POINT('',(-1.14309934285448,5.68989300120393E-16,-2.86637867301766));
#4977=VECTOR('',#5570,1.0);
#4978=COLOUR_RGB('',1.0,0.0,0.0);
#4979=CARTESIAN_POINT('',(1.95695709614023,5.82867087928207E-16,-3.28427293834876));
#4980=CARTESIAN_POINT('',(1.95815845369591,5.27355936696949E-16,-2.21511480324933));
#4981=AXIS2_PLACEMENT_3D('',#5571,#5572,#5573);
#4982=CARTESIAN_POINT('',(1.95695709614023,0.22,-3.28427293834876));
#4983=CARTESIAN_POINT('',(1.95695709614023,0.22,-3.28427293834876));
#4984=VECTOR('',#5574,1.0);
#4985=CARTESIAN_POINT('',(1.95815845369591,0.22,-2.21511480324933));
#4986=AXIS2_PLACEMENT_3D('',#5575,#5576,#5577);
#4987=CARTESIAN_POINT('',(1.95815845369591,0.22,-2.21511480324933));
#4988=VECTOR('',#5578,1.0);
#4989=COLOUR_RGB('',1.0,0.0,0.0);
#4990=CARTESIAN_POINT('',(3.03,5.46367052861398E-16,-1.67037910087751));
#4991=CARTESIAN_POINT('',(2.20151410622837,5.27355936696949E-16,-2.09143559640618));
#4992=VECTOR('',#5579,1.0);
#4993=CARTESIAN_POINT('',(3.03,0.22,-1.67037910087751));
#4994=CARTESIAN_POINT('',(4.25461881473166,0.22,-1.0479983091636));
#4995=VECTOR('',#5580,1.0);
#4996=CARTESIAN_POINT('',(3.03,2.5825,-1.67037910087751));
#4997=VECTOR('',#5581,1.0);
#4998=COLOUR_RGB('',1.0,0.0,0.0);
#4999=CARTESIAN_POINT('',(1.9926932473573,2.4980018054066E-16,2.19892332189597));
#5000=CARTESIAN_POINT('',(1.9926932473573,1.94289029309402E-16,3.30107667810403));
#5001=AXIS2_PLACEMENT_3D('',#5582,#5583,#5584);
#5002=CARTESIAN_POINT('',(1.9926932473573,0.22,2.19892332189597));
#5003=CARTESIAN_POINT('',(1.9926932473573,0.22,2.19892332189597));
#5004=VECTOR('',#5585,1.0);
#5005=CARTESIAN_POINT('',(1.9926932473573,0.22,3.30107667810403));
#5006=AXIS2_PLACEMENT_3D('',#5586,#5587,#5588);
#5007=CARTESIAN_POINT('',(1.9926932473573,0.22,3.30107667810403));
#5008=VECTOR('',#5589,1.0);
#5009=COLOUR_RGB('',1.0,0.0,0.0);
#5010=CARTESIAN_POINT('',(3.03,0.22,3.83181868748825));
#5011=CARTESIAN_POINT('',(3.03,0.22,1.6711153759968));
#5012=CARTESIAN_POINT('',(3.03,0.22,-1.89986705186851E-06));
#5013=VECTOR('',#5590,1.0);
#5014=CARTESIAN_POINT('',(4.43,0.22,4.54813409876354));
#5015=VECTOR('',#5591,1.0);
#5016=CARTESIAN_POINT('',(4.25461881473166,0.22,1.0479983091636));
#5017=VECTOR('',#5592,1.0);
#5018=COLOUR_RGB('',1.0,0.0,0.0);
#5019=CARTESIAN_POINT('',(3.03,2.09465734280391E-16,3.83181868748825));
#5020=CARTESIAN_POINT('',(1.14309934285448,2.22044604925031E-16,2.86637867301766));
#5021=VECTOR('',#5593,1.0);
#5022=CARTESIAN_POINT('',(3.03,2.5825,3.83181868748825));
#5023=VECTOR('',#5594,1.0);
#5024=COLOUR_RGB('',1.0,0.0,0.0);
#5025=CARTESIAN_POINT('',(3.03,6.78764014011002E-16,-3.83265697468328));
#5026=CARTESIAN_POINT('',(1.13394486099437,5.55111512312578E-16,-2.86366834757375));
#5027=VECTOR('',#5595,1.0);
#5028=CARTESIAN_POINT('',(3.03,0.22,-3.83265697468328));
#5029=CARTESIAN_POINT('',(3.03,2.5825,-3.83265697468328));
#5030=VECTOR('',#5596,1.0);
#5031=CARTESIAN_POINT('',(4.43,0.22,-4.54813409876354));
#5032=VECTOR('',#5597,1.0);
#5033=COLOUR_RGB('',1.0,0.0,0.0);
#5034=CARTESIAN_POINT('',(3.03,3.41766284479265E-16,1.6711153759968));
#5035=CARTESIAN_POINT('',(2.21111643625638,2.63677968348475E-16,2.08778407174083));
#5036=VECTOR('',#5598,1.0);
#5037=CARTESIAN_POINT('',(3.03,2.5825,1.6711153759968));
#5038=VECTOR('',#5599,1.0);
#5039=COLOUR_RGB('',1.0,0.0,0.0);
#5040=CARTESIAN_POINT('',(3.03,0.22,-1.89986705186851E-06));
#5041=VECTOR('',#5600,1.0);
#5042=COLOUR_RGB('',1.0,0.0,0.0);
#5043=CARTESIAN_POINT('',(-3.43,7.4700987583165E-16,-5.85));
#5044=CARTESIAN_POINT('',(-3.43,7.4700987583165E-16,-5.85));
#5045=VECTOR('',#5601,1.0);
#5046=CARTESIAN_POINT('',(-2.93,7.7762503467721E-16,-6.35));
#5047=AXIS2_PLACEMENT_3D('',#5602,#5603,#5604);
#5048=CARTESIAN_POINT('',(2.93,7.7762503467721E-16,-6.35));
#5049=CARTESIAN_POINT('',(2.93,7.7762503467721E-16,-6.35));
#5050=VECTOR('',#5605,1.0);
#5051=CARTESIAN_POINT('',(3.43,7.4700987583165E-16,-5.85));
#5052=AXIS2_PLACEMENT_3D('',#5606,#5607,#5608);
#5053=CARTESIAN_POINT('',(3.43,3.06151588455594E-17,5.85));
#5054=VECTOR('',#5609,1.0);
#5055=CARTESIAN_POINT('',(3.03,4.44089209850063E-16,-1.03957038019142E-15));
#5056=VECTOR('',#5610,1.0);
#5057=CARTESIAN_POINT('',(3.03,4.44089209850063E-16,-1.03957038019142E-15));
#5058=VECTOR('',#5611,1.0);
#5059=CARTESIAN_POINT('',(3.03,0.0,4.5));
#5060=CARTESIAN_POINT('',(3.03,4.44089209850063E-16,-1.03957038019142E-15));
#5061=VECTOR('',#5612,1.0);
#5062=CARTESIAN_POINT('',(3.43,0.0,4.5));
#5063=CARTESIAN_POINT('',(1.765,0.0,4.5));
#5064=VECTOR('',#5613,1.0);
#5065=CARTESIAN_POINT('',(3.43,3.06151588455594E-17,5.85));
#5066=CARTESIAN_POINT('',(3.43,3.06151588455594E-17,5.85));
#5067=VECTOR('',#5614,1.0);
#5068=CARTESIAN_POINT('',(2.93,3.88037211771478E-32,6.35));
#5069=AXIS2_PLACEMENT_3D('',#5615,#5616,#5617);
#5070=CARTESIAN_POINT('',(-2.93,3.88037211771478E-32,6.35));
#5071=CARTESIAN_POINT('',(-2.93,3.88037211771478E-32,6.35));
#5072=VECTOR('',#5618,1.0);
#5073=CARTESIAN_POINT('',(-3.43,3.06151588455594E-17,5.85));
#5074=AXIS2_PLACEMENT_3D('',#5619,#5620,#5621);
#5075=CARTESIAN_POINT('',(-3.43,0.0,4.5));
#5076=CARTESIAN_POINT('',(-3.43,7.4700987583165E-16,-5.85));
#5077=VECTOR('',#5622,1.0);
#5078=CARTESIAN_POINT('',(-1.765,0.0,4.5));
#5079=VECTOR('',#5623,1.0);
#5080=COLOUR_RGB('',1.0,0.0,0.0);
#5081=CARTESIAN_POINT('',(-3.43,8.79,4.5));
#5082=CARTESIAN_POINT('',(-3.43,2.4725,4.5));
#5083=VECTOR('',#5624,1.0);
#5084=CARTESIAN_POINT('',(-1.765,8.79,4.5));
#5085=VECTOR('',#5625,1.0);
#5086=COLOUR_RGB('',1.0,0.0,0.0);
#5087=CARTESIAN_POINT('',(-3.43,8.79,5.85));
#5088=CARTESIAN_POINT('',(-3.43,8.79,-5.85));
#5089=VECTOR('',#5626,1.0);
#5090=CARTESIAN_POINT('',(-2.93,8.79,6.35));
#5091=AXIS2_PLACEMENT_3D('',#5627,#5628,#5629);
#5092=CARTESIAN_POINT('',(2.93,8.79,6.35));
#5093=CARTESIAN_POINT('',(-2.93,8.79,6.35));
#5094=VECTOR('',#5630,1.0);
#5095=CARTESIAN_POINT('',(3.43,8.79,5.85));
#5096=AXIS2_PLACEMENT_3D('',#5631,#5632,#5633);
#5097=CARTESIAN_POINT('',(3.43,8.79,4.5));
#5098=CARTESIAN_POINT('',(3.43,8.79,5.85));
#5099=VECTOR('',#5634,1.0);
#5100=CARTESIAN_POINT('',(1.765,8.79,4.5));
#5101=VECTOR('',#5635,1.0);
#5102=COLOUR_RGB('',1.0,0.0,0.0);
#5103=CARTESIAN_POINT('',(-3.43,3.06151588455594E-17,5.85));
#5104=VECTOR('',#5636,1.0);
#5105=COLOUR_RGB('',1.0,0.0,0.0);
#5106=CARTESIAN_POINT('',(-3.43,7.4700987583165E-16,-5.85));
#5107=VECTOR('',#5637,1.0);
#5108=COLOUR_RGB('',1.0,0.0,0.0);
#5109=CARTESIAN_POINT('',(3.03,4.945,4.5));
#5110=VECTOR('',#5638,1.0);
#5111=COLOUR_RGB('',1.0,0.0,0.0);
#5112=CARTESIAN_POINT('',(3.43,2.4725,4.5));
#5113=VECTOR('',#5639,1.0);
#5114=COLOUR_RGB('',1.0,0.0,0.0);
#5115=CARTESIAN_POINT('',(3.43,7.4700987583165E-16,-5.85));
#5116=VECTOR('',#5640,1.0);
#5117=COLOUR_RGB('',1.0,0.0,0.0);
#5118=CARTESIAN_POINT('',(-2.93,3.88037211771478E-32,6.35));
#5119=VECTOR('',#5641,1.0);
#5120=COLOUR_RGB('',1.0,0.0,0.0);
#5121=CARTESIAN_POINT('',(-2.93,7.7762503467721E-16,-6.35));
#5122=VECTOR('',#5642,1.0);
#5123=COLOUR_RGB('',1.0,0.0,0.0);
#5124=CARTESIAN_POINT('',(2.93,7.7762503467721E-16,-6.35));
#5125=VECTOR('',#5643,1.0);
#5126=COLOUR_RGB('',1.0,0.0,0.0);
#5127=COLOUR_RGB('',1.0,0.0,0.0);
#5128=CARTESIAN_POINT('',(3.43,3.06151588455594E-17,5.85));
#5129=VECTOR('',#5644,1.0);
#5130=COLOUR_RGB('',1.0,0.0,0.0);
#5131=CARTESIAN_POINT('',(2.93,3.88037211771478E-32,6.35));
#5132=VECTOR('',#5645,1.0);
#5133=COLOUR_RGB('',1.0,0.0,0.0);
#5134=DIRECTION('',(-0.707106781186549,-0.707106781186546,-8.65927457071938E-17));
#5135=CARTESIAN_POINT('',(0.0,17.43630625,0.0));
#5136=DIRECTION('',(-0.0,1.0,0.0));
#5137=DIRECTION('',(1.0,0.0,0.0));
#5138=CARTESIAN_POINT('',(0.0,17.78,0.0));
#5139=DIRECTION('',(-0.0,1.0,0.0));
#5140=DIRECTION('',(1.0,0.0,0.0));
#5141=DIRECTION('',(-0.707106781186549,0.707106781186546,-8.65927457071938E-17));
#5142=CARTESIAN_POINT('',(0.0,17.43630625,0.0));
#5143=DIRECTION('',(-0.0,1.0,0.0));
#5144=DIRECTION('',(1.0,0.0,0.0));
#5145=CARTESIAN_POINT('',(0.0,17.78,0.0));
#5146=DIRECTION('',(-0.0,1.0,0.0));
#5147=DIRECTION('',(1.0,0.0,0.0));
#5148=DIRECTION('',(-0.0,1.0,-0.0));
#5149=CARTESIAN_POINT('',(0.0,17.28,0.0));
#5150=DIRECTION('',(-0.0,1.0,0.0));
#5151=DIRECTION('',(1.0,0.0,0.0));
#5152=DIRECTION('',(-0.0,-1.0,-0.0));
#5153=CARTESIAN_POINT('',(0.0,17.78,0.0));
#5154=DIRECTION('',(-0.0,1.0,0.0));
#5155=DIRECTION('',(1.0,0.0,0.0));
#5156=DIRECTION('',(0.0,1.0,0.0));
#5157=CARTESIAN_POINT('',(0.0,8.89,0.0));
#5158=DIRECTION('',(0.0,-1.0,-6.12303176911189E-17));
#5159=DIRECTION('',(1.0,0.0,0.0));
#5160=DIRECTION('',(-0.0,-1.0,-0.0));
#5161=DIRECTION('',(0.0,0.998026728428272,0.0627905195293134));
#5162=CARTESIAN_POINT('',(0.0,17.28,0.0314573336268248));
#5163=DIRECTION('',(0.0,-1.0,-0.0));
#5164=DIRECTION('',(0.0,0.0,-1.0));
#5165=DIRECTION('',(-0.0,-0.998026728428272,-0.0627905195293134));
#5166=CARTESIAN_POINT('',(0.0,26.7103659478613,0.624765669316668));
#5167=DIRECTION('',(-0.0,0.998026728428272,0.0627905195293134));
#5168=DIRECTION('',(1.0,0.0,0.0));
#5169=CARTESIAN_POINT('',(0.0,26.7103659478613,0.624765669316668));
#5170=DIRECTION('',(-0.0,0.998026728428272,0.0627905195293134));
#5171=DIRECTION('',(1.0,0.0,0.0));
#5172=CARTESIAN_POINT('',(-1.015,0.25,4.7));
#5173=DIRECTION('',(1.0,3.70074341541719E-17,-0.0));
#5174=DIRECTION('',(0.0,0.0,1.0));
#5175=CARTESIAN_POINT('',(1.015,0.25,4.7));
#5176=DIRECTION('',(-1.0,-0.0,-0.0));
#5177=DIRECTION('',(0.0,0.0,-1.0));
#5178=CARTESIAN_POINT('',(1.38762511778388E-16,-2.50461206896552,4.32));
#5179=DIRECTION('',(0.0,0.0,1.0));
#5180=DIRECTION('',(1.0,0.0,0.0));
#5181=DIRECTION('',(0.0,0.0,1.0));
#5182=CARTESIAN_POINT('',(1.38762511778388E-16,-2.50461206896552,5.08));
#5183=DIRECTION('',(0.0,0.0,-1.0));
#5184=DIRECTION('',(1.0,0.0,0.0));
#5185=DIRECTION('',(0.0,0.0,1.0));
#5186=DIRECTION('',(0.0,1.0,0.0));
#5187=DIRECTION('',(0.0,-1.0,0.0));
#5188=DIRECTION('',(0.0,0.0,1.0));
#5189=CARTESIAN_POINT('',(1.38762511778388E-16,-2.03538793103448,4.32));
#5190=DIRECTION('',(0.0,0.0,1.0));
#5191=DIRECTION('',(1.0,0.0,0.0));
#5192=CARTESIAN_POINT('',(1.38762511778388E-16,-2.03538793103448,5.08));
#5193=DIRECTION('',(0.0,0.0,-1.0));
#5194=DIRECTION('',(1.0,0.0,0.0));
#5195=DIRECTION('',(0.0,0.0,1.0));
#5196=DIRECTION('',(0.0,-1.0,0.0));
#5197=DIRECTION('',(0.0,1.0,-0.0));
#5198=DIRECTION('',(0.0,-1.0,0.0));
#5199=DIRECTION('',(1.0,0.0,0.0));
#5200=DIRECTION('',(-3.70074341541719E-17,1.0,0.0));
#5201=DIRECTION('',(0.0,-1.0,0.0));
#5202=DIRECTION('',(0.0,0.0,1.0));
#5203=DIRECTION('',(-3.70074341541719E-17,1.0,0.0));
#5204=DIRECTION('',(-1.0,-0.0,-0.0));
#5205=DIRECTION('',(0.0,0.0,1.0));
#5206=CARTESIAN_POINT('',(-1.015,0.25,-4.7));
#5207=DIRECTION('',(1.0,3.70074341541719E-17,-0.0));
#5208=DIRECTION('',(0.0,0.0,1.0));
#5209=CARTESIAN_POINT('',(1.015,0.25,-4.7));
#5210=DIRECTION('',(-1.0,-0.0,-0.0));
#5211=DIRECTION('',(0.0,0.0,-1.0));
#5212=CARTESIAN_POINT('',(1.38762511778388E-16,-2.50461206896552,-5.08));
#5213=DIRECTION('',(0.0,0.0,1.0));
#5214=DIRECTION('',(1.0,0.0,0.0));
#5215=DIRECTION('',(0.0,0.0,1.0));
#5216=CARTESIAN_POINT('',(1.38762511778388E-16,-2.50461206896552,-4.32));
#5217=DIRECTION('',(0.0,0.0,-1.0));
#5218=DIRECTION('',(1.0,0.0,0.0));
#5219=DIRECTION('',(0.0,0.0,1.0));
#5220=DIRECTION('',(0.0,1.0,0.0));
#5221=DIRECTION('',(0.0,-1.0,0.0));
#5222=DIRECTION('',(0.0,0.0,1.0));
#5223=CARTESIAN_POINT('',(1.38762511778388E-16,-2.03538793103448,-5.08));
#5224=DIRECTION('',(0.0,0.0,1.0));
#5225=DIRECTION('',(1.0,0.0,0.0));
#5226=CARTESIAN_POINT('',(1.38762511778388E-16,-2.03538793103448,-4.32));
#5227=DIRECTION('',(0.0,0.0,-1.0));
#5228=DIRECTION('',(1.0,0.0,0.0));
#5229=DIRECTION('',(0.0,0.0,1.0));
#5230=DIRECTION('',(0.0,-1.0,0.0));
#5231=DIRECTION('',(0.0,1.0,-0.0));
#5232=DIRECTION('',(0.0,-1.0,0.0));
#5233=DIRECTION('',(1.0,0.0,0.0));
#5234=DIRECTION('',(-3.70074341541719E-17,1.0,0.0));
#5235=DIRECTION('',(0.0,-1.0,0.0));
#5236=DIRECTION('',(0.0,0.0,1.0));
#5237=DIRECTION('',(-3.70074341541719E-17,1.0,0.0));
#5238=DIRECTION('',(-1.0,-0.0,-0.0));
#5239=DIRECTION('',(0.0,0.0,1.0));
#5240=CARTESIAN_POINT('',(-1.015,0.25,0.0));
#5241=DIRECTION('',(1.0,3.70074341541719E-17,0.0));
#5242=DIRECTION('',(0.0,-0.0,1.0));
#5243=CARTESIAN_POINT('',(1.015,0.25,0.0));
#5244=DIRECTION('',(-1.0,-0.0,-0.0));
#5245=DIRECTION('',(0.0,0.0,-1.0));
#5246=CARTESIAN_POINT('',(1.38762511778388E-16,-2.50461206896552,-0.38));
#5247=DIRECTION('',(0.0,0.0,1.0));
#5248=DIRECTION('',(1.0,0.0,0.0));
#5249=DIRECTION('',(0.0,0.0,1.0));
#5250=CARTESIAN_POINT('',(1.38762511778388E-16,-2.50461206896552,0.38));
#5251=DIRECTION('',(0.0,0.0,-1.0));
#5252=DIRECTION('',(1.0,0.0,0.0));
#5253=DIRECTION('',(0.0,0.0,1.0));
#5254=DIRECTION('',(0.0,1.0,0.0));
#5255=DIRECTION('',(0.0,-1.0,0.0));
#5256=DIRECTION('',(0.0,0.0,1.0));
#5257=CARTESIAN_POINT('',(1.38762511778388E-16,-2.03538793103448,-0.38));
#5258=DIRECTION('',(0.0,0.0,1.0));
#5259=DIRECTION('',(1.0,0.0,0.0));
#5260=CARTESIAN_POINT('',(1.38762511778388E-16,-2.03538793103448,0.38));
#5261=DIRECTION('',(0.0,0.0,-1.0));
#5262=DIRECTION('',(1.0,0.0,0.0));
#5263=DIRECTION('',(0.0,0.0,1.0));
#5264=DIRECTION('',(0.0,-1.0,0.0));
#5265=DIRECTION('',(0.0,1.0,-0.0));
#5266=DIRECTION('',(0.0,-1.0,0.0));
#5267=DIRECTION('',(1.0,0.0,0.0));
#5268=DIRECTION('',(-3.70074341541719E-17,1.0,0.0));
#5269=DIRECTION('',(0.0,-1.0,0.0));
#5270=DIRECTION('',(0.0,0.0,1.0));
#5271=DIRECTION('',(-3.70074341541719E-17,1.0,0.0));
#5272=DIRECTION('',(-1.0,-0.0,-0.0));
#5273=DIRECTION('',(0.0,0.0,1.0));
#5274=CARTESIAN_POINT('',(0.0,26.7103659478613,0.624765669316668));
#5275=DIRECTION('',(-0.0,0.998026728428272,0.0627905195293134));
#5276=DIRECTION('',(1.0,0.0,0.0));
#5277=CARTESIAN_POINT('',(0.0,26.7103659478613,0.624765669316668));
#5278=DIRECTION('',(-0.0,0.998026728428272,0.0627905195293134));
#5279=DIRECTION('',(1.0,0.0,0.0));
#5280=CARTESIAN_POINT('',(0.0,17.28,0.0314573336268248));
#5281=DIRECTION('',(0.0,-1.0,-0.0));
#5282=DIRECTION('',(0.0,0.0,-1.0));
#5283=CARTESIAN_POINT('',(0.0,17.28,0.0314573336268248));
#5284=DIRECTION('',(0.0,-1.0,-0.0));
#5285=DIRECTION('',(0.0,0.0,-1.0));
#5286=CARTESIAN_POINT('',(0.0,17.43630625,0.0));
#5287=DIRECTION('',(-0.0,1.0,0.0));
#5288=DIRECTION('',(1.0,0.0,0.0));
#5289=DIRECTION('',(-0.0,-1.0,-0.0));
#5290=CARTESIAN_POINT('',(0.0,8.9,0.0));
#5291=DIRECTION('',(0.0,-1.0,0.0));
#5292=DIRECTION('',(1.0,0.0,0.0));
#5293=DIRECTION('',(0.0,1.0,0.0));
#5294=CARTESIAN_POINT('',(0.0,8.89,0.0));
#5295=DIRECTION('',(0.0,-1.0,-6.12303176911189E-17));
#5296=DIRECTION('',(1.0,0.0,0.0));
#5297=DIRECTION('',(1.0,0.0,0.0));
#5298=DIRECTION('',(0.0,1.0,0.0));
#5299=DIRECTION('',(-1.0,0.0,0.0));
#5300=DIRECTION('',(0.0,-1.0,0.0));
#5301=DIRECTION('',(0.0,-0.0,1.0));
#5302=DIRECTION('',(0.0,0.0,-1.0));
#5303=DIRECTION('',(0.0,0.0,-1.0));
#5304=DIRECTION('',(0.0,0.0,-1.0));
#5305=CARTESIAN_POINT('',(0.0,17.78,0.0));
#5306=DIRECTION('',(-0.0,1.0,0.0));
#5307=DIRECTION('',(1.0,0.0,0.0));
#5308=CARTESIAN_POINT('',(0.0,17.78,0.0));
#5309=DIRECTION('',(-0.0,1.0,0.0));
#5310=DIRECTION('',(1.0,0.0,0.0));
#5311=CARTESIAN_POINT('',(0.0,17.28,0.0));
#5312=DIRECTION('',(-0.0,1.0,0.0));
#5313=DIRECTION('',(1.0,0.0,0.0));
#5314=DIRECTION('',(-4.65213402948114E-33,-1.0,-5.69703289133591E-49));
#5315=DIRECTION('',(7.59776235842708E-17,6.12303176911189E-17,-1.0));
#5316=DIRECTION('',(0.0,1.0,6.12303176911189E-17));
#5317=DIRECTION('',(7.59776235842708E-17,6.12303176911189E-17,-1.0));
#5318=DIRECTION('',(0.0,1.0,6.12303176911189E-17));
#5319=DIRECTION('',(7.59776235842708E-17,6.12303176911189E-17,-1.0));
#5320=DIRECTION('',(4.65213402948114E-33,1.0,5.69703289133591E-49));
#5321=DIRECTION('',(-7.59776235842708E-17,-6.12303176911189E-17,1.0));
#5322=DIRECTION('',(4.65213402948114E-33,1.0,5.69703289133591E-49));
#5323=DIRECTION('',(-7.59776235842708E-17,-0.0,1.0));
#5324=DIRECTION('',(-4.65213402948114E-33,-1.0,-5.69703289133591E-49));
#5325=DIRECTION('',(-7.59776235842708E-17,-6.12303176911189E-17,1.0));
#5326=CARTESIAN_POINT('',(-2.925,8.79,5.845));
#5327=DIRECTION('',(0.0,-1.0,-6.12303176911189E-17));
#5328=DIRECTION('',(1.0,0.0,0.0));
#5329=DIRECTION('',(0.0,1.0,6.12303176911189E-17));
#5330=CARTESIAN_POINT('',(-2.925,8.89,5.845));
#5331=DIRECTION('',(0.0,-1.0,-6.12303176911189E-17));
#5332=DIRECTION('',(1.0,0.0,0.0));
#5333=DIRECTION('',(-1.0,0.0,0.0));
#5334=DIRECTION('',(0.0,1.0,6.12303176911189E-17));
#5335=DIRECTION('',(-1.0,0.0,0.0));
#5336=CARTESIAN_POINT('',(2.925,8.79,5.845));
#5337=DIRECTION('',(0.0,-1.0,-6.12303176911189E-17));
#5338=DIRECTION('',(1.0,0.0,0.0));
#5339=DIRECTION('',(0.0,1.0,6.12303176911189E-17));
#5340=CARTESIAN_POINT('',(2.925,8.89,5.845));
#5341=DIRECTION('',(0.0,-1.0,-6.12303176911189E-17));
#5342=DIRECTION('',(1.0,0.0,0.0));
#5343=DIRECTION('',(-7.59776235842708E-17,-6.12303176911189E-17,1.0));
#5344=DIRECTION('',(4.65213402948114E-33,1.0,-0.0));
#5345=DIRECTION('',(7.59776235842708E-17,6.12303176911189E-17,-1.0));
#5346=DIRECTION('',(4.65213402948114E-33,1.0,-0.0));
#5347=DIRECTION('',(7.59776235842708E-17,0.0,-1.0));
#5348=DIRECTION('',(-4.65213402948114E-33,-1.0,0.0));
#5349=DIRECTION('',(7.59776235842708E-17,6.12303176911189E-17,-1.0));
#5350=DIRECTION('',(-4.65213402948114E-33,-1.0,0.0));
#5351=DIRECTION('',(-7.59776235842708E-17,-6.12303176911189E-17,1.0));
#5352=DIRECTION('',(0.0,1.0,6.12303176911189E-17));
#5353=DIRECTION('',(-7.59776235842708E-17,-6.12303176911189E-17,1.0));
#5354=DIRECTION('',(1.0,0.0,0.0));
#5355=DIRECTION('',(0.0,-6.12303176911189E-17,1.0));
#5356=DIRECTION('',(-1.0,0.0,0.0));
#5357=DIRECTION('',(-1.0,0.0,0.0));
#5358=DIRECTION('',(0.0,-6.12303176911189E-17,1.0));
#5359=DIRECTION('',(1.0,0.0,0.0));
#5360=DIRECTION('',(1.0,-0.0,1.22460635382238E-16));
#5361=DIRECTION('',(6.12303176911189E-17,1.0,7.49830360911069E-33));
#5362=CARTESIAN_POINT('',(-3.17,0.25,3.05));
#5363=DIRECTION('',(1.22460635382238E-16,0.0,-1.0));
#5364=DIRECTION('',(-6.12303176911189E-17,-1.0,-7.49830360911069E-33));
#5365=DIRECTION('',(1.0,-6.12303176911189E-17,1.22460635382238E-16));
#5366=DIRECTION('',(6.12303176911189E-17,1.0,7.49830360911069E-33));
#5367=DIRECTION('',(-1.0,6.12303176911189E-17,-1.22460635382238E-16));
#5368=CARTESIAN_POINT('',(-3.07,0.35,3.05));
#5369=DIRECTION('',(1.22460635382238E-16,0.0,-1.0));
#5370=DIRECTION('',(-6.12303176911189E-17,-1.0,-7.49830360911069E-33));
#5371=DIRECTION('',(-1.22460635382238E-16,0.0,1.0));
#5372=DIRECTION('',(-6.12303176911189E-17,-1.0,-7.49830360911069E-33));
#5373=DIRECTION('',(1.22460635382238E-16,0.0,-1.0));
#5374=CARTESIAN_POINT('',(-3.17,0.25,2.45));
#5375=DIRECTION('',(-1.22460635382238E-16,0.0,1.0));
#5376=DIRECTION('',(-6.12303176911189E-17,-1.0,-7.49830360911069E-33));
#5377=DIRECTION('',(1.22460635382238E-16,0.0,-1.0));
#5378=DIRECTION('',(1.0,-6.12303176911189E-17,1.22460635382238E-16));
#5379=DIRECTION('',(1.22460635382238E-16,0.0,-1.0));
#5380=DIRECTION('',(6.12303176911189E-17,1.0,7.49830360911069E-33));
#5381=DIRECTION('',(1.22460635382238E-16,0.0,-1.0));
#5382=DIRECTION('',(-1.0,6.12303176911189E-17,-1.22460635382238E-16));
#5383=DIRECTION('',(1.22460635382238E-16,0.0,-1.0));
#5384=CARTESIAN_POINT('',(-3.07,0.35,2.45));
#5385=DIRECTION('',(1.22460635382238E-16,0.0,-1.0));
#5386=DIRECTION('',(-6.12303176911189E-17,-1.0,-7.49830360911069E-33));
#5387=DIRECTION('',(1.22460635382238E-16,0.0,-1.0));
#5388=DIRECTION('',(-1.0,0.0,-1.22460635382238E-16));
#5389=DIRECTION('',(-1.0,0.0,0.0));
#5390=DIRECTION('',(-6.12303176911189E-17,1.0,0.0));
#5391=CARTESIAN_POINT('',(3.17,0.25,-3.05));
#5392=DIRECTION('',(0.0,0.0,1.0));
#5393=DIRECTION('',(6.12303176911189E-17,-1.0,0.0));
#5394=DIRECTION('',(-1.0,-6.12303176911189E-17,0.0));
#5395=DIRECTION('',(-6.12303176911189E-17,1.0,0.0));
#5396=DIRECTION('',(1.0,6.12303176911189E-17,0.0));
#5397=CARTESIAN_POINT('',(3.07,0.35,-3.05));
#5398=DIRECTION('',(0.0,0.0,1.0));
#5399=DIRECTION('',(6.12303176911189E-17,-1.0,0.0));
#5400=DIRECTION('',(0.0,0.0,-1.0));
#5401=DIRECTION('',(6.12303176911189E-17,-1.0,0.0));
#5402=DIRECTION('',(0.0,0.0,1.0));
#5403=CARTESIAN_POINT('',(3.17,0.25,-2.45));
#5404=DIRECTION('',(0.0,0.0,-1.0));
#5405=DIRECTION('',(6.12303176911189E-17,-1.0,0.0));
#5406=DIRECTION('',(0.0,0.0,1.0));
#5407=DIRECTION('',(-1.0,-6.12303176911189E-17,0.0));
#5408=DIRECTION('',(0.0,0.0,1.0));
#5409=DIRECTION('',(-6.12303176911189E-17,1.0,0.0));
#5410=DIRECTION('',(0.0,0.0,1.0));
#5411=DIRECTION('',(1.0,6.12303176911189E-17,0.0));
#5412=DIRECTION('',(0.0,0.0,1.0));
#5413=CARTESIAN_POINT('',(3.07,0.35,-2.45));
#5414=DIRECTION('',(0.0,0.0,1.0));
#5415=DIRECTION('',(6.12303176911189E-17,-1.0,0.0));
#5416=DIRECTION('',(-0.0,0.0,1.0));
#5417=DIRECTION('',(1.0,0.0,0.0));
#5418=DIRECTION('',(1.0,-0.0,1.22460635382238E-16));
#5419=DIRECTION('',(6.12303176911189E-17,1.0,7.49830360911069E-33));
#5420=CARTESIAN_POINT('',(-3.17,0.25,-2.45));
#5421=DIRECTION('',(1.22460635382238E-16,0.0,-1.0));
#5422=DIRECTION('',(-6.12303176911189E-17,-1.0,-7.49830360911069E-33));
#5423=DIRECTION('',(1.0,-6.12303176911189E-17,1.22460635382238E-16));
#5424=DIRECTION('',(6.12303176911189E-17,1.0,7.49830360911069E-33));
#5425=DIRECTION('',(-1.0,6.12303176911189E-17,-1.22460635382238E-16));
#5426=CARTESIAN_POINT('',(-3.07,0.35,-2.45));
#5427=DIRECTION('',(1.22460635382238E-16,0.0,-1.0));
#5428=DIRECTION('',(-6.12303176911189E-17,-1.0,-7.49830360911069E-33));
#5429=DIRECTION('',(-1.22460635382238E-16,0.0,1.0));
#5430=DIRECTION('',(-6.12303176911189E-17,-1.0,-7.49830360911069E-33));
#5431=DIRECTION('',(1.22460635382238E-16,0.0,-1.0));
#5432=CARTESIAN_POINT('',(-3.17,0.25,-3.05));
#5433=DIRECTION('',(-1.22460635382238E-16,0.0,1.0));
#5434=DIRECTION('',(-6.12303176911189E-17,-1.0,-7.49830360911069E-33));
#5435=DIRECTION('',(1.22460635382238E-16,0.0,-1.0));
#5436=DIRECTION('',(1.0,-6.12303176911189E-17,1.22460635382238E-16));
#5437=DIRECTION('',(1.22460635382238E-16,0.0,-1.0));
#5438=DIRECTION('',(6.12303176911189E-17,1.0,7.49830360911069E-33));
#5439=DIRECTION('',(1.22460635382238E-16,0.0,-1.0));
#5440=DIRECTION('',(-1.0,6.12303176911189E-17,-1.22460635382238E-16));
#5441=DIRECTION('',(1.22460635382238E-16,0.0,-1.0));
#5442=CARTESIAN_POINT('',(-3.07,0.35,-3.05));
#5443=DIRECTION('',(1.22460635382238E-16,0.0,-1.0));
#5444=DIRECTION('',(-6.12303176911189E-17,-1.0,-7.49830360911069E-33));
#5445=DIRECTION('',(1.22460635382238E-16,0.0,-1.0));
#5446=DIRECTION('',(-1.0,0.0,-1.22460635382238E-16));
#5447=DIRECTION('',(-1.0,0.0,0.0));
#5448=DIRECTION('',(-6.12303176911189E-17,1.0,0.0));
#5449=CARTESIAN_POINT('',(3.17,0.25,2.45));
#5450=DIRECTION('',(0.0,0.0,1.0));
#5451=DIRECTION('',(6.12303176911189E-17,-1.0,0.0));
#5452=DIRECTION('',(-1.0,-6.12303176911189E-17,0.0));
#5453=DIRECTION('',(-6.12303176911189E-17,1.0,0.0));
#5454=DIRECTION('',(1.0,6.12303176911189E-17,0.0));
#5455=CARTESIAN_POINT('',(3.07,0.35,2.45));
#5456=DIRECTION('',(0.0,0.0,1.0));
#5457=DIRECTION('',(6.12303176911189E-17,-1.0,0.0));
#5458=DIRECTION('',(0.0,0.0,-1.0));
#5459=DIRECTION('',(6.12303176911189E-17,-1.0,0.0));
#5460=DIRECTION('',(0.0,0.0,1.0));
#5461=CARTESIAN_POINT('',(3.17,0.25,3.05));
#5462=DIRECTION('',(0.0,0.0,-1.0));
#5463=DIRECTION('',(6.12303176911189E-17,-1.0,0.0));
#5464=DIRECTION('',(0.0,0.0,1.0));
#5465=DIRECTION('',(-1.0,-6.12303176911189E-17,0.0));
#5466=DIRECTION('',(0.0,0.0,1.0));
#5467=DIRECTION('',(-6.12303176911189E-17,1.0,0.0));
#5468=DIRECTION('',(0.0,0.0,1.0));
#5469=DIRECTION('',(1.0,6.12303176911189E-17,0.0));
#5470=DIRECTION('',(0.0,0.0,1.0));
#5471=CARTESIAN_POINT('',(3.07,0.35,3.05));
#5472=DIRECTION('',(0.0,0.0,1.0));
#5473=DIRECTION('',(6.12303176911189E-17,-1.0,0.0));
#5474=DIRECTION('',(-0.0,0.0,1.0));
#5475=DIRECTION('',(1.0,0.0,0.0));
#5476=DIRECTION('',(1.22460635382238E-16,6.12303176911189E-17,-1.0));
#5477=DIRECTION('',(0.0,1.0,0.0));
#5478=DIRECTION('',(-1.22460635382238E-16,0.0,1.0));
#5479=DIRECTION('',(0.0,-1.0,-0.0));
#5480=DIRECTION('',(1.0,-7.49830360911069E-33,1.22460635382238E-16));
#5481=DIRECTION('',(-1.0,0.0,-1.22460635382238E-16));
#5482=DIRECTION('',(0.0,-1.0,-0.0));
#5483=DIRECTION('',(1.0,0.0,1.22460635382238E-16));
#5484=DIRECTION('',(-1.0,7.49830360911069E-33,-1.22460635382238E-16));
#5485=DIRECTION('',(-1.0,0.0,-1.22460635382238E-16));
#5486=DIRECTION('',(0.0,1.0,0.0));
#5487=DIRECTION('',(1.0,0.0,1.22460635382238E-16));
#5488=DIRECTION('',(-1.22460635382238E-16,0.0,1.0));
#5489=DIRECTION('',(-1.22460635382238E-16,0.0,1.0));
#5490=DIRECTION('',(0.0,1.0,0.0));
#5491=DIRECTION('',(0.0,0.0,-1.0));
#5492=DIRECTION('',(0.0,-1.0,0.0));
#5493=DIRECTION('',(1.0,0.0,0.0));
#5494=DIRECTION('',(0.0,-1.0,0.0));
#5495=DIRECTION('',(-1.0,0.0,0.0));
#5496=DIRECTION('',(1.0,0.0,0.0));
#5497=DIRECTION('',(0.0,1.0,0.0));
#5498=DIRECTION('',(-1.0,0.0,0.0));
#5499=DIRECTION('',(0.0,0.0,-1.0));
#5500=DIRECTION('',(0.0,0.0,-1.0));
#5501=CARTESIAN_POINT('',(-2.925,8.79,-5.845));
#5502=DIRECTION('',(0.0,-1.0,-6.12303176911189E-17));
#5503=DIRECTION('',(1.0,0.0,0.0));
#5504=CARTESIAN_POINT('',(-2.925,8.89,-5.845));
#5505=DIRECTION('',(0.0,-1.0,-6.12303176911189E-17));
#5506=DIRECTION('',(1.0,0.0,0.0));
#5507=DIRECTION('',(0.0,1.0,6.12303176911189E-17));
#5508=DIRECTION('',(1.0,-0.0,0.0));
#5509=DIRECTION('',(1.0,0.0,0.0));
#5510=DIRECTION('',(0.0,1.0,6.12303176911189E-17));
#5511=CARTESIAN_POINT('',(2.925,8.79,-5.845));
#5512=DIRECTION('',(0.0,-1.0,-6.12303176911189E-17));
#5513=DIRECTION('',(1.0,0.0,0.0));
#5514=CARTESIAN_POINT('',(2.925,8.89,-5.845));
#5515=DIRECTION('',(0.0,-1.0,-6.12303176911189E-17));
#5516=DIRECTION('',(1.0,0.0,0.0));
#5517=DIRECTION('',(1.0,-7.49830360911069E-33,1.22460635382238E-16));
#5518=DIRECTION('',(-1.0,7.49830360911069E-33,-1.22460635382238E-16));
#5519=DIRECTION('',(1.22460635382238E-16,6.12303176911189E-17,-1.0));
#5520=DIRECTION('',(0.0,-1.0,-0.0));
#5521=DIRECTION('',(1.22460635382238E-16,6.12303176911189E-17,-1.0));
#5522=DIRECTION('',(-3.66176758509128E-33,1.0,2.99015889772397E-17));
#5523=DIRECTION('',(-1.22460635382238E-16,-6.12303176911189E-17,1.0));
#5524=DIRECTION('',(1.1313630382575E-32,-1.0,-9.23858540114678E-17));
#5525=DIRECTION('',(1.22460635382238E-16,6.12303176911189E-17,-1.0));
#5526=DIRECTION('',(-3.68748502571977E-33,1.0,3.0111594752142E-17));
#5527=DIRECTION('',(-1.22460635382238E-16,-6.12303176911189E-17,1.0));
#5528=DIRECTION('',(1.13303498246301E-32,-1.0,-9.25223831255207E-17));
#5529=DIRECTION('',(1.22460635382238E-16,6.12303176911189E-17,-1.0));
#5530=DIRECTION('',(0.0,1.0,0.0));
#5531=DIRECTION('',(1.0,-7.49830360911069E-33,1.22460635382238E-16));
#5532=DIRECTION('',(4.64815784654996E-33,1.0,5.69216363245442E-49));
#5533=DIRECTION('',(-1.0,7.49830360911069E-33,-1.22460635382238E-16));
#5534=DIRECTION('',(1.0,0.0,0.0));
#5535=DIRECTION('',(-7.59126854444551E-17,-6.12303176911189E-17,1.0));
#5536=CARTESIAN_POINT('',(2.93,8.79,-5.85));
#5537=DIRECTION('',(0.0,-1.0,-6.12303176911189E-17));
#5538=DIRECTION('',(1.0,0.0,0.0));
#5539=DIRECTION('',(1.0,0.0,0.0));
#5540=CARTESIAN_POINT('',(-2.93,8.79,-5.85));
#5541=DIRECTION('',(0.0,-1.0,-6.12303176911189E-17));
#5542=DIRECTION('',(1.0,0.0,0.0));
#5543=DIRECTION('',(7.59126854444551E-17,6.12303176911189E-17,-1.0));
#5544=DIRECTION('',(0.0,1.0,0.0));
#5545=DIRECTION('',(-1.0,0.0,0.0));
#5546=DIRECTION('',(-4.64815784654996E-33,-1.0,0.0));
#5547=DIRECTION('',(0.89045489724794,-2.66586633370379E-17,-0.455071506432958));
#5548=DIRECTION('',(-6.12303176911189E-17,-1.0,-6.12303176911189E-17));
#5549=DIRECTION('',(0.89045489724794,2.7864172911066E-17,-0.455071506432958));
#5550=DIRECTION('',(0.890238792395649,-8.23996536968784E-17,0.455494119077224));
#5551=CARTESIAN_POINT('',(-2.23,0.22,-2.75));
#5552=DIRECTION('',(-6.12303176911189E-17,-1.0,-6.12303176911189E-17));
#5553=DIRECTION('',(-1.22460635382238E-16,-6.12303176911189E-17,1.0));
#5554=DIRECTION('',(0.891258796463707,-2.68044134484215E-17,-0.453495047079971));
#5555=DIRECTION('',(0.891475327917784,-8.23268912786073E-17,0.453069243840144));
#5556=CARTESIAN_POINT('',(-2.23,0.22,2.75));
#5557=DIRECTION('',(-6.12303176911189E-17,-1.0,-6.12303176911189E-17));
#5558=DIRECTION('',(-1.22460635382238E-16,-6.12303176911189E-17,1.0));
#5559=DIRECTION('',(-6.12303176911189E-17,-1.0,-6.12303176911189E-17));
#5560=DIRECTION('',(0.891258796463707,2.77676458040555E-17,-0.453495047079971));
#5561=CARTESIAN_POINT('',(-2.23,3.60822483003176E-16,2.75));
#5562=DIRECTION('',(0.0,1.0,6.12303176911189E-17));
#5563=DIRECTION('',(-1.22460635382238E-16,-6.12303176911189E-17,1.0));
#5564=DIRECTION('',(-6.12303176911189E-17,-1.0,-6.12303176911189E-17));
#5565=DIRECTION('',(-0.891475327917784,2.7741573736407E-17,-0.453069243840144));
#5566=CARTESIAN_POINT('',(-2.23,6.93889390390723E-16,-2.75));
#5567=DIRECTION('',(0.0,1.0,6.12303176911189E-17));
#5568=DIRECTION('',(-1.22460635382238E-16,-6.12303176911189E-17,1.0));
#5569=DIRECTION('',(-6.12303176911189E-17,-1.0,-6.12303176911189E-17));
#5570=DIRECTION('',(-0.890238792395649,2.78900496175347E-17,-0.455494119077224));
#5571=CARTESIAN_POINT('',(2.23,3.60822483003176E-16,-2.75));
#5572=DIRECTION('',(2.6376577071555E-65,1.0,6.12303176911189E-17));
#5573=DIRECTION('',(3.74915180455534E-33,6.12303176911189E-17,-1.0));
#5574=DIRECTION('',(6.12303176911189E-17,-1.0,6.12303176911189E-17));
#5575=CARTESIAN_POINT('',(2.23,0.22,-2.75));
#5576=DIRECTION('',(6.12303176911189E-17,-1.0,6.12303176911189E-17));
#5577=DIRECTION('',(3.74915180455534E-33,-6.12303176911189E-17,-1.0));
#5578=DIRECTION('',(6.12303176911189E-17,-1.0,6.12303176911189E-17));
#5579=DIRECTION('',(0.891475327917784,-2.7741573736407E-17,0.453069243840144));
#5580=DIRECTION('',(-0.891475327917784,-8.23268912786073E-17,-0.453069243840144));
#5581=DIRECTION('',(0.0,1.0,-3.0111594752142E-17));
#5582=CARTESIAN_POINT('',(2.23,6.93889390390723E-16,2.75));
#5583=DIRECTION('',(2.6376577071555E-65,1.0,6.12303176911189E-17));
#5584=DIRECTION('',(3.74915180455534E-33,6.12303176911189E-17,-1.0));
#5585=DIRECTION('',(6.12303176911189E-17,-1.0,6.12303176911189E-17));
#5586=CARTESIAN_POINT('',(2.23,0.22,2.75));
#5587=DIRECTION('',(6.12303176911189E-17,-1.0,6.12303176911189E-17));
#5588=DIRECTION('',(3.74915180455534E-33,-6.12303176911189E-17,-1.0));
#5589=DIRECTION('',(6.12303176911189E-17,-1.0,6.12303176911189E-17));
#5590=DIRECTION('',(0.0,-6.12303176911189E-17,-1.0));
#5591=DIRECTION('',(-0.890238792395649,-8.23996536968784E-17,-0.455494119077224));
#5592=DIRECTION('',(-0.891258796463707,-2.68044134484215E-17,0.453495047079971));
#5593=DIRECTION('',(0.890238792395649,-2.78900496175347E-17,0.455494119077224));
#5594=DIRECTION('',(0.0,1.0,-2.99015889772397E-17));
#5595=DIRECTION('',(-0.890454897247939,-2.7864172911066E-17,0.455071506432958));
#5596=DIRECTION('',(0.0,-1.0,9.25223831255207E-17));
#5597=DIRECTION('',(-0.890454897247939,-2.66586633370379E-17,0.455071506432958));
#5598=DIRECTION('',(-0.891258796463707,-2.77676458040555E-17,0.453495047079971));
#5599=DIRECTION('',(0.0,-1.0,9.23858540114678E-17));
#5600=DIRECTION('',(0.0,-6.12303176911189E-17,-1.0));
#5601=DIRECTION('',(-7.59126854444551E-17,-6.12303176911189E-17,1.0));
#5602=CARTESIAN_POINT('',(-2.93,7.4700987583165E-16,-5.85));
#5603=DIRECTION('',(-0.0,1.0,6.12303176911189E-17));
#5604=DIRECTION('',(1.0,0.0,0.0));
#5605=DIRECTION('',(-1.0,0.0,0.0));
#5606=CARTESIAN_POINT('',(2.93,7.4700987583165E-16,-5.85));
#5607=DIRECTION('',(-0.0,1.0,6.12303176911189E-17));
#5608=DIRECTION('',(1.0,0.0,0.0));
#5609=DIRECTION('',(7.59126854444551E-17,6.12303176911189E-17,-1.0));
#5610=DIRECTION('',(0.0,-6.12303176911189E-17,1.0));
#5611=DIRECTION('',(0.0,-6.12303176911189E-17,1.0));
#5612=DIRECTION('',(0.0,-6.12303176911189E-17,1.0));
#5613=DIRECTION('',(1.0,0.0,0.0));
#5614=DIRECTION('',(7.59126854444551E-17,6.12303176911189E-17,-1.0));
#5615=CARTESIAN_POINT('',(2.93,3.06151588455595E-17,5.85));
#5616=DIRECTION('',(-0.0,1.0,6.12303176911189E-17));
#5617=DIRECTION('',(1.0,0.0,0.0));
#5618=DIRECTION('',(1.0,0.0,0.0));
#5619=CARTESIAN_POINT('',(-2.93,3.06151588455594E-17,5.85));
#5620=DIRECTION('',(-0.0,1.0,6.12303176911189E-17));
#5621=DIRECTION('',(1.0,0.0,0.0));
#5622=DIRECTION('',(-7.59126854444551E-17,-6.12303176911189E-17,1.0));
#5623=DIRECTION('',(1.0,-7.49830360911069E-33,1.22460635382238E-16));
#5624=DIRECTION('',(-4.64815784654996E-33,-1.0,-5.69216363245442E-49));
#5625=DIRECTION('',(-1.0,7.49830360911069E-33,-1.22460635382238E-16));
#5626=DIRECTION('',(7.59126854444551E-17,6.12303176911189E-17,-1.0));
#5627=CARTESIAN_POINT('',(-2.93,8.79,5.85));
#5628=DIRECTION('',(0.0,-1.0,-6.12303176911189E-17));
#5629=DIRECTION('',(1.0,0.0,0.0));
#5630=DIRECTION('',(-1.0,0.0,0.0));
#5631=CARTESIAN_POINT('',(2.93,8.79,5.85));
#5632=DIRECTION('',(0.0,-1.0,-6.12303176911189E-17));
#5633=DIRECTION('',(1.0,0.0,0.0));
#5634=DIRECTION('',(-7.59126854444551E-17,-6.12303176911189E-17,1.0));
#5635=DIRECTION('',(-1.0,0.0,0.0));
#5636=DIRECTION('',(0.0,1.0,6.12303176911189E-17));
#5637=DIRECTION('',(0.0,1.0,6.12303176911189E-17));
#5638=DIRECTION('',(0.0,-1.0,0.0));
#5639=DIRECTION('',(4.64815784654996E-33,1.0,-0.0));
#5640=DIRECTION('',(0.0,1.0,6.12303176911189E-17));
#5641=DIRECTION('',(0.0,1.0,6.12303176911189E-17));
#5642=DIRECTION('',(0.0,1.0,6.12303176911189E-17));
#5643=DIRECTION('',(0.0,1.0,6.12303176911189E-17));
#5644=DIRECTION('',(0.0,1.0,6.12303176911189E-17));
#5645=DIRECTION('',(0.0,1.0,6.12303176911189E-17));
ENDSEC;
END-ISO-10303-21;
