ISO-10303-21;
HEADER;
FILE_DESCRIPTION (( 'STEP AP214' ),
    '1' );
FILE_NAME ('139596.step',
    '2020-09-28T18:07:54',
    ( '' ),
    ( '' ),
    'SwSTEP 2.0',
    'SolidWorks 2019',
    '' );
FILE_SCHEMA (( 'AUTOMOTIVE_DESIGN' ));
ENDSEC;

DATA;
#1 = LINE ( 'NONE', #42, #183 ) ;
#2 = DIRECTION ( 'NONE',  ( 0.000000000000000000, 0.000000000000000000, 1.000000000000000000 ) ) ;
#3 = VECTOR ( 'NONE', #2437, 1000.000000000000000 ) ;
#4 = VECTOR ( 'NONE', #1046, 999.9999999999998863 ) ;
#5 = EDGE_LOOP ( 'NONE', ( #1546, #453, #880, #1115 ) ) ;
#6 = DIRECTION ( 'NONE',  ( -1.000000000000000000, 0.000000000000000000, 0.000000000000000000 ) ) ;
#7 = VECTOR ( 'NONE', #2158, 1000.000000000000000 ) ;
#8 = DIRECTION ( 'NONE',  ( 0.000000000000000000, 1.000000000000000000, 0.000000000000000000 ) ) ;
#9 = VERTEX_POINT ( 'NONE', #2353 ) ;
#10 = EDGE_CURVE ( 'NONE', #388, #1703, #535, .T. ) ;
#11 = EDGE_CURVE ( 'NONE', #2502, #2552, #922, .T. ) ;
#12 = VECTOR ( 'NONE', #1632, 999.9999999999998863 ) ;
#13 = VECTOR ( 'NONE', #1544, 999.9999999999998863 ) ;
#14 = LINE ( 'NONE', #1233, #192 ) ;
#15 = EDGE_CURVE ( 'NONE', #1237, #703, #1143, .T. ) ;
#16 = AXIS2_PLACEMENT_3D ( 'NONE', #1419, #988, #17 ) ;
#17 = DIRECTION ( 'NONE',  ( 0.000000000000000000, -1.000000000000000000, 0.000000000000000000 ) ) ;
#18 = ORIENTED_EDGE ( 'NONE', *, *, #2557, .F. ) ;
#19 = CARTESIAN_POINT ( 'NONE',  ( -0.2200000000000000011, 8.830000000000000071, -0.02000000000000000042 ) ) ;
#20 = DIRECTION ( 'NONE',  ( -0.000000000000000000, 1.000000000000000000, 0.000000000000000000 ) ) ;
#21 = ORIENTED_EDGE ( 'NONE', *, *, #2130, .F. ) ;
#22 = CARTESIAN_POINT ( 'NONE',  ( -0.1200000000000000094, 9.080000000000000071, 0.09999999999998999967 ) ) ;
#23 = CARTESIAN_POINT ( 'NONE',  ( 2.860000000000000320, 8.580000000000000071, -0.3400000000000000244 ) ) ;
#24 = ORIENTED_EDGE ( 'NONE', *, *, #623, .F. ) ;
#25 = EDGE_CURVE ( 'NONE', #1893, #928, #2340, .T. ) ;
#26 = FACE_BOUND ( 'NONE', #253, .T. ) ;
#27 = EDGE_CURVE ( 'NONE', #177, #2037, #127, .T. ) ;
#28 = CARTESIAN_POINT ( 'NONE',  ( 2.860000000000000320, -0.9399999999999999467, 0.2999999999999999889 ) ) ;
#29 = ORIENTED_EDGE ( 'NONE', *, *, #1415, .T. ) ;
#30 = EDGE_LOOP ( 'NONE', ( #135, #115, #1464, #1791, #1331, #1620, #261, #2348, #1667, #18, #1697, #1847, #959, #1767, #985, #1561 ) ) ;
#31 = CARTESIAN_POINT ( 'NONE',  ( 2.419999999999999929, -5.139999999999999680, 0.09999999999998999967 ) ) ;
#32 = LINE ( 'NONE', #1653, #2027 ) ;
#33 = ORIENTED_EDGE ( 'NONE', *, *, #1251, .T. ) ;
#34 = CARTESIAN_POINT ( 'NONE',  ( -0.1200000000000000094, 9.080000000000000071, -0.1399999999999999856 ) ) ;
#35 = CARTESIAN_POINT ( 'NONE',  ( -1.699999999999999956, -1.580000000000000071, 2.899999999999999911 ) ) ;
#36 = ORIENTED_EDGE ( 'NONE', *, *, #95, .T. ) ;
#37 = DIRECTION ( 'NONE',  ( 0.000000000000000000, 0.000000000000000000, -1.000000000000000000 ) ) ;
#38 = DIRECTION ( 'NONE',  ( 0.000000000000000000, 0.000000000000000000, 1.000000000000000000 ) ) ;
#39 = ORIENTED_EDGE ( 'NONE', *, *, #690, .F. ) ;
#40 = ORIENTED_EDGE ( 'NONE', *, *, #2305, .F. ) ;
#41 = EDGE_CURVE ( 'NONE', #2502, #2047, #1339, .T. ) ;
#42 = CARTESIAN_POINT ( 'NONE',  ( 0.1200000000000000094, -5.139999999999999680, 0.09999999999998999967 ) ) ;
#43 = LINE ( 'NONE', #2466, #139 ) ;
#44 = ADVANCED_FACE ( 'NONE', ( #2529 ), #694, .F. ) ;
#45 = VECTOR ( 'NONE', #2654, 1000.000000000000000 ) ;
#46 = EDGE_LOOP ( 'NONE', ( #1995, #2585, #716, #360 ) ) ;
#47 = CARTESIAN_POINT ( 'NONE',  ( -0.9650000000000000799, 1.580000000000000071, 0.7299999999999999822 ) ) ;
#48 = VERTEX_POINT ( 'NONE', #935 ) ;
#49 = VECTOR ( 'NONE', #1796, 1000.000000000000000 ) ;
#50 = VECTOR ( 'NONE', #1314, 1000.000000000000000 ) ;
#51 = CARTESIAN_POINT ( 'NONE',  ( -3.810000000000000053, -1.580000000000000071, 2.899999999999999911 ) ) ;
#52 = CARTESIAN_POINT ( 'NONE',  ( -3.380000000000000338, -0.9399999999999999467, 2.899999999999999911 ) ) ;
#53 = AXIS2_PLACEMENT_3D ( 'NONE', #2143, #953, #327 ) ;
#54 = VECTOR ( 'NONE', #418, 1000.000000000000227 ) ;
#55 = AXIS2_PLACEMENT_3D ( 'NONE', #1296, #665, #1109 ) ;
#56 = DIRECTION ( 'NONE',  ( 0.000000000000000000, 1.000000000000000000, 0.000000000000000000 ) ) ;
#57 = VERTEX_POINT ( 'NONE', #495 ) ;
#58 = ORIENTED_EDGE ( 'NONE', *, *, #1056, .F. ) ;
#59 = APPLICATION_PROTOCOL_DEFINITION ( 'draft international standard', 'automotive_design', 1998, #1188 ) ;
#60 = CARTESIAN_POINT ( 'NONE',  ( 1.699999999999999956, -1.580000000000000071, 2.899999999999999911 ) ) ;
#61 = DIRECTION ( 'NONE',  ( -0.3481553119113956485, -0.8703882797784894265, 0.3481553119113956485 ) ) ;
#62 = EDGE_CURVE ( 'NONE', #1999, #858, #86, .T. ) ;
#63 = EDGE_LOOP ( 'NONE', ( #2284, #2237, #1630, #2659 ) ) ;
#64 = CARTESIAN_POINT ( 'NONE',  ( 2.860000000000000320, 8.580000000000000071, -0.3400000000000000244 ) ) ;
#65 = ADVANCED_FACE ( 'NONE', ( #735 ), #1554, .T. ) ;
#66 = DIRECTION ( 'NONE',  ( -1.000000000000000000, 0.000000000000000000, 0.000000000000000000 ) ) ;
#67 = LINE ( 'NONE', #1466, #1221 ) ;
#68 = CARTESIAN_POINT ( 'NONE',  ( -0.9650000000000000799, 1.580000000000000071, -0.7699999999999999067 ) ) ;
#69 = ORIENTED_EDGE ( 'NONE', *, *, #945, .T. ) ;
#70 = ORIENTED_EDGE ( 'NONE', *, *, #1205, .T. ) ;
#71 = CARTESIAN_POINT ( 'NONE',  ( 0.3200000000000000067, 8.580000000000000071, 0.2999999999999999889 ) ) ;
#72 = DIRECTION ( 'NONE',  ( 0.000000000000000000, 0.000000000000000000, -1.000000000000000000 ) ) ;
#73 = EDGE_CURVE ( 'NONE', #2537, #691, #1947, .T. ) ;
#74 = DIRECTION ( 'NONE',  ( 0.000000000000000000, -0.7071067811865474617, -0.7071067811865474617 ) ) ;
#75 = LINE ( 'NONE', #897, #2322 ) ;
#76 = VERTEX_POINT ( 'NONE', #1421 ) ;
#77 = EDGE_CURVE ( 'NONE', #2545, #155, #1637, .T. ) ;
#78 = CARTESIAN_POINT ( 'NONE',  ( -1.574999999999999956, -1.580000000000000071, 0.7299999999999999822 ) ) ;
#79 = FACE_OUTER_BOUND ( 'NONE', #2157, .T. ) ;
#80 = EDGE_CURVE ( 'NONE', #1142, #1248, #1799, .T. ) ;
#81 = CARTESIAN_POINT ( 'NONE',  ( -2.860000000000000320, -5.139999999999999680, 0.2999999999999999889 ) ) ;
#82 = EDGE_LOOP ( 'NONE', ( #1840, #501, #2392, #236 ) ) ;
#83 = ORIENTED_EDGE ( 'NONE', *, *, #605, .T. ) ;
#84 = DIRECTION ( 'NONE',  ( 0.000000000000000000, 1.000000000000000000, 0.000000000000000000 ) ) ;
#85 = CARTESIAN_POINT ( 'NONE',  ( 2.419999999999999929, -5.139999999999999680, -0.1399999999999999856 ) ) ;
#86 = LINE ( 'NONE', #1326, #1169 ) ;
#87 = CARTESIAN_POINT ( 'NONE',  ( 2.540000000000000036, 3.870000000000000107, -1.899999999999999911 ) ) ;
#88 = CARTESIAN_POINT ( 'NONE',  ( 2.540000000000000036, 9.369999999999999218, -1.899999999999999911 ) ) ;
#89 = CLOSED_SHELL ( 'NONE', ( #1524, #687, #769, #1448, #2288, #2270, #885, #2141, #423, #1972, #2192, #1696, #2002, #112, #1067, #1086, #1082, #2641, #2181, #1492, #1000, #142, #2248, #1034, #2174, #286, #1706, #2109, #914, #1612, #724, #2393, #2409, #1739, #2082, #1202, #1039, #2127, #2273, #2572, #2381, #558, #1540, #2487, #1627, #930, #1870, #1365, #298, #2656, #2318, #1489, #303, #1411, #1504, #504, #1757, #108, #258, #641, #1721, #1874, #65, #638, #1843, #1807, #392, #2625, #537, #1845, #44, #1342, #2165, #899, #1266, #1399, #1563, #494, #2098, #1425, #2373, #2520, #329, #437, #984, #1878, #1725, #1510, #659, #738, #2239 ) ) ;
#90 = EDGE_CURVE ( 'NONE', #662, #684, #588, .T. ) ;
#91 = CARTESIAN_POINT ( 'NONE',  ( 0.1200000000000000094, 9.080000000000000071, 0.09999999999998999967 ) ) ;
#92 = VECTOR ( 'NONE', #774, 1000.000000000000000 ) ;
#93 = LINE ( 'NONE', #1319, #2116 ) ;
#94 = ORIENTED_EDGE ( 'NONE', *, *, #2389, .T. ) ;
#95 = EDGE_CURVE ( 'NONE', #331, #267, #1209, .T. ) ;
#96 = EDGE_LOOP ( 'NONE', ( #442, #2019, #849, #164 ) ) ;
#97 = VECTOR ( 'NONE', #425, 1000.000000000000000 ) ;
#98 = AXIS2_PLACEMENT_3D ( 'NONE', #1133, #1171, #2589 ) ;
#99 = VECTOR ( 'NONE', #242, 1000.000000000000000 ) ;
#100 = LINE ( 'NONE', #918, #521 ) ;
#101 = FACE_OUTER_BOUND ( 'NONE', #2135, .T. ) ;
#102 = ORIENTED_EDGE ( 'NONE', *, *, #2601, .F. ) ;
#103 = EDGE_LOOP ( 'NONE', ( #1664, #781, #939, #861 ) ) ;
#104 = CARTESIAN_POINT ( 'NONE',  ( -0.3200000000000000067, 8.580000000000000071, -0.3400000000000000244 ) ) ;
#105 = CARTESIAN_POINT ( 'NONE',  ( 0.9650000000000000799, 1.580000000000000071, 0.7299999999999999822 ) ) ;
#106 = DIRECTION ( 'NONE',  ( 0.3481553119113956485, 0.8703882797784894265, 0.3481553119113956485 ) ) ;
#107 = ORIENTED_EDGE ( 'NONE', *, *, #1792, .F. ) ;
#108 = ADVANCED_FACE ( 'NONE', ( #2023 ), #990, .T. ) ;
#109 = CARTESIAN_POINT ( 'NONE',  ( 0.9650000000000000799, -1.580000000000000071, 0.7299999999999999822 ) ) ;
#110 = ORIENTED_EDGE ( 'NONE', *, *, #2588, .T. ) ;
#111 = ORIENTED_EDGE ( 'NONE', *, *, #1445, .F. ) ;
#112 = ADVANCED_FACE ( 'NONE', ( #613 ), #764, .F. ) ;
#113 = DIRECTION ( 'NONE',  ( -1.000000000000000000, 0.000000000000000000, 0.000000000000000000 ) ) ;
#114 = LINE ( 'NONE', #1908, #1556 ) ;
#115 = ORIENTED_EDGE ( 'NONE', *, *, #175, .F. ) ;
#116 = DIRECTION ( 'NONE',  ( 0.000000000000000000, -1.000000000000000000, 0.000000000000000000 ) ) ;
#117 = CARTESIAN_POINT ( 'NONE',  ( -2.540000000000000036, 9.369999999999999218, -2.899999999999999911 ) ) ;
#118 = CARTESIAN_POINT ( 'NONE',  ( -2.540000000000000036, 10.12000000000000099, -2.899999999999999911 ) ) ;
#119 = VERTEX_POINT ( 'NONE', #1227 ) ;
#120 = DIRECTION ( 'NONE',  ( 0.000000000000000000, 1.000000000000000000, 0.000000000000000000 ) ) ;
#121 = EDGE_LOOP ( 'NONE', ( #487, #1177, #1058, #151 ) ) ;
#122 = ORIENTED_EDGE ( 'NONE', *, *, #1631, .F. ) ;
#123 = FACE_BOUND ( 'NONE', #2607, .T. ) ;
#124 = CARTESIAN_POINT ( 'NONE',  ( 1.574999999999999956, -1.580000000000000071, -0.7699999999999999067 ) ) ;
#125 = VERTEX_POINT ( 'NONE', #363 ) ;
#126 = EDGE_CURVE ( 'NONE', #2094, #1920, #1986, .T. ) ;
#127 = LINE ( 'NONE', #1924, #1125 ) ;
#128 = PLANE ( 'NONE',  #1261 ) ;
#129 = EDGE_CURVE ( 'NONE', #2552, #682, #2039, .T. ) ;
#130 = CARTESIAN_POINT ( 'NONE',  ( -2.419999999999999929, -5.139999999999999680, 0.09999999999998999967 ) ) ;
#131 = ORIENTED_EDGE ( 'NONE', *, *, #1430, .F. ) ;
#132 = AXIS2_PLACEMENT_3D ( 'NONE', #1196, #185, #2448 ) ;
#133 = CARTESIAN_POINT ( 'NONE',  ( 2.860000000000000320, -4.639999999999999680, -0.3400000000000000244 ) ) ;
#134 = ORIENTED_EDGE ( 'NONE', *, *, #2389, .F. ) ;
#135 = ORIENTED_EDGE ( 'NONE', *, *, #454, .F. ) ;
#136 = VECTOR ( 'NONE', #1891, 1000.000000000000000 ) ;
#137 = LINE ( 'NONE', #2217, #1338 ) ;
#138 = DIRECTION ( 'NONE',  ( 1.000000000000000000, 0.000000000000000000, 0.000000000000000000 ) ) ;
#139 = VECTOR ( 'NONE', #210, 1000.000000000000000 ) ;
#140 = VECTOR ( 'NONE', #594, 1000.000000000000000 ) ;
#141 = VECTOR ( 'NONE', #154, 1000.000000000000000 ) ;
#142 = ADVANCED_FACE ( 'NONE', ( #1583 ), #2397, .F. ) ;
#143 = CARTESIAN_POINT ( 'NONE',  ( 0.3200000000000000067, 8.580000000000000071, -0.3400000000000000244 ) ) ;
#144 = DIRECTION ( 'NONE',  ( -1.000000000000000000, 0.000000000000000000, 0.000000000000000000 ) ) ;
#145 = AXIS2_PLACEMENT_3D ( 'NONE', #259, #903, #1875 ) ;
#146 = VECTOR ( 'NONE', #714, 1000.000000000000000 ) ;
#147 = AXIS2_PLACEMENT_3D ( 'NONE', #2469, #2054, #2064 ) ;
#148 = CARTESIAN_POINT ( 'NONE',  ( 2.860000000000000320, 8.580000000000000071, 0.2999999999999999889 ) ) ;
#149 = ORIENTED_EDGE ( 'NONE', *, *, #2033, .T. ) ;
#150 = CARTESIAN_POINT ( 'NONE',  ( -1.574999999999999956, -1.580000000000000071, -0.7699999999999999067 ) ) ;
#151 = ORIENTED_EDGE ( 'NONE', *, *, #554, .F. ) ;
#152 = ORIENTED_EDGE ( 'NONE', *, *, #262, .T. ) ;
#153 = LINE ( 'NONE', #568, #2626 ) ;
#154 = DIRECTION ( 'NONE',  ( 0.000000000000000000, 1.000000000000000000, 0.000000000000000000 ) ) ;
#155 = VERTEX_POINT ( 'NONE', #2426 ) ;
#156 = DIRECTION ( 'NONE',  ( 1.000000000000000000, 0.000000000000000000, 0.000000000000000000 ) ) ;
#157 = CARTESIAN_POINT ( 'NONE',  ( 2.540000000000000036, 8.830000000000000071, 0.2000000000000000111 ) ) ;
#158 = EDGE_CURVE ( 'NONE', #973, #1587, #777, .T. ) ;
#159 = FACE_OUTER_BOUND ( 'NONE', #63, .T. ) ;
#160 = PLANE ( 'NONE',  #1472 ) ;
#161 = EDGE_LOOP ( 'NONE', ( #2436, #1992, #328, #1091 ) ) ;
#162 = EDGE_CURVE ( 'NONE', #1973, #2257, #737, .T. ) ;
#163 = DIRECTION ( 'NONE',  ( 0.3481553119113956485, 0.8703882797784894265, 0.3481553119113956485 ) ) ;
#164 = ORIENTED_EDGE ( 'NONE', *, *, #888, .T. ) ;
#165 = EDGE_CURVE ( 'NONE', #713, #1333, #2627, .T. ) ;
#166 = LINE ( 'NONE', #986, #2579 ) ;
#167 = DIRECTION ( 'NONE',  ( 0.000000000000000000, 0.000000000000000000, -1.000000000000000000 ) ) ;
#168 = DIRECTION ( 'NONE',  ( -0.9284766908852662981, -0.3713906763540865685, 0.000000000000000000 ) ) ;
#169 = ORIENTED_EDGE ( 'NONE', *, *, #27, .F. ) ;
#170 = CARTESIAN_POINT ( 'NONE',  ( 2.220000000000000195, -4.639999999999999680, -0.3400000000000000244 ) ) ;
#171 = DIRECTION ( 'NONE',  ( 0.000000000000000000, 0.000000000000000000, -1.000000000000000000 ) ) ;
#172 = PLANE ( 'NONE',  #1170 ) ;
#173 = CARTESIAN_POINT ( 'NONE',  ( -0.3200000000000000067, -0.9399999999999999467, 0.2999999999999999889 ) ) ;
#174 = EDGE_LOOP ( 'NONE', ( #1942, #563, #1461, #2418 ) ) ;
#175 = EDGE_CURVE ( 'NONE', #566, #1577, #1831, .T. ) ;
#176 = CARTESIAN_POINT ( 'NONE',  ( 0.3200000000000000067, 8.580000000000000071, 0.2999999999999999889 ) ) ;
#177 = VERTEX_POINT ( 'NONE', #2182 ) ;
#178 = EDGE_CURVE ( 'NONE', #662, #2094, #2411, .T. ) ;
#179 = FACE_OUTER_BOUND ( 'NONE', #448, .T. ) ;
#180 = LINE ( 'NONE', #357, #1349 ) ;
#181 = CARTESIAN_POINT ( 'NONE',  ( -0.2200000000000000011, -4.890000000000000568, -0.02000000000000000042 ) ) ;
#182 = ORIENTED_EDGE ( 'NONE', *, *, #1615, .T. ) ;
#183 = VECTOR ( 'NONE', #1072, 1000.000000000000000 ) ;
#184 = VECTOR ( 'NONE', #1936, 1000.000000000000000 ) ;
#185 = DIRECTION ( 'NONE',  ( -1.000000000000000000, 0.000000000000000000, 0.000000000000000000 ) ) ;
#186 = CARTESIAN_POINT ( 'NONE',  ( 3.810000000000000053, -1.580000000000000071, 2.899999999999999911 ) ) ;
#187 = VECTOR ( 'NONE', #1718, 999.9999999999998863 ) ;
#188 = CARTESIAN_POINT ( 'NONE',  ( -2.540000000000000036, 1.580000000000000071, -2.899999999999999911 ) ) ;
#189 = VECTOR ( 'NONE', #1075, 1000.000000000000114 ) ;
#190 = PLANE ( 'NONE',  #1734 ) ;
#191 = ORIENTED_EDGE ( 'NONE', *, *, #949, .T. ) ;
#192 = VECTOR ( 'NONE', #1191, 999.9999999999998863 ) ;
#193 = LINE ( 'NONE', #1444, #12 ) ;
#194 = FACE_OUTER_BOUND ( 'NONE', #1304, .T. ) ;
#195 = CARTESIAN_POINT ( 'NONE',  ( -2.267022324300000058, 10.12000000000000099, -1.899999999999999911 ) ) ;
#196 = CARTESIAN_POINT ( 'NONE',  ( -0.3200000000000000067, 1.580000000000000071, -0.3400000000000000244 ) ) ;
#197 = ORIENTED_EDGE ( 'NONE', *, *, #2196, .F. ) ;
#198 = EDGE_CURVE ( 'NONE', #1803, #399, #376, .T. ) ;
#199 = CARTESIAN_POINT ( 'NONE',  ( -2.540000000000000036, 9.369999999999999218, -1.899999999999999911 ) ) ;
#200 = CARTESIAN_POINT ( 'NONE',  ( -2.267022324300000058, 10.12000000000000099, -2.899999999999999911 ) ) ;
#201 = EDGE_CURVE ( 'NONE', #1920, #2537, #347, .T. ) ;
#202 = PLANE ( 'NONE',  #611 ) ;
#203 = DIRECTION ( 'NONE',  ( 0.3481553119113956485, -0.8703882797784894265, -0.3481553119113956485 ) ) ;
#204 = VERTEX_POINT ( 'NONE', #1166 ) ;
#205 = CARTESIAN_POINT ( 'NONE',  ( 2.660000000000000142, -5.139999999999999680, 0.09999999999998999967 ) ) ;
#206 = CARTESIAN_POINT ( 'NONE',  ( -0.3200000000000000067, 1.580000000000000071, -0.3400000000000000244 ) ) ;
#207 = CARTESIAN_POINT ( 'NONE',  ( 1.574999999999999956, -1.580000000000000071, -0.7699999999999999067 ) ) ;
#208 = VERTEX_POINT ( 'NONE', #2012 ) ;
#209 = LINE ( 'NONE', #60, #1553 ) ;
#210 = DIRECTION ( 'NONE',  ( 0.000000000000000000, 0.000000000000000000, 1.000000000000000000 ) ) ;
#211 = EDGE_CURVE ( 'NONE', #1148, #1829, #1397, .T. ) ;
#212 = LINE ( 'NONE', #1844, #2317 ) ;
#213 = DIRECTION ( 'NONE',  ( 0.000000000000000000, -1.000000000000000000, 0.000000000000000000 ) ) ;
#214 = EDGE_CURVE ( 'NONE', #1999, #353, #239, .T. ) ;
#215 = DIRECTION ( 'NONE',  ( -1.000000000000000000, 0.000000000000000000, 0.000000000000000000 ) ) ;
#216 = ORIENTED_EDGE ( 'NONE', *, *, #2490, .F. ) ;
#217 = CARTESIAN_POINT ( 'NONE',  ( -2.540000000000000036, 4.400000000000000355, -1.369999999999999885 ) ) ;
#218 = EDGE_CURVE ( 'NONE', #399, #1192, #209, .T. ) ;
#219 = LINE ( 'NONE', #2424, #839 ) ;
#220 = ORIENTED_EDGE ( 'NONE', *, *, #1691, .T. ) ;
#221 = DIRECTION ( 'NONE',  ( 0.000000000000000000, 0.000000000000000000, 1.000000000000000000 ) ) ;
#222 = LINE ( 'NONE', #868, #440 ) ;
#223 = VECTOR ( 'NONE', #559, 1000.000000000000000 ) ;
#224 = VECTOR ( 'NONE', #1817, 1000.000000000000000 ) ;
#225 = EDGE_CURVE ( 'NONE', #2230, #1566, #2074, .T. ) ;
#226 = ORIENTED_EDGE ( 'NONE', *, *, #1773, .F. ) ;
#227 = LINE ( 'NONE', #254, #2030 ) ;
#228 = VECTOR ( 'NONE', #2183, 1000.000000000000000 ) ;
#229 = CARTESIAN_POINT ( 'NONE',  ( -2.540000000000000036, 1.580000000000000071, -1.300000000000000044 ) ) ;
#230 = ORIENTED_EDGE ( 'NONE', *, *, #1031, .F. ) ;
#231 = EDGE_CURVE ( 'NONE', #331, #593, #1, .T. ) ;
#232 = AXIS2_PLACEMENT_3D ( 'NONE', #767, #1586, #2004 ) ;
#233 = VECTOR ( 'NONE', #750, 1000.000000000000000 ) ;
#234 = DIRECTION ( 'NONE',  ( 0.000000000000000000, 0.000000000000000000, 1.000000000000000000 ) ) ;
#235 = CARTESIAN_POINT ( 'NONE',  ( -2.540000000000000036, 3.870000000000000107, -1.899999999999999911 ) ) ;
#236 = ORIENTED_EDGE ( 'NONE', *, *, #1968, .T. ) ;
#237 = ORIENTED_EDGE ( 'NONE', *, *, #1379, .F. ) ;
#238 = MECHANICAL_DESIGN_GEOMETRIC_PRESENTATION_REPRESENTATION (  '', ( #1012 ), #1174 ) ;
#239 = LINE ( 'NONE', #424, #995 ) ;
#240 = DIRECTION ( 'NONE',  ( -0.9396926207858973257, -0.3420201433256991330, 0.000000000000000000 ) ) ;
#241 = ORIENTED_EDGE ( 'NONE', *, *, #1328, .T. ) ;
#242 = DIRECTION ( 'NONE',  ( 0.000000000000000000, -1.000000000000000000, 0.000000000000000000 ) ) ;
#243 = CARTESIAN_POINT ( 'NONE',  ( -2.540000000000000036, 9.369999999999999218, -1.899999999999999911 ) ) ;
#244 = ORIENTED_EDGE ( 'NONE', *, *, #1168, .F. ) ;
#245 = DIRECTION ( 'NONE',  ( 0.000000000000000000, -1.000000000000000000, 0.000000000000000000 ) ) ;
#246 = EDGE_CURVE ( 'NONE', #331, #682, #1449, .T. ) ;
#247 = PLANE ( 'NONE',  #1307 ) ;
#248 = VERTEX_POINT ( 'NONE', #829 ) ;
#249 = ORIENTED_EDGE ( 'NONE', *, *, #888, .F. ) ;
#250 = EDGE_CURVE ( 'NONE', #1601, #670, #1879, .T. ) ;
#251 = DIRECTION ( 'NONE',  ( 1.000000000000000000, 0.000000000000000000, 0.000000000000000000 ) ) ;
#252 = PLANE ( 'NONE',  #319 ) ;
#253 = EDGE_LOOP ( 'NONE', ( #69, #541, #2471, #905 ) ) ;
#254 = CARTESIAN_POINT ( 'NONE',  ( -2.540000000000000036, 2.180000000000000160, -1.899999999999999911 ) ) ;
#255 = EDGE_LOOP ( 'NONE', ( #1172, #1575, #472, #338, #1957, #1835, #2577, #134, #908, #325, #926, #1164, #957, #998, #557, #1214, #826, #539, #657, #2176, #1499, #2509 ) ) ;
#256 = FACE_BOUND ( 'NONE', #2597, .T. ) ;
#257 = LINE ( 'NONE', #431, #1001 ) ;
#258 = ADVANCED_FACE ( 'NONE', ( #1675 ), #2465, .T. ) ;
#259 = CARTESIAN_POINT ( 'NONE',  ( -0.3200000000000000067, 9.080000000000000071, 0.2999999999999999889 ) ) ;
#260 = VERTEX_POINT ( 'NONE', #1262 ) ;
#261 = ORIENTED_EDGE ( 'NONE', *, *, #701, .T. ) ;
#262 = EDGE_CURVE ( 'NONE', #2079, #752, #1652, .T. ) ;
#263 = LINE ( 'NONE', #1474, #400 ) ;
#264 = LINE ( 'NONE', #503, #50 ) ;
#265 = ORIENTED_EDGE ( 'NONE', *, *, #1954, .F. ) ;
#266 = DIRECTION ( 'NONE',  ( 1.000000000000000000, 0.000000000000000000, 0.000000000000000000 ) ) ;
#267 = VERTEX_POINT ( 'NONE', #1239 ) ;
#268 = AXIS2_PLACEMENT_3D ( 'NONE', #652, #1459, #2488 ) ;
#269 = VECTOR ( 'NONE', #2505, 1000.000000000000000 ) ;
#270 = DIRECTION ( 'NONE',  ( 1.000000000000000000, 0.000000000000000000, 0.000000000000000000 ) ) ;
#271 = DIRECTION ( 'NONE',  ( 0.000000000000000000, 1.000000000000000000, 0.000000000000000000 ) ) ;
#272 = VECTOR ( 'NONE', #203, 999.9999999999998863 ) ;
#273 = VECTOR ( 'NONE', #1828, 1000.000000000000000 ) ;
#274 = AXIS2_PLACEMENT_3D ( 'NONE', #1069, #1887, #38 ) ;
#275 = LINE ( 'NONE', #2512, #2460 ) ;
#276 = ORIENTED_EDGE ( 'NONE', *, *, #201, .T. ) ;
#277 = ORIENTED_EDGE ( 'NONE', *, *, #178, .F. ) ;
#278 = EDGE_CURVE ( 'NONE', #1803, #204, #2297, .T. ) ;
#279 = VECTOR ( 'NONE', #1203, 1000.000000000000000 ) ;
#280 = DIRECTION ( 'NONE',  ( 1.000000000000000000, 0.000000000000000000, 0.000000000000000000 ) ) ;
#281 = CARTESIAN_POINT ( 'NONE',  ( -2.419999999999999929, 9.080000000000000071, 0.09999999999998999967 ) ) ;
#282 = DIRECTION ( 'NONE',  ( 0.000000000000000000, 0.000000000000000000, -1.000000000000000000 ) ) ;
#283 = ORIENTED_EDGE ( 'NONE', *, *, #231, .F. ) ;
#284 = CARTESIAN_POINT ( 'NONE',  ( -1.574999999999999956, 1.580000000000000071, 0.7299999999999999822 ) ) ;
#285 = ORIENTED_EDGE ( 'NONE', *, *, #1021, .F. ) ;
#286 = ADVANCED_FACE ( 'NONE', ( #2096 ), #628, .F. ) ;
#287 = FACE_BOUND ( 'NONE', #1369, .T. ) ;
#288 = DIRECTION ( 'NONE',  ( 0.000000000000000000, -1.000000000000000000, 0.000000000000000000 ) ) ;
#289 = DIRECTION ( 'NONE',  ( 0.000000000000000000, -1.000000000000000000, 0.000000000000000000 ) ) ;
#290 = EDGE_LOOP ( 'NONE', ( #2640, #679, #1290, #2358 ) ) ;
#291 = ORIENTED_EDGE ( 'NONE', *, *, #426, .F. ) ;
#292 = FACE_OUTER_BOUND ( 'NONE', #1334, .T. ) ;
#293 = LINE ( 'NONE', #1744, #661 ) ;
#294 = EDGE_CURVE ( 'NONE', #758, #2271, #263, .T. ) ;
#295 = DIRECTION ( 'NONE',  ( 0.000000000000000000, 1.000000000000000000, 0.000000000000000000 ) ) ;
#296 = VERTEX_POINT ( 'NONE', #31 ) ;
#297 = DIRECTION ( 'NONE',  ( 0.000000000000000000, 0.000000000000000000, -1.000000000000000000 ) ) ;
#298 = ADVANCED_FACE ( 'NONE', ( #1907 ), #856, .T. ) ;
#299 = LINE ( 'NONE', #88, #99 ) ;
#300 = DIRECTION ( 'NONE',  ( 0.000000000000000000, 1.000000000000000000, 0.000000000000000000 ) ) ;
#301 = CARTESIAN_POINT ( 'NONE',  ( -2.220000000000000195, -0.9399999999999999467, 0.2999999999999999889 ) ) ;
#302 = ORIENTED_EDGE ( 'NONE', *, *, #1804, .F. ) ;
#303 = ADVANCED_FACE ( 'NONE', ( #867 ), #1249, .T. ) ;
#304 = ORIENTED_EDGE ( 'NONE', *, *, #158, .T. ) ;
#305 = CARTESIAN_POINT ( 'NONE',  ( -2.220000000000000195, 8.580000000000000071, -0.3400000000000000244 ) ) ;
#306 = DIRECTION ( 'NONE',  ( 0.000000000000000000, 0.000000000000000000, 1.000000000000000000 ) ) ;
#307 = DIRECTION ( 'NONE',  ( 0.000000000000000000, 1.000000000000000000, 0.000000000000000000 ) ) ;
#308 = CARTESIAN_POINT ( 'NONE',  ( -1.574999999999999956, -1.580000000000000071, -0.7699999999999999067 ) ) ;
#309 = EDGE_CURVE ( 'NONE', #837, #1973, #1704, .T. ) ;
#310 = DIRECTION ( 'NONE',  ( 1.000000000000000000, 0.000000000000000000, 0.000000000000000000 ) ) ;
#311 = VECTOR ( 'NONE', #2194, 1000.000000000000000 ) ;
#312 = DIRECTION ( 'NONE',  ( 0.000000000000000000, 0.000000000000000000, -1.000000000000000000 ) ) ;
#313 = ORIENTED_EDGE ( 'NONE', *, *, #77, .T. ) ;
#314 = AXIS2_PLACEMENT_3D ( 'NONE', #1242, #1424, #417 ) ;
#315 = CARTESIAN_POINT ( 'NONE',  ( -2.860000000000000320, 1.580000000000000071, -0.3400000000000000244 ) ) ;
#316 = ORIENTED_EDGE ( 'NONE', *, *, #2330, .T. ) ;
#317 = AXIS2_PLACEMENT_3D ( 'NONE', #217, #1429, #2431 ) ;
#318 = EDGE_LOOP ( 'NONE', ( #565, #2623, #833, #335 ) ) ;
#319 = AXIS2_PLACEMENT_3D ( 'NONE', #2247, #20, #2260 ) ;
#320 = VECTOR ( 'NONE', #545, 999.9999999999998863 ) ;
#321 = DIRECTION ( 'NONE',  ( 0.000000000000000000, 1.000000000000000000, 0.000000000000000000 ) ) ;
#322 = CARTESIAN_POINT ( 'NONE',  ( -0.3200000000000000067, 1.580000000000000071, 0.2999999999999999889 ) ) ;
#323 = ORIENTED_EDGE ( 'NONE', *, *, #807, .F. ) ;
#324 = VECTOR ( 'NONE', #825, 1000.000000000000000 ) ;
#325 = ORIENTED_EDGE ( 'NONE', *, *, #721, .T. ) ;
#326 = CARTESIAN_POINT ( 'NONE',  ( -2.220000000000000195, -4.639999999999999680, -0.3400000000000000244 ) ) ;
#327 = DIRECTION ( 'NONE',  ( 0.000000000000000000, 0.000000000000000000, -1.000000000000000000 ) ) ;
#328 = ORIENTED_EDGE ( 'NONE', *, *, #2015, .T. ) ;
#329 = ADVANCED_FACE ( 'NONE', ( #639 ), #2516, .F. ) ;
#330 = ORIENTED_EDGE ( 'NONE', *, *, #2254, .F. ) ;
#331 = VERTEX_POINT ( 'NONE', #2504 ) ;
#332 = CARTESIAN_POINT ( 'NONE',  ( 1.574999999999999956, 1.580000000000000071, 0.7299999999999999822 ) ) ;
#333 = CARTESIAN_POINT ( 'NONE',  ( -2.860000000000000320, 1.580000000000000071, -0.3400000000000000244 ) ) ;
#334 = EDGE_LOOP ( 'NONE', ( #2404, #2007, #1702, #2663 ) ) ;
#335 = ORIENTED_EDGE ( 'NONE', *, *, #95, .F. ) ;
#336 = DIRECTION ( 'NONE',  ( 0.000000000000000000, -1.000000000000000000, 0.000000000000000000 ) ) ;
#337 = DIRECTION ( 'NONE',  ( 0.000000000000000000, 1.000000000000000000, 0.000000000000000000 ) ) ;
#338 = ORIENTED_EDGE ( 'NONE', *, *, #365, .F. ) ;
#339 = LINE ( 'NONE', #770, #1607 ) ;
#340 = EDGE_LOOP ( 'NONE', ( #1111, #553, #2164, #2275 ) ) ;
#341 = VERTEX_POINT ( 'NONE', #1665 ) ;
#342 = EDGE_CURVE ( 'NONE', #1070, #1465, #1484, .T. ) ;
#343 = FACE_OUTER_BOUND ( 'NONE', #1494, .T. ) ;
#344 = FACE_OUTER_BOUND ( 'NONE', #595, .T. ) ;
#345 = ORIENTED_EDGE ( 'NONE', *, *, #760, .T. ) ;
#346 = EDGE_CURVE ( 'NONE', #353, #2507, #1300, .T. ) ;
#347 = LINE ( 'NONE', #575, #651 ) ;
#348 = CARTESIAN_POINT ( 'NONE',  ( 2.220000000000000195, -0.9399999999999999467, 0.2999999999999999889 ) ) ;
#349 = EDGE_CURVE ( 'NONE', #1465, #1896, #1323, .T. ) ;
#350 = CARTESIAN_POINT ( 'NONE',  ( 0.3200000000000000067, -4.639999999999999680, 0.2999999999999999889 ) ) ;
#351 = ORIENTED_EDGE ( 'NONE', *, *, #178, .T. ) ;
#352 =( NAMED_UNIT ( * ) PLANE_ANGLE_UNIT ( ) SI_UNIT ( $, .RADIAN. ) );
#353 = VERTEX_POINT ( 'NONE', #2364 ) ;
#354 = ORIENTED_EDGE ( 'NONE', *, *, #15, .F. ) ;
#355 = VECTOR ( 'NONE', #2445, 999.9999999999998863 ) ;
#356 = DIRECTION ( 'NONE',  ( 1.000000000000000000, 0.000000000000000000, 0.000000000000000000 ) ) ;
#357 = CARTESIAN_POINT ( 'NONE',  ( -2.540000000000000036, 1.580000000000000071, -2.899999999999999911 ) ) ;
#358 = AXIS2_PLACEMENT_3D ( 'NONE', #845, #240, #2449 ) ;
#359 = EDGE_CURVE ( 'NONE', #248, #2106, #2137, .T. ) ;
#360 = ORIENTED_EDGE ( 'NONE', *, *, #1528, .T. ) ;
#361 = VECTOR ( 'NONE', #1737, 1000.000000000000000 ) ;
#362 = AXIS2_PLACEMENT_3D ( 'NONE', #2343, #2356, #508 ) ;
#363 = CARTESIAN_POINT ( 'NONE',  ( -1.699999999999999956, -1.580000000000000071, 2.899999999999999911 ) ) ;
#364 = DIRECTION ( 'NONE',  ( 0.000000000000000000, -1.000000000000000000, 0.000000000000000000 ) ) ;
#365 = EDGE_CURVE ( 'NONE', #846, #1486, #1099, .T. ) ;
#366 = VECTOR ( 'NONE', #1456, 1000.000000000000000 ) ;
#367 = PLANE ( 'NONE',  #827 ) ;
#368 = DIRECTION ( 'NONE',  ( 0.000000000000000000, 1.000000000000000000, 0.000000000000000000 ) ) ;
#369 = ORIENTED_EDGE ( 'NONE', *, *, #934, .F. ) ;
#370 = PRODUCT_DEFINITION_FORMATION_WITH_SPECIFIED_SOURCE ( 'ANY', '', #1211, .NOT_KNOWN. ) ;
#371 = CARTESIAN_POINT ( 'NONE',  ( 0.8400000000000000799, -1.580000000000000071, -2.899999999999999911 ) ) ;
#372 = ORIENTED_EDGE ( 'NONE', *, *, #1272, .T. ) ;
#373 = CARTESIAN_POINT ( 'NONE',  ( -2.220000000000000195, -4.639999999999999680, -0.3400000000000000244 ) ) ;
#374 = PLANE ( 'NONE',  #530 ) ;
#375 = VERTEX_POINT ( 'NONE', #502 ) ;
#376 = LINE ( 'NONE', #1625, #2150 ) ;
#377 = LINE ( 'NONE', #2386, #2539 ) ;
#378 = EDGE_CURVE ( 'NONE', #1829, #1110, #1765, .T. ) ;
#379 = DIRECTION ( 'NONE',  ( 1.000000000000000000, 0.000000000000000000, 0.000000000000000000 ) ) ;
#380 = CARTESIAN_POINT ( 'NONE',  ( -0.3200000000000000067, -4.639999999999999680, 0.2999999999999999889 ) ) ;
#381 = ORIENTED_EDGE ( 'NONE', *, *, #2454, .F. ) ;
#382 = EDGE_CURVE ( 'NONE', #1953, #2271, #2337, .T. ) ;
#383 = CARTESIAN_POINT ( 'NONE',  ( -2.540000000000000036, 9.369999999999999218, -1.899999999999999911 ) ) ;
#384 = ORIENTED_EDGE ( 'NONE', *, *, #1220, .F. ) ;
#385 = DIRECTION ( 'NONE',  ( 0.000000000000000000, 0.000000000000000000, -1.000000000000000000 ) ) ;
#386 = CARTESIAN_POINT ( 'NONE',  ( 2.220000000000000195, 1.580000000000000071, -0.3400000000000000244 ) ) ;
#387 = DIRECTION ( 'NONE',  ( -1.000000000000000000, 0.000000000000000000, 0.000000000000000000 ) ) ;
#388 = VERTEX_POINT ( 'NONE', #1743 ) ;
#389 = CARTESIAN_POINT ( 'NONE',  ( -3.810000000000000053, 1.580000000000000071, -2.899999999999999911 ) ) ;
#390 = CARTESIAN_POINT ( 'NONE',  ( -2.540000000000000036, 0.000000000000000000, 0.000000000000000000 ) ) ;
#391 = LINE ( 'NONE', #2399, #1428 ) ;
#392 = ADVANCED_FACE ( 'NONE', ( #292 ), #1943, .T. ) ;
#393 = CARTESIAN_POINT ( 'NONE',  ( -1.699999999999999956, -0.9399999999999999467, -2.899999999999999911 ) ) ;
#394 = ORIENTED_EDGE ( 'NONE', *, *, #1217, .F. ) ;
#395 = LINE ( 'NONE', #2031, #2155 ) ;
#396 = CARTESIAN_POINT ( 'NONE',  ( -2.319999999999999840, 8.830000000000000071, -0.02000000000000000042 ) ) ;
#397 = LINE ( 'NONE', #1849, #960 ) ;
#398 = DIRECTION ( 'NONE',  ( -0.3713906763540865130, 0.9284766908852661871, 0.000000000000000000 ) ) ;
#399 = VERTEX_POINT ( 'NONE', #931 ) ;
#400 = VECTOR ( 'NONE', #2286, 1000.000000000000000 ) ;
#401 = VECTOR ( 'NONE', #2555, 1000.000000000000000 ) ;
#402 = CARTESIAN_POINT ( 'NONE',  ( 0.3200000000000000067, -0.9399999999999999467, 0.2999999999999999889 ) ) ;
#403 = LINE ( 'NONE', #1010, #1130 ) ;
#404 = VECTOR ( 'NONE', #1003, 1000.000000000000000 ) ;
#405 = CARTESIAN_POINT ( 'NONE',  ( 0.9650000000000000799, -1.580000000000000071, -0.7699999999999999067 ) ) ;
#406 = CARTESIAN_POINT ( 'NONE',  ( -0.1200000000000000094, -5.139999999999999680, -0.1399999999999999856 ) ) ;
#407 = ORIENTED_EDGE ( 'NONE', *, *, #409, .T. ) ;
#408 = CARTESIAN_POINT ( 'NONE',  ( -2.759999999999999787, 8.830000000000000071, -0.02000000000000000042 ) ) ;
#409 = EDGE_CURVE ( 'NONE', #2283, #1226, #100, .T. ) ;
#410 = CARTESIAN_POINT ( 'NONE',  ( -0.3200000000000000067, -4.639999999999999680, -0.3400000000000000244 ) ) ;
#411 = LINE ( 'NONE', #207, #490 ) ;
#412 = UNCERTAINTY_MEASURE_WITH_UNIT (LENGTH_MEASURE( 1.000000000000000082E-05 ), #2057, 'distance_accuracy_value', 'NONE');
#413 = VERTEX_POINT ( 'NONE', #332 ) ;
#414 = EDGE_CURVE ( 'NONE', #1983, #1360, #1958, .T. ) ;
#415 = CARTESIAN_POINT ( 'NONE',  ( -2.267022324300000058, 10.12000000000000099, -2.899999999999999911 ) ) ;
#416 = LINE ( 'NONE', #2478, #1822 ) ;
#417 = DIRECTION ( 'NONE',  ( -1.000000000000000000, 0.000000000000000000, 0.000000000000000000 ) ) ;
#418 = DIRECTION ( 'NONE',  ( 0.3420201433256990775, 0.9396926207858972147, 0.000000000000000000 ) ) ;
#419 = DIRECTION ( 'NONE',  ( -0.3481553119113956485, 0.8703882797784894265, -0.3481553119113956485 ) ) ;
#420 = ORIENTED_EDGE ( 'NONE', *, *, #1254, .T. ) ;
#421 = LINE ( 'NONE', #176, #1692 ) ;
#422 = ORIENTED_EDGE ( 'NONE', *, *, #524, .T. ) ;
#423 = ADVANCED_FACE ( 'NONE', ( #718, #123 ), #2325, .F. ) ;
#424 = CARTESIAN_POINT ( 'NONE',  ( 0.8400000000000000799, -1.580000000000000071, -2.899999999999999911 ) ) ;
#425 = DIRECTION ( 'NONE',  ( 0.000000000000000000, -1.000000000000000000, 0.000000000000000000 ) ) ;
#426 = EDGE_CURVE ( 'NONE', #1582, #413, #692, .T. ) ;
#427 = ORIENTED_EDGE ( 'NONE', *, *, #572, .F. ) ;
#428 = LINE ( 'NONE', #1912, #2500 ) ;
#429 = CARTESIAN_POINT ( 'NONE',  ( -3.810000000000000053, -1.580000000000000071, -2.899999999999999911 ) ) ;
#430 = ORIENTED_EDGE ( 'NONE', *, *, #2591, .T. ) ;
#431 = CARTESIAN_POINT ( 'NONE',  ( -0.3200000000000000067, 1.580000000000000071, 0.2999999999999999889 ) ) ;
#432 = CARTESIAN_POINT ( 'NONE',  ( 2.220000000000000195, -0.9399999999999999467, -0.3400000000000000244 ) ) ;
#433 = ORIENTED_EDGE ( 'NONE', *, *, #1436, .T. ) ;
#434 = DIRECTION ( 'NONE',  ( 0.000000000000000000, 1.000000000000000000, 0.000000000000000000 ) ) ;
#435 = DIRECTION ( 'NONE',  ( 0.000000000000000000, 0.3713906763540865685, -0.9284766908852662981 ) ) ;
#436 = VECTOR ( 'NONE', #906, 1000.000000000000000 ) ;
#437 = ADVANCED_FACE ( 'NONE', ( #1969 ), #1508, .F. ) ;
#438 = ORIENTED_EDGE ( 'NONE', *, *, #359, .F. ) ;
#439 = PLANE ( 'NONE',  #444 ) ;
#440 = VECTOR ( 'NONE', #1047, 999.9999999999998863 ) ;
#441 = CARTESIAN_POINT ( 'NONE',  ( 1.699999999999999956, -0.9399999999999999467, -2.899999999999999911 ) ) ;
#442 = ORIENTED_EDGE ( 'NONE', *, *, #920, .T. ) ;
#443 = VECTOR ( 'NONE', #890, 1000.000000000000000 ) ;
#444 = AXIS2_PLACEMENT_3D ( 'NONE', #2290, #1452, #2300 ) ;
#445 = DIRECTION ( 'NONE',  ( -0.000000000000000000, 1.000000000000000000, 0.000000000000000000 ) ) ;
#446 = PLANE ( 'NONE',  #2587 ) ;
#447 = ORIENTED_EDGE ( 'NONE', *, *, #378, .T. ) ;
#448 = EDGE_LOOP ( 'NONE', ( #2219, #599, #1050, #1267 ) ) ;
#449 = CARTESIAN_POINT ( 'NONE',  ( 3.810000000000000053, -1.580000000000000071, -2.899999999999999911 ) ) ;
#450 = PLANE ( 'NONE',  #1988 ) ;
#451 = VERTEX_POINT ( 'NONE', #2542 ) ;
#452 = DIRECTION ( 'NONE',  ( 0.000000000000000000, 0.000000000000000000, 1.000000000000000000 ) ) ;
#453 = ORIENTED_EDGE ( 'NONE', *, *, #855, .F. ) ;
#454 = EDGE_CURVE ( 'NONE', #1577, #1192, #473, .T. ) ;
#455 = PLANE ( 'NONE',  #832 ) ;
#456 = PLANE ( 'NONE',  #1989 ) ;
#457 = FACE_OUTER_BOUND ( 'NONE', #2295, .T. ) ;
#458 = ORIENTED_EDGE ( 'NONE', *, *, #1295, .F. ) ;
#459 = VERTEX_POINT ( 'NONE', #492 ) ;
#460 = CARTESIAN_POINT ( 'NONE',  ( 0.8400000000000000799, -1.580000000000000071, 2.899999999999999911 ) ) ;
#461 = DIRECTION ( 'NONE',  ( 0.000000000000000000, 0.000000000000000000, -1.000000000000000000 ) ) ;
#462 = VERTEX_POINT ( 'NONE', #1112 ) ;
#463 = PLANE ( 'NONE',  #748 ) ;
#464 = ORIENTED_EDGE ( 'NONE', *, *, #1375, .F. ) ;
#465 = EDGE_LOOP ( 'NONE', ( #666, #1976, #2569, #1281 ) ) ;
#466 = EDGE_CURVE ( 'NONE', #1495, #989, #1933, .T. ) ;
#467 = DIRECTION ( 'NONE',  ( 1.000000000000000000, 0.000000000000000000, 0.000000000000000000 ) ) ;
#468 = DIRECTION ( 'NONE',  ( 1.000000000000000000, 0.000000000000000000, 0.000000000000000000 ) ) ;
#469 = EDGE_CURVE ( 'NONE', #1038, #459, #1754, .T. ) ;
#470 = PLANE ( 'NONE',  #2241 ) ;
#471 = ORIENTED_EDGE ( 'NONE', *, *, #158, .F. ) ;
#472 = ORIENTED_EDGE ( 'NONE', *, *, #841, .T. ) ;
#473 = LINE ( 'NONE', #2566, #952 ) ;
#475 = EDGE_CURVE ( 'NONE', #1321, #459, #2167, .T. ) ;
#474 = CARTESIAN_POINT ( 'NONE',  ( -3.380000000000000338, -0.9399999999999999467, 2.899999999999999911 ) ) ;
#476 = ORIENTED_EDGE ( 'NONE', *, *, #1578, .F. ) ;
#477 = LINE ( 'NONE', #683, #696 ) ;
#478 = AXIS2_PLACEMENT_3D ( 'NONE', #2206, #788, #1193 ) ;
#479 = VECTOR ( 'NONE', #2126, 999.9999999999998863 ) ;
#480 = LINE ( 'NONE', #206, #483 ) ;
#481 = LINE ( 'NONE', #2304, #787 ) ;
#482 = VECTOR ( 'NONE', #271, 1000.000000000000000 ) ;
#483 = VECTOR ( 'NONE', #609, 1000.000000000000000 ) ;
#484 = VECTOR ( 'NONE', #2604, 1000.000000000000000 ) ;
#485 = DIRECTION ( 'NONE',  ( 0.000000000000000000, -1.000000000000000000, 0.000000000000000000 ) ) ;
#486 = EDGE_LOOP ( 'NONE', ( #149, #1935, #2101, #2076 ) ) ;
#487 = ORIENTED_EDGE ( 'NONE', *, *, #607, .F. ) ;
#488 = VECTOR ( 'NONE', #1120, 1000.000000000000000 ) ;
#489 = EDGE_CURVE ( 'NONE', #76, #1237, #1393, .T. ) ;
#490 = VECTOR ( 'NONE', #387, 1000.000000000000000 ) ;
#491 = CARTESIAN_POINT ( 'NONE',  ( 0.000000000000000000, 0.000000000000000000, 0.000000000000000000 ) ) ;
#492 = CARTESIAN_POINT ( 'NONE',  ( 2.220000000000000195, -4.639999999999999680, 0.2999999999999999889 ) ) ;
#493 = LINE ( 'NONE', #1124, #479 ) ;
#494 = ADVANCED_FACE ( 'NONE', ( #343 ), #975, .T. ) ;
#495 = CARTESIAN_POINT ( 'NONE',  ( -1.574999999999999956, 1.580000000000000071, -0.7699999999999999067 ) ) ;
#496 = CARTESIAN_POINT ( 'NONE',  ( -3.810000000000000053, -1.580000000000000071, 2.899999999999999911 ) ) ;
#497 = FACE_OUTER_BOUND ( 'NONE', #5, .T. ) ;
#498 = DIRECTION ( 'NONE',  ( 1.000000000000000000, 0.000000000000000000, 0.000000000000000000 ) ) ;
#499 = CARTESIAN_POINT ( 'NONE',  ( -2.220000000000000195, 8.580000000000000071, 0.2999999999999999889 ) ) ;
#500 = ORIENTED_EDGE ( 'NONE', *, *, #129, .T. ) ;
#501 = ORIENTED_EDGE ( 'NONE', *, *, #971, .T. ) ;
#502 = CARTESIAN_POINT ( 'NONE',  ( -2.660000000000000142, 9.080000000000000071, -0.1399999999999999856 ) ) ;
#503 = CARTESIAN_POINT ( 'NONE',  ( -0.8400000000000000799, -0.9399999999999999467, 2.899999999999999911 ) ) ;
#504 = ADVANCED_FACE ( 'NONE', ( #179 ), #2382, .T. ) ;
#505 = DIRECTION ( 'NONE',  ( 1.000000000000000000, 0.000000000000000000, 0.000000000000000000 ) ) ;
#506 = CARTESIAN_POINT ( 'NONE',  ( 0.1200000000000000094, 9.080000000000000071, -0.1399999999999999856 ) ) ;
#507 = EDGE_CURVE ( 'NONE', #1618, #1226, #2406, .T. ) ;
#508 = DIRECTION ( 'NONE',  ( 0.000000000000000000, 1.000000000000000000, 0.000000000000000000 ) ) ;
#509 = CARTESIAN_POINT ( 'NONE',  ( 2.220000000000000195, 8.580000000000000071, -0.3400000000000000244 ) ) ;
#510 = EDGE_LOOP ( 'NONE', ( #1403, #152, #546, #1966 ) ) ;
#511 = DIRECTION ( 'NONE',  ( 1.000000000000000000, 0.000000000000000000, 0.000000000000000000 ) ) ;
#512 = ORIENTED_EDGE ( 'NONE', *, *, #1254, .F. ) ;
#513 = EDGE_LOOP ( 'NONE', ( #323, #881, #122, #304 ) ) ;
#514 = CARTESIAN_POINT ( 'NONE',  ( 0.9650000000000000799, 1.580000000000000071, 0.7299999999999999822 ) ) ;
#515 = DIRECTION ( 'NONE',  ( 0.000000000000000000, -0.7071067811865474617, -0.7071067811865474617 ) ) ;
#516 = EDGE_LOOP ( 'NONE', ( #1160, #627, #500, #1750 ) ) ;
#517 = CARTESIAN_POINT ( 'NONE',  ( 3.810000000000000053, 1.580000000000000071, 2.899999999999999911 ) ) ;
#518 = CARTESIAN_POINT ( 'NONE',  ( 0.8400000000000000799, -0.9399999999999999467, -2.899999999999999911 ) ) ;
#519 = EDGE_CURVE ( 'NONE', #1591, #2202, #2433, .T. ) ;
#520 = DIRECTION ( 'NONE',  ( 0.000000000000000000, 0.000000000000000000, 1.000000000000000000 ) ) ;
#521 = VECTOR ( 'NONE', #2112, 999.9999999999998863 ) ;
#522 = DIRECTION ( 'NONE',  ( -1.000000000000000000, 0.000000000000000000, 0.000000000000000000 ) ) ;
#523 = ORIENTED_EDGE ( 'NONE', *, *, #11, .F. ) ;
#524 = EDGE_CURVE ( 'NONE', #204, #678, #2034, .T. ) ;
#525 = VECTOR ( 'NONE', #948, 1000.000000000000000 ) ;
#526 = PLANE ( 'NONE',  #965 ) ;
#527 = ORIENTED_EDGE ( 'NONE', *, *, #1325, .T. ) ;
#528 = ORIENTED_EDGE ( 'NONE', *, *, #1114, .F. ) ;
#529 = VECTOR ( 'NONE', #6, 1000.000000000000000 ) ;
#530 = AXIS2_PLACEMENT_3D ( 'NONE', #1981, #138, #1194 ) ;
#531 = CARTESIAN_POINT ( 'NONE',  ( 2.860000000000000320, -4.639999999999999680, 0.2999999999999999889 ) ) ;
#532 = DIRECTION ( 'NONE',  ( 0.9284766908852662981, 0.3713906763540865685, 0.000000000000000000 ) ) ;
#533 = ORIENTED_EDGE ( 'NONE', *, *, #1198, .F. ) ;
#534 = AXIS2_PLACEMENT_3D ( 'NONE', #1680, #215, #1839 ) ;
#535 = LINE ( 'NONE', #1717, #1727 ) ;
#536 = DIRECTION ( 'NONE',  ( 0.000000000000000000, -0.8660254037844288266, 0.5000000000000169864 ) ) ;
#537 = ADVANCED_FACE ( 'NONE', ( #194, #749 ), #2008, .F. ) ;
#538 = LINE ( 'NONE', #2184, #2584 ) ;
#539 = ORIENTED_EDGE ( 'NONE', *, *, #262, .F. ) ;
#540 = CARTESIAN_POINT ( 'NONE',  ( 2.540000000000000036, 2.180000000000000160, -1.899999999999999911 ) ) ;
#541 = ORIENTED_EDGE ( 'NONE', *, *, #855, .T. ) ;
#542 = EDGE_CURVE ( 'NONE', #413, #1454, #153, .T. ) ;
#543 = ORIENTED_EDGE ( 'NONE', *, *, #1183, .T. ) ;
#544 = DIRECTION ( 'NONE',  ( -0.3481553119113956485, -0.8703882797784894265, 0.3481553119113956485 ) ) ;
#545 = DIRECTION ( 'NONE',  ( 0.3481553119113956485, 0.8703882797784894265, 0.3481553119113956485 ) ) ;
#546 = ORIENTED_EDGE ( 'NONE', *, *, #734, .T. ) ;
#547 = VERTEX_POINT ( 'NONE', #1179 ) ;
#548 = DIRECTION ( 'NONE',  ( 0.000000000000000000, 1.000000000000000000, 0.000000000000000000 ) ) ;
#549 = CARTESIAN_POINT ( 'NONE',  ( 0.1200000000000000094, -5.139999999999999680, -0.1399999999999999856 ) ) ;
#550 = ORIENTED_EDGE ( 'NONE', *, *, #466, .F. ) ;
#551 = EDGE_CURVE ( 'NONE', #1971, #713, #166, .T. ) ;
#552 = ORIENTED_EDGE ( 'NONE', *, *, #2352, .T. ) ;
#553 = ORIENTED_EDGE ( 'NONE', *, *, #646, .T. ) ;
#554 = EDGE_CURVE ( 'NONE', #119, #846, #1568, .T. ) ;
#555 = DIRECTION ( 'NONE',  ( 0.000000000000000000, 0.000000000000000000, -1.000000000000000000 ) ) ;
#556 = CARTESIAN_POINT ( 'NONE',  ( 2.220000000000000195, -0.9399999999999999467, 0.2999999999999999889 ) ) ;
#557 = ORIENTED_EDGE ( 'NONE', *, *, #690, .T. ) ;
#558 = ADVANCED_FACE ( 'NONE', ( #1162 ), #2227, .T. ) ;
#559 = DIRECTION ( 'NONE',  ( 0.000000000000000000, 1.000000000000000000, 0.000000000000000000 ) ) ;
#560 = CARTESIAN_POINT ( 'NONE',  ( -2.540000000000000036, 5.400000000000000355, -1.369999999999999885 ) ) ;
#561 = CARTESIAN_POINT ( 'NONE',  ( -1.699999999999999956, -0.9399999999999999467, -2.899999999999999911 ) ) ;
#562 = DIRECTION ( 'NONE',  ( -1.000000000000000000, 0.000000000000000000, 0.000000000000000000 ) ) ;
#563 = ORIENTED_EDGE ( 'NONE', *, *, #676, .T. ) ;
#564 = LINE ( 'NONE', #2044, #660 ) ;
#565 = ORIENTED_EDGE ( 'NONE', *, *, #246, .T. ) ;
#566 = VERTEX_POINT ( 'NONE', #1980 ) ;
#567 = VECTOR ( 'NONE', #2554, 1000.000000000000000 ) ;
#568 = CARTESIAN_POINT ( 'NONE',  ( 1.574999999999999956, 1.580000000000000071, 0.7299999999999999822 ) ) ;
#569 = PLANE ( 'NONE',  #1434 ) ;
#570 = VECTOR ( 'NONE', #2313, 1000.000000000000000 ) ;
#571 = ORIENTED_EDGE ( 'NONE', *, *, #1008, .T. ) ;
#572 = EDGE_CURVE ( 'NONE', #2367, #451, #137, .T. ) ;
#573 = VECTOR ( 'NONE', #969, 1000.000000000000000 ) ;
#574 = VECTOR ( 'NONE', #919, 1000.000000000000000 ) ;
#575 = CARTESIAN_POINT ( 'NONE',  ( -3.810000000000000053, -1.580000000000000071, 2.899999999999999911 ) ) ;
#576 = CARTESIAN_POINT ( 'NONE',  ( -2.220000000000000195, 8.580000000000000071, 0.2999999999999999889 ) ) ;
#577 = EDGE_CURVE ( 'NONE', #1276, #1347, #962, .T. ) ;
#578 = CARTESIAN_POINT ( 'NONE',  ( 0.2200000000000000011, 8.830000000000000071, -0.02000000000000999936 ) ) ;
#579 = CARTESIAN_POINT ( 'NONE',  ( -2.860000000000000320, 0.000000000000000000, 0.000000000000000000 ) ) ;
#580 = EDGE_LOOP ( 'NONE', ( #83, #512, #1932, #1298 ) ) ;
#581 = DIRECTION ( 'NONE',  ( 0.000000000000000000, -1.000000000000000000, 0.000000000000000000 ) ) ;
#582 = EDGE_LOOP ( 'NONE', ( #2124, #2647, #1914, #1806 ) ) ;
#583 = LINE ( 'NONE', #1406, #49 ) ;
#584 = DIRECTION ( 'NONE',  ( -0.000000000000000000, 1.000000000000000000, 0.000000000000000000 ) ) ;
#585 = LINE ( 'NONE', #1247, #366 ) ;
#586 = ORIENTED_EDGE ( 'NONE', *, *, #1361, .T. ) ;
#587 = EDGE_CURVE ( 'NONE', #1148, #752, #2595, .T. ) ;
#588 = LINE ( 'NONE', #389, #2359 ) ;
#589 = CARTESIAN_POINT ( 'NONE',  ( 0.3200000000000000067, -0.9399999999999999467, -0.3400000000000000244 ) ) ;
#590 = EDGE_CURVE ( 'NONE', #1035, #155, #1580, .T. ) ;
#591 = DIRECTION ( 'NONE',  ( 1.000000000000000000, 0.000000000000000000, 0.000000000000000000 ) ) ;
#592 = DIRECTION ( 'NONE',  ( 1.000000000000000000, 0.000000000000000000, 0.000000000000000000 ) ) ;
#593 = VERTEX_POINT ( 'NONE', #1376 ) ;
#594 = DIRECTION ( 'NONE',  ( 0.000000000000000000, -1.000000000000000000, 0.000000000000000000 ) ) ;
#595 = EDGE_LOOP ( 'NONE', ( #1059, #2401, #2526, #2107 ) ) ;
#596 = CARTESIAN_POINT ( 'NONE',  ( 0.8400000000000000799, -0.9399999999999999467, 2.899999999999999911 ) ) ;
#597 = DIRECTION ( 'NONE',  ( 0.000000000000000000, -1.000000000000000000, 0.000000000000000000 ) ) ;
#598 =( NAMED_UNIT ( * ) PLANE_ANGLE_UNIT ( ) SI_UNIT ( $, .RADIAN. ) );
#599 = ORIENTED_EDGE ( 'NONE', *, *, #1415, .F. ) ;
#600 = DIRECTION ( 'NONE',  ( 1.000000000000000000, 0.000000000000000000, 0.000000000000000000 ) ) ;
#601 = FACE_OUTER_BOUND ( 'NONE', #1745, .T. ) ;
#602 = CARTESIAN_POINT ( 'NONE',  ( -2.220000000000000195, 1.580000000000000071, -0.3400000000000000244 ) ) ;
#603 = LINE ( 'NONE', #1426, #2070 ) ;
#604 = ORIENTED_EDGE ( 'NONE', *, *, #1501, .F. ) ;
#605 = EDGE_CURVE ( 'NONE', #2037, #837, #1608, .T. ) ;
#606 = LINE ( 'NONE', #2240, #140 ) ;
#607 = EDGE_CURVE ( 'NONE', #125, #119, #583, .T. ) ;
#608 = PLANE ( 'NONE',  #314 ) ;
#609 = DIRECTION ( 'NONE',  ( 1.000000000000000000, 0.000000000000000000, 0.000000000000000000 ) ) ;
#610 = ORIENTED_EDGE ( 'NONE', *, *, #165, .F. ) ;
#611 = AXIS2_PLACEMENT_3D ( 'NONE', #2657, #980, #1025 ) ;
#612 = VECTOR ( 'NONE', #708, 999.9999999999998863 ) ;
#613 = FACE_OUTER_BOUND ( 'NONE', #82, .T. ) ;
#614 = CARTESIAN_POINT ( 'NONE',  ( 2.419999999999999929, 9.080000000000000071, -0.1399999999999999856 ) ) ;
#615 = VECTOR ( 'NONE', #1200, 1000.000000000000000 ) ;
#616 = VECTOR ( 'NONE', #515, 1000.000000000000114 ) ;
#617 = CARTESIAN_POINT ( 'NONE',  ( -3.810000000000000053, -1.580000000000000071, 2.899999999999999911 ) ) ;
#618 = PLANE ( 'NONE',  #55 ) ;
#619 = AXIS2_PLACEMENT_3D ( 'NONE', #1036, #1856, #1478 ) ;
#620 = APPLICATION_CONTEXT ( 'automotive_design' ) ;
#621 = CARTESIAN_POINT ( 'NONE',  ( 2.220000000000000195, 8.580000000000000071, 0.2999999999999999889 ) ) ;
#622 = VERTEX_POINT ( 'NONE', #2020 ) ;
#623 = EDGE_CURVE ( 'NONE', #1360, #1889, #1837, .T. ) ;
#624 = DIRECTION ( 'NONE',  ( 0.000000000000000000, 1.000000000000000000, 0.000000000000000000 ) ) ;
#625 = CARTESIAN_POINT ( 'NONE',  ( -2.860000000000000320, -0.9399999999999999467, 0.2999999999999999889 ) ) ;
#626 = DIRECTION ( 'NONE',  ( 0.000000000000000000, 0.000000000000000000, -1.000000000000000000 ) ) ;
#627 = ORIENTED_EDGE ( 'NONE', *, *, #1024, .F. ) ;
#628 = CYLINDRICAL_SURFACE ( 'NONE', #1683, 0.5999999999999998668 ) ;
#629 = CARTESIAN_POINT ( 'NONE',  ( -2.860000000000000320, 8.580000000000000071, 0.2999999999999999889 ) ) ;
#630 = ORIENTED_EDGE ( 'NONE', *, *, #968, .T. ) ;
#631 = DIRECTION ( 'NONE',  ( -0.000000000000000000, 0.5000000000000169864, 0.8660254037844288266 ) ) ;
#632 = FACE_OUTER_BOUND ( 'NONE', #843, .T. ) ;
#633 = EDGE_LOOP ( 'NONE', ( #2173, #1074, #381, #1020 ) ) ;
#634 = VERTEX_POINT ( 'NONE', #812 ) ;
#635 = CARTESIAN_POINT ( 'NONE',  ( 2.220000000000000195, -5.139999999999999680, -0.3400000000000000244 ) ) ;
#636 = CARTESIAN_POINT ( 'NONE',  ( 2.220000000000000195, 1.580000000000000071, 0.2999999999999999889 ) ) ;
#637 = ORIENTED_EDGE ( 'NONE', *, *, #2506, .F. ) ;
#638 = ADVANCED_FACE ( 'NONE', ( #2649 ), #608, .T. ) ;
#639 = FACE_OUTER_BOUND ( 'NONE', #1713, .T. ) ;
#640 = DIRECTION ( 'NONE',  ( 0.000000000000000000, 0.000000000000000000, -1.000000000000000000 ) ) ;
#641 = ADVANCED_FACE ( 'NONE', ( #159 ), #367, .T. ) ;
#642 = ORIENTED_EDGE ( 'NONE', *, *, #835, .T. ) ;
#643 = LINE ( 'NONE', #2492, #54 ) ;
#644 = DIRECTION ( 'NONE',  ( -1.000000000000000000, 0.000000000000000000, 0.000000000000000000 ) ) ;
#645 = ORIENTED_EDGE ( 'NONE', *, *, #2209, .F. ) ;
#646 = EDGE_CURVE ( 'NONE', #977, #57, #391, .T. ) ;
#647 = CARTESIAN_POINT ( 'NONE',  ( -0.3200000000000000067, 1.580000000000000071, -0.3400000000000000244 ) ) ;
#648 = LINE ( 'NONE', #235, #2372 ) ;
#649 = ORIENTED_EDGE ( 'NONE', *, *, #1205, .F. ) ;
#650 = EDGE_LOOP ( 'NONE', ( #2029, #533, #798, #2652 ) ) ;
#651 = VECTOR ( 'NONE', #2231, 1000.000000000000000 ) ;
#652 = CARTESIAN_POINT ( 'NONE',  ( -2.540000000000000036, -4.890000000000000568, -0.2400000000000000189 ) ) ;
#653 = CARTESIAN_POINT ( 'NONE',  ( 2.319999999999999840, 8.830000000000000071, -0.02000000000000000042 ) ) ;
#654 = VECTOR ( 'NONE', #1841, 1000.000000000000000 ) ;
#655 = EDGE_CURVE ( 'NONE', #2388, #1971, #1801, .T. ) ;
#656 = AXIS2_PLACEMENT_3D ( 'NONE', #1083, #1852, #1288 ) ;
#657 = ORIENTED_EDGE ( 'NONE', *, *, #1624, .F. ) ;
#658 = CARTESIAN_POINT ( 'NONE',  ( 2.540000000000000036, 6.317986928012000014, -1.899999999999999911 ) ) ;
#659 = ADVANCED_FACE ( 'NONE', ( #779 ), #202, .F. ) ;
#660 = VECTOR ( 'NONE', #1603, 1000.000000000000000 ) ;
#661 = VECTOR ( 'NONE', #2097, 1000.000000000000000 ) ;
#662 = VERTEX_POINT ( 'NONE', #2613 ) ;
#663 = VECTOR ( 'NONE', #597, 1000.000000000000000 ) ;
#664 = PLANE ( 'NONE',  #1176 ) ;
#665 = DIRECTION ( 'NONE',  ( -1.000000000000000000, 0.000000000000000000, 0.000000000000000000 ) ) ;
#666 = ORIENTED_EDGE ( 'NONE', *, *, #1101, .T. ) ;
#667 = ORIENTED_EDGE ( 'NONE', *, *, #294, .F. ) ;
#668 = CARTESIAN_POINT ( 'NONE',  ( 0.1200000000000000094, -5.139999999999999680, 0.09999999999998999967 ) ) ;
#669 = LINE ( 'NONE', #1690, #2366 ) ;
#670 = VERTEX_POINT ( 'NONE', #561 ) ;
#671 = CARTESIAN_POINT ( 'NONE',  ( 3.380000000000000338, -1.580000000000000071, -2.899999999999999911 ) ) ;
#672 = ORIENTED_EDGE ( 'NONE', *, *, #1379, .T. ) ;
#673 = EDGE_CURVE ( 'NONE', #1566, #248, #2451, .T. ) ;
#674 = FACE_OUTER_BOUND ( 'NONE', #2578, .T. ) ;
#675 = DIRECTION ( 'NONE',  ( 1.000000000000000000, 0.000000000000000000, 0.000000000000000000 ) ) ;
#676 = EDGE_CURVE ( 'NONE', #204, #858, #212, .T. ) ;
#677 = PLANE ( 'NONE',  #1651 ) ;
#678 = VERTEX_POINT ( 'NONE', #1598 ) ;
#679 = ORIENTED_EDGE ( 'NONE', *, *, #426, .T. ) ;
#680 = CARTESIAN_POINT ( 'NONE',  ( -1.574999999999999956, 1.580000000000000071, 0.7299999999999999822 ) ) ;
#681 = DIRECTION ( 'NONE',  ( -0.000000000000000000, 1.000000000000000000, 0.000000000000000000 ) ) ;
#682 = VERTEX_POINT ( 'NONE', #1789 ) ;
#683 = CARTESIAN_POINT ( 'NONE',  ( -2.540000000000000036, 1.580000000000000071, -2.899999999999999911 ) ) ;
#684 = VERTEX_POINT ( 'NONE', #188 ) ;
#685 = LINE ( 'NONE', #625, #2200 ) ;
#686 = DIRECTION ( 'NONE',  ( -1.000000000000000000, 0.000000000000000000, 0.000000000000000000 ) ) ;
#687 = ADVANCED_FACE ( 'NONE', ( #2415 ), #172, .T. ) ;
#688 = FACE_OUTER_BOUND ( 'NONE', #2362, .T. ) ;
#689 = EDGE_LOOP ( 'NONE', ( #1824, #1670, #528, #1795 ) ) ;
#690 = EDGE_CURVE ( 'NONE', #1414, #1829, #1400, .T. ) ;
#691 = VERTEX_POINT ( 'NONE', #819 ) ;
#692 = LINE ( 'NONE', #514, #2067 ) ;
#693 = LINE ( 'NONE', #907, #612 ) ;
#694 = PLANE ( 'NONE',  #1382 ) ;
#695 = CARTESIAN_POINT ( 'NONE',  ( 2.267022324300000058, 10.12000000000000099, -2.899999999999999911 ) ) ;
#696 = VECTOR ( 'NONE', #2530, 1000.000000000000000 ) ;
#697 = PLANE ( 'NONE',  #1007 ) ;
#698 = CARTESIAN_POINT ( 'NONE',  ( 2.540000000000000036, 1.580000000000000071, -1.300000000000000044 ) ) ;
#699 = AXIS2_PLACEMENT_3D ( 'NONE', #408, #2018, #1246 ) ;
#700 = VECTOR ( 'NONE', #2077, 1000.000000000000000 ) ;
#701 = EDGE_CURVE ( 'NONE', #1920, #76, #1440, .T. ) ;
#702 = LINE ( 'NONE', #891, #1437 ) ;
#703 = VERTEX_POINT ( 'NONE', #2052 ) ;
#704 = ORIENTED_EDGE ( 'NONE', *, *, #211, .T. ) ;
#705 = VECTOR ( 'NONE', #2576, 1000.000000000000000 ) ;
#706 = EDGE_CURVE ( 'NONE', #1347, #2283, #1187, .T. ) ;
#707 = CARTESIAN_POINT ( 'NONE',  ( -2.267022324300000058, 10.12000000000000099, -1.899999999999999911 ) ) ;
#708 = DIRECTION ( 'NONE',  ( 0.3481553119113956485, -0.8703882797784894265, -0.3481553119113956485 ) ) ;
#709 = VERTEX_POINT ( 'NONE', #2003 ) ;
#710 = LINE ( 'NONE', #695, #184 ) ;
#711 = CARTESIAN_POINT ( 'NONE',  ( -2.220000000000000195, 1.580000000000000071, -0.3400000000000000244 ) ) ;
#712 = LINE ( 'NONE', #1560, #1558 ) ;
#713 = VERTEX_POINT ( 'NONE', #2014 ) ;
#714 = DIRECTION ( 'NONE',  ( 1.000000000000000000, 0.000000000000000000, 0.000000000000000000 ) ) ;
#715 = ORIENTED_EDGE ( 'NONE', *, *, #507, .T. ) ;
#716 = ORIENTED_EDGE ( 'NONE', *, *, #1915, .F. ) ;
#717 = EDGE_CURVE ( 'NONE', #177, #1488, #992, .T. ) ;
#718 = FACE_OUTER_BOUND ( 'NONE', #1858, .T. ) ;
#719 = CARTESIAN_POINT ( 'NONE',  ( 2.540000000000000036, 4.400000000000000355, -1.369999999999999885 ) ) ;
#720 = EDGE_LOOP ( 'NONE', ( #916, #384, #2556, #672 ) ) ;
#721 = EDGE_CURVE ( 'NONE', #2537, #662, #1639, .T. ) ;
#722 = ORIENTED_EDGE ( 'NONE', *, *, #519, .F. ) ;
#723 = CARTESIAN_POINT ( 'NONE',  ( 2.660000000000000142, 9.080000000000000071, 0.09999999999998999967 ) ) ;
#724 = ADVANCED_FACE ( 'NONE', ( #796 ), #2428, .T. ) ;
#725 = DIRECTION ( 'NONE',  ( -0.000000000000000000, 0.3713906763540865685, 0.9284766908852662981 ) ) ;
#726 = DIRECTION ( 'NONE',  ( 1.000000000000000000, 0.000000000000000000, 0.000000000000000000 ) ) ;
#727 = VERTEX_POINT ( 'NONE', #1628 ) ;
#728 = FILL_AREA_STYLE_COLOUR ( '', #1396 ) ;
#729 = EDGE_LOOP ( 'NONE', ( #815, #265, #586, #438 ) ) ;
#730 = EDGE_LOOP ( 'NONE', ( #2180, #1097, #1149, #1270 ) ) ;
#731 = DIRECTION ( 'NONE',  ( 0.000000000000000000, -1.000000000000000000, 0.000000000000000000 ) ) ;
#732 = LINE ( 'NONE', #1922, #911 ) ;
#733 = ORIENTED_EDGE ( 'NONE', *, *, #2342, .F. ) ;
#734 = EDGE_CURVE ( 'NONE', #752, #1893, #2222, .T. ) ;
#735 = FACE_OUTER_BOUND ( 'NONE', #2136, .T. ) ;
#736 = CARTESIAN_POINT ( 'NONE',  ( -2.540000000000000036, 6.317986928012000014, -1.899999999999999911 ) ) ;
#737 = CIRCLE ( 'NONE', #132, 0.5999999999999998668 ) ;
#738 = ADVANCED_FACE ( 'NONE', ( #766 ), #1974, .F. ) ;
#739 = VECTOR ( 'NONE', #2310, 1000.000000000000000 ) ;
#740 = CARTESIAN_POINT ( 'NONE',  ( 2.419999999999999929, 9.080000000000000071, 0.09999999999998999967 ) ) ;
#741 = EDGE_LOOP ( 'NONE', ( #1477, #2351, #2185, #1062 ) ) ;
#742 = AXIS2_PLACEMENT_3D ( 'NONE', #2427, #1787, #778 ) ;
#743 = LINE ( 'NONE', #956, #146 ) ;
#744 = ORIENTED_EDGE ( 'NONE', *, *, #949, .F. ) ;
#745 = VECTOR ( 'NONE', #1819, 1000.000000000000000 ) ;
#746 = VERTEX_POINT ( 'NONE', #1155 ) ;
#747 = ADVANCED_BREP_SHAPE_REPRESENTATION ( '139596', ( #1994, #2464 ), #1353 ) ;
#748 = AXIS2_PLACEMENT_3D ( 'NONE', #1291, #2100, #266 ) ;
#749 = FACE_BOUND ( 'NONE', #334, .T. ) ;
#750 = DIRECTION ( 'NONE',  ( 0.000000000000000000, 0.000000000000000000, -1.000000000000000000 ) ) ;
#751 = ORIENTED_EDGE ( 'NONE', *, *, #1501, .T. ) ;
#752 = VERTEX_POINT ( 'NONE', #1555 ) ;
#753 = LINE ( 'NONE', #560, #1087 ) ;
#754 = EDGE_CURVE ( 'NONE', #684, #875, #477, .T. ) ;
#755 = DIRECTION ( 'NONE',  ( 0.000000000000000000, -1.000000000000000000, 0.000000000000000000 ) ) ;
#756 = ORIENTED_EDGE ( 'NONE', *, *, #1886, .T. ) ;
#757 = SURFACE_STYLE_USAGE ( .BOTH. , #2360 ) ;
#758 = VERTEX_POINT ( 'NONE', #506 ) ;
#759 = ORIENTED_EDGE ( 'NONE', *, *, #2242, .F. ) ;
#760 = EDGE_CURVE ( 'NONE', #57, #929, #75, .T. ) ;
#761 = CARTESIAN_POINT ( 'NONE',  ( 2.540000000000000036, 1.580000000000000071, -2.899999999999999911 ) ) ;
#762 = DIRECTION ( 'NONE',  ( 0.9284766908852662981, -0.3713906763540865685, 0.000000000000000000 ) ) ;
#763 = ORIENTED_EDGE ( 'NONE', *, *, #2352, .F. ) ;
#764 = PLANE ( 'NONE',  #1468 ) ;
#765 = DIRECTION ( 'NONE',  ( 1.000000000000000000, 0.000000000000000000, 0.000000000000000000 ) ) ;
#766 = FACE_OUTER_BOUND ( 'NONE', #1798, .T. ) ;
#767 = CARTESIAN_POINT ( 'NONE',  ( -2.220000000000000195, 0.000000000000000000, 0.000000000000000000 ) ) ;
#768 = ORIENTED_EDGE ( 'NONE', *, *, #1788, .T. ) ;
#769 = ADVANCED_FACE ( 'NONE', ( #2119 ), #1144, .F. ) ;
#770 = CARTESIAN_POINT ( 'NONE',  ( -2.267022324300000058, 10.12000000000000099, -2.899999999999999911 ) ) ;
#771 = ORIENTED_EDGE ( 'NONE', *, *, #2342, .T. ) ;
#772 = VERTEX_POINT ( 'NONE', #887 ) ;
#773 = EDGE_CURVE ( 'NONE', #1896, #1110, #1708, .T. ) ;
#774 = DIRECTION ( 'NONE',  ( 1.000000000000000000, 0.000000000000000000, 0.000000000000000000 ) ) ;
#775 = CARTESIAN_POINT ( 'NONE',  ( -0.9650000000000000799, 1.580000000000000071, -0.7699999999999999067 ) ) ;
#776 = ORIENTED_EDGE ( 'NONE', *, *, #2619, .T. ) ;
#777 = LINE ( 'NONE', #1022, #45 ) ;
#778 = DIRECTION ( 'NONE',  ( 0.000000000000000000, 1.000000000000000000, 0.000000000000000000 ) ) ;
#779 = FACE_OUTER_BOUND ( 'NONE', #2073, .T. ) ;
#780 = LINE ( 'NONE', #393, #1604 ) ;
#781 = ORIENTED_EDGE ( 'NONE', *, *, #359, .T. ) ;
#782 = VECTOR ( 'NONE', #116, 1000.000000000000000 ) ;
#783 = DIRECTION ( 'NONE',  ( 0.000000000000000000, 0.000000000000000000, 1.000000000000000000 ) ) ;
#784 = ORIENTED_EDGE ( 'NONE', *, *, #577, .F. ) ;
#785 = VECTOR ( 'NONE', #2259, 1000.000000000000000 ) ;
#786 = EDGE_CURVE ( 'NONE', #1926, #772, #2559, .T. ) ;
#787 = VECTOR ( 'NONE', #245, 1000.000000000000000 ) ;
#788 = DIRECTION ( 'NONE',  ( 0.9284766908852662981, -0.3713906763540865685, 0.000000000000000000 ) ) ;
#789 = PLANE ( 'NONE',  #1862 ) ;
#790 = VECTOR ( 'NONE', #2546, 1000.000000000000000 ) ;
#791 = LINE ( 'NONE', #636, #2374 ) ;
#792 = ORIENTED_EDGE ( 'NONE', *, *, #1631, .T. ) ;
#793 = AXIS2_PLACEMENT_3D ( 'NONE', #2253, #2056, #2636 ) ;
#794 = DIRECTION ( 'NONE',  ( 0.000000000000000000, 1.000000000000000000, 0.000000000000000000 ) ) ;
#795 = CARTESIAN_POINT ( 'NONE',  ( -1.699999999999999956, -1.580000000000000071, -2.899999999999999911 ) ) ;
#796 = FACE_OUTER_BOUND ( 'NONE', #1888, .T. ) ;
#797 = CARTESIAN_POINT ( 'NONE',  ( 2.319999999999999840, -4.890000000000000568, -0.02000000000000999936 ) ) ;
#798 = ORIENTED_EDGE ( 'NONE', *, *, #1923, .T. ) ;
#799 = DIRECTION ( 'NONE',  ( 0.000000000000000000, 0.000000000000000000, 1.000000000000000000 ) ) ;
#800 = ORIENTED_EDGE ( 'NONE', *, *, #1458, .T. ) ;
#801 = DIRECTION ( 'NONE',  ( 0.000000000000000000, 1.000000000000000000, 0.000000000000000000 ) ) ;
#802 = CARTESIAN_POINT ( 'NONE',  ( -2.860000000000000320, 8.580000000000000071, -0.3400000000000000244 ) ) ;
#803 =( LENGTH_UNIT ( ) NAMED_UNIT ( * ) SI_UNIT ( .MILLI., .METRE. ) );
#804 = ORIENTED_EDGE ( 'NONE', *, *, #2553, .F. ) ;
#805 = CARTESIAN_POINT ( 'NONE',  ( -3.810000000000000053, 1.580000000000000071, -2.899999999999999911 ) ) ;
#806 = LINE ( 'NONE', #1626, #269 ) ;
#807 = EDGE_CURVE ( 'NONE', #155, #1587, #1948, .T. ) ;
#808 = CARTESIAN_POINT ( 'NONE',  ( -2.540000000000000036, 10.12000000000000099, -1.899999999999999911 ) ) ;
#809 = CARTESIAN_POINT ( 'NONE',  ( 0.9650000000000000799, -1.580000000000000071, -0.7699999999999999067 ) ) ;
#810 = VERTEX_POINT ( 'NONE', #909 ) ;
#811 = LINE ( 'NONE', #1805, #279 ) ;
#812 = CARTESIAN_POINT ( 'NONE',  ( 2.540000000000000036, 5.400000000000000355, -1.369999999999999885 ) ) ;
#813 = FACE_BOUND ( 'NONE', #2148, .T. ) ;
#814 = LINE ( 'NONE', #1635, #1520 ) ;
#815 = ORIENTED_EDGE ( 'NONE', *, *, #673, .F. ) ;
#816 = DIRECTION ( 'NONE',  ( -1.000000000000000000, 0.000000000000000000, 0.000000000000000000 ) ) ;
#817 = CARTESIAN_POINT ( 'NONE',  ( -1.699999999999999956, -1.580000000000000071, -2.899999999999999911 ) ) ;
#818 = EDGE_CURVE ( 'NONE', #1414, #1896, #710, .T. ) ;
#819 = CARTESIAN_POINT ( 'NONE',  ( -3.380000000000000338, -1.580000000000000071, -2.899999999999999911 ) ) ;
#820 = LINE ( 'NONE', #1629, #1090 ) ;
#821 = ORIENTED_EDGE ( 'NONE', *, *, #41, .T. ) ;
#822 = EDGE_CURVE ( 'NONE', #874, #746, #923, .T. ) ;
#823 = FACE_OUTER_BOUND ( 'NONE', #729, .T. ) ;
#824 = DIRECTION ( 'NONE',  ( -1.000000000000000000, 0.000000000000000000, 0.000000000000000000 ) ) ;
#825 = DIRECTION ( 'NONE',  ( 0.000000000000000000, 0.000000000000000000, -1.000000000000000000 ) ) ;
#826 = ORIENTED_EDGE ( 'NONE', *, *, #587, .T. ) ;
#827 = AXIS2_PLACEMENT_3D ( 'NONE', #578, #1013, #2600 ) ;
#828 = VECTOR ( 'NONE', #1127, 1000.000000000000000 ) ;
#829 = CARTESIAN_POINT ( 'NONE',  ( -2.220000000000000195, 8.580000000000000071, -0.3400000000000000244 ) ) ;
#830 = LINE ( 'NONE', #1866, #1388 ) ;
#831 = AXIS2_PLACEMENT_3D ( 'NONE', #1055, #1873, #1700 ) ;
#832 = AXIS2_PLACEMENT_3D ( 'NONE', #51, #1418, #889 ) ;
#833 = ORIENTED_EDGE ( 'NONE', *, *, #2476, .T. ) ;
#834 = CARTESIAN_POINT ( 'NONE',  ( 0.9650000000000000799, 1.580000000000000071, 0.7299999999999999822 ) ) ;
#835 = EDGE_CURVE ( 'NONE', #208, #2494, #1514, .T. ) ;
#836 = CARTESIAN_POINT ( 'NONE',  ( 0.1200000000000000094, 9.080000000000000071, 0.09999999999998999967 ) ) ;
#837 = VERTEX_POINT ( 'NONE', #87 ) ;
#838 = VECTOR ( 'NONE', #783, 1000.000000000000000 ) ;
#839 = VECTOR ( 'NONE', #2036, 1000.000000000000000 ) ;
#840 = CARTESIAN_POINT ( 'NONE',  ( 2.220000000000000195, 0.000000000000000000, 0.000000000000000000 ) ) ;
#841 = EDGE_CURVE ( 'NONE', #858, #1486, #1543, .T. ) ;
#842 = FACE_OUTER_BOUND ( 'NONE', #1457, .T. ) ;
#843 = EDGE_LOOP ( 'NONE', ( #1570, #2216, #1287, #2432 ) ) ;
#844 = DIRECTION ( 'NONE',  ( 0.000000000000000000, 0.000000000000000000, 1.000000000000000000 ) ) ;
#845 = CARTESIAN_POINT ( 'NONE',  ( 2.267022324300000058, 10.12000000000000099, -1.899999999999999911 ) ) ;
#846 = VERTEX_POINT ( 'NONE', #1340 ) ;
#847 = FACE_OUTER_BOUND ( 'NONE', #1479, .T. ) ;
#848 = LINE ( 'NONE', #35, #1693 ) ;
#849 = ORIENTED_EDGE ( 'NONE', *, *, #1927, .F. ) ;
#850 = CARTESIAN_POINT ( 'NONE',  ( 3.380000000000000338, -0.9399999999999999467, 2.899999999999999911 ) ) ;
#851 = EDGE_CURVE ( 'NONE', #929, #1364, #1306, .T. ) ;
#852 = DIRECTION ( 'NONE',  ( 0.000000000000000000, 0.000000000000000000, -1.000000000000000000 ) ) ;
#853 = ORIENTED_EDGE ( 'NONE', *, *, #2523, .F. ) ;
#854 = ORIENTED_EDGE ( 'NONE', *, *, #1114, .T. ) ;
#855 = EDGE_CURVE ( 'NONE', #1201, #970, #1103, .T. ) ;
#856 = PLANE ( 'NONE',  #268 ) ;
#857 = DIRECTION ( 'NONE',  ( 0.000000000000000000, 0.000000000000000000, 1.000000000000000000 ) ) ;
#858 = VERTEX_POINT ( 'NONE', #518 ) ;
#859 = CARTESIAN_POINT ( 'NONE',  ( -1.699999999999999956, -0.9399999999999999467, 2.899999999999999911 ) ) ;
#860 = PLANE ( 'NONE',  #1655 ) ;
#861 = ORIENTED_EDGE ( 'NONE', *, *, #968, .F. ) ;
#862 = CARTESIAN_POINT ( 'NONE',  ( -2.220000000000000195, 1.580000000000000071, 0.2999999999999999889 ) ) ;
#863 = CARTESIAN_POINT ( 'NONE',  ( 2.540000000000000036, 9.369999999999999218, -2.899999999999999911 ) ) ;
#864 = ORIENTED_EDGE ( 'NONE', *, *, #655, .T. ) ;
#865 = EDGE_LOOP ( 'NONE', ( #1752, #1884, #2618, #2062 ) ) ;
#866 = EDGE_CURVE ( 'NONE', #1618, #451, #1733, .T. ) ;
#867 = FACE_OUTER_BOUND ( 'NONE', #513, .T. ) ;
#868 = CARTESIAN_POINT ( 'NONE',  ( -2.860000000000000320, -4.639999999999999680, 0.2999999999999999889 ) ) ;
#869 = AXIS2_PLACEMENT_3D ( 'NONE', #2638, #1002, #2620 ) ;
#870 = AXIS2_PLACEMENT_3D ( 'NONE', #2171, #1925, #2341 ) ;
#871 = ORIENTED_EDGE ( 'NONE', *, *, #349, .T. ) ;
#872 = DIRECTION ( 'NONE',  ( 0.000000000000000000, -1.000000000000000000, 0.000000000000000000 ) ) ;
#873 = VECTOR ( 'NONE', #167, 1000.000000000000000 ) ;
#874 = VERTEX_POINT ( 'NONE', #1962 ) ;
#875 = VERTEX_POINT ( 'NONE', #117 ) ;
#876 = AXIS2_PLACEMENT_3D ( 'NONE', #1280, #452, #2089 ) ;
#877 = CARTESIAN_POINT ( 'NONE',  ( 1.574999999999999956, 1.580000000000000071, -0.7699999999999999067 ) ) ;
#878 = DIRECTION ( 'NONE',  ( 1.000000000000000000, 0.000000000000000000, 0.000000000000000000 ) ) ;
#879 = DIRECTION ( 'NONE',  ( -1.000000000000000000, 0.000000000000000000, 0.000000000000000000 ) ) ;
#880 = ORIENTED_EDGE ( 'NONE', *, *, #1804, .T. ) ;
#881 = ORIENTED_EDGE ( 'NONE', *, *, #590, .F. ) ;
#882 = DIRECTION ( 'NONE',  ( 0.000000000000000000, 0.000000000000000000, 1.000000000000000000 ) ) ;
#883 = CARTESIAN_POINT ( 'NONE',  ( 2.540000000000000036, 3.870000000000000107, -1.899999999999999911 ) ) ;
#884 = CARTESIAN_POINT ( 'NONE',  ( 1.699999999999999956, -0.9399999999999999467, 2.899999999999999911 ) ) ;
#885 = ADVANCED_FACE ( 'NONE', ( #936 ), #1759, .T. ) ;
#886 = ORIENTED_EDGE ( 'NONE', *, *, #73, .T. ) ;
#887 = CARTESIAN_POINT ( 'NONE',  ( -1.574999999999999956, -1.580000000000000071, 0.7299999999999999822 ) ) ;
#888 = EDGE_CURVE ( 'NONE', #946, #1351, #2571, .T. ) ;
#889 = DIRECTION ( 'NONE',  ( 0.000000000000000000, 0.000000000000000000, -1.000000000000000000 ) ) ;
#890 = DIRECTION ( 'NONE',  ( 0.000000000000000000, 0.000000000000000000, 1.000000000000000000 ) ) ;
#891 = CARTESIAN_POINT ( 'NONE',  ( -0.9650000000000000799, -1.580000000000000071, -0.7699999999999999067 ) ) ;
#892 = ORIENTED_EDGE ( 'NONE', *, *, #786, .T. ) ;
#893 = VERTEX_POINT ( 'NONE', #1358 ) ;
#894 = DIRECTION ( 'NONE',  ( 0.000000000000000000, -0.3713906763540865685, -0.9284766908852662981 ) ) ;
#895 = LINE ( 'NONE', #2567, #2453 ) ;
#896 = DIRECTION ( 'NONE',  ( 0.000000000000000000, 0.000000000000000000, -1.000000000000000000 ) ) ;
#897 = CARTESIAN_POINT ( 'NONE',  ( -1.574999999999999956, 1.580000000000000071, -0.7699999999999999067 ) ) ;
#898 = ORIENTED_EDGE ( 'NONE', *, *, #165, .T. ) ;
#899 = ADVANCED_FACE ( 'NONE', ( #601 ), #2398, .T. ) ;
#900 = DIRECTION ( 'NONE',  ( -1.000000000000000000, 0.000000000000000000, 0.000000000000000000 ) ) ;
#901 = CARTESIAN_POINT ( 'NONE',  ( -2.660000000000000142, -5.139999999999999680, -0.1399999999999999856 ) ) ;
#902 = EDGE_CURVE ( 'NONE', #1582, #1971, #403, .T. ) ;
#903 = DIRECTION ( 'NONE',  ( 0.000000000000000000, 0.000000000000000000, 1.000000000000000000 ) ) ;
#904 = ORIENTED_EDGE ( 'NONE', *, *, #489, .F. ) ;
#905 = ORIENTED_EDGE ( 'NONE', *, *, #971, .F. ) ;
#906 = DIRECTION ( 'NONE',  ( -1.000000000000000000, 0.000000000000000000, 0.000000000000000000 ) ) ;
#907 = CARTESIAN_POINT ( 'NONE',  ( 0.1200000000000000094, 9.080000000000000071, -0.1399999999999999856 ) ) ;
#908 = ORIENTED_EDGE ( 'NONE', *, *, #73, .F. ) ;
#909 = CARTESIAN_POINT ( 'NONE',  ( 2.220000000000000195, 8.580000000000000071, 0.2999999999999999889 ) ) ;
#910 = VECTOR ( 'NONE', #1335, 1000.000000000000000 ) ;
#911 = VECTOR ( 'NONE', #932, 1000.000000000000000 ) ;
#912 = CARTESIAN_POINT ( 'NONE',  ( 2.540000000000000036, 6.317986928012000014, -1.899999999999999911 ) ) ;
#913 = LINE ( 'NONE', #1157, #361 ) ;
#914 = ADVANCED_FACE ( 'NONE', ( #2412 ), #1832, .T. ) ;
#915 = LINE ( 'NONE', #1534, #705 ) ;
#916 = ORIENTED_EDGE ( 'NONE', *, *, #1624, .T. ) ;
#917 = ORIENTED_EDGE ( 'NONE', *, *, #1165, .T. ) ;
#918 = CARTESIAN_POINT ( 'NONE',  ( -2.660000000000000142, -5.139999999999999680, -0.1399999999999999856 ) ) ;
#920 = EDGE_CURVE ( 'NONE', #1351, #634, #753, .T. ) ;
#919 = DIRECTION ( 'NONE',  ( 0.000000000000000000, 0.000000000000000000, -1.000000000000000000 ) ) ;
#921 = EDGE_LOOP ( 'NONE', ( #947, #2289, #792, #2593 ) ) ;
#922 = LINE ( 'NONE', #1529, #1041 ) ;
#923 = LINE ( 'NONE', #1747, #828 ) ;
#924 = FACE_OUTER_BOUND ( 'NONE', #964, .T. ) ;
#925 = LINE ( 'NONE', #2533, #2540 ) ;
#926 = ORIENTED_EDGE ( 'NONE', *, *, #90, .T. ) ;
#927 = FACE_OUTER_BOUND ( 'NONE', #255, .T. ) ;
#928 = VERTEX_POINT ( 'NONE', #186 ) ;
#929 = VERTEX_POINT ( 'NONE', #1370 ) ;
#930 = ADVANCED_FACE ( 'NONE', ( #2232 ), #128, .T. ) ;
#931 = CARTESIAN_POINT ( 'NONE',  ( 1.699999999999999956, -1.580000000000000071, 2.899999999999999911 ) ) ;
#932 = DIRECTION ( 'NONE',  ( 1.000000000000000000, 0.000000000000000000, 0.000000000000000000 ) ) ;
#933 = ORIENTED_EDGE ( 'NONE', *, *, #1348, .T. ) ;
#934 = EDGE_CURVE ( 'NONE', #2502, #260, #2221, .T. ) ;
#935 = CARTESIAN_POINT ( 'NONE',  ( -2.220000000000000195, -4.639999999999999680, 0.2999999999999999889 ) ) ;
#936 = FACE_OUTER_BOUND ( 'NONE', #720, .T. ) ;
#937 = EDGE_CURVE ( 'NONE', #1881, #1889, #1185, .T. ) ;
#938 = CARTESIAN_POINT ( 'NONE',  ( -2.860000000000000320, -5.139999999999999680, -0.3400000000000000244 ) ) ;
#939 = ORIENTED_EDGE ( 'NONE', *, *, #1295, .T. ) ;
#940 = CARTESIAN_POINT ( 'NONE',  ( 3.810000000000000053, 1.580000000000000071, 2.899999999999999911 ) ) ;
#941 = ORIENTED_EDGE ( 'NONE', *, *, #951, .F. ) ;
#942 = ORIENTED_EDGE ( 'NONE', *, *, #1895, .T. ) ;
#943 = DIRECTION ( 'NONE',  ( -0.3481553119113956485, 0.8703882797784894265, -0.3481553119113956485 ) ) ;
#944 = CARTESIAN_POINT ( 'NONE',  ( -0.9650000000000000799, 1.580000000000000071, 0.7299999999999999822 ) ) ;
#945 = EDGE_CURVE ( 'NONE', #1321, #1201, #1410, .T. ) ;
#946 = VERTEX_POINT ( 'NONE', #1210 ) ;
#947 = ORIENTED_EDGE ( 'NONE', *, *, #382, .T. ) ;
#948 = DIRECTION ( 'NONE',  ( 1.000000000000000000, 0.000000000000000000, 0.000000000000000000 ) ) ;
#949 = EDGE_CURVE ( 'NONE', #1148, #2257, #1398, .T. ) ;
#950 = AXIS2_PLACEMENT_3D ( 'NONE', #2220, #1813, #794 ) ;
#951 = EDGE_CURVE ( 'NONE', #2347, #2367, #991, .T. ) ;
#952 = VECTOR ( 'NONE', #113, 1000.000000000000000 ) ;
#953 = DIRECTION ( 'NONE',  ( 0.000000000000000000, -1.000000000000000000, 0.000000000000000000 ) ) ;
#954 = ORIENTED_EDGE ( 'NONE', *, *, #1183, .F. ) ;
#955 = VECTOR ( 'NONE', #1771, 1000.000000000000000 ) ;
#956 = CARTESIAN_POINT ( 'NONE',  ( -2.540000000000000036, 6.317986928012000014, -1.899999999999999911 ) ) ;
#957 = ORIENTED_EDGE ( 'NONE', *, *, #1677, .T. ) ;
#958 = VECTOR ( 'NONE', #2121, 1000.000000000000000 ) ;
#959 = ORIENTED_EDGE ( 'NONE', *, *, #524, .F. ) ;
#960 = VECTOR ( 'NONE', #1709, 1000.000000000000000 ) ;
#961 = AXIS2_PLACEMENT_3D ( 'NONE', #81, #1096, #1057 ) ;
#962 = LINE ( 'NONE', #1783, #1216 ) ;
#963 = LINE ( 'NONE', #2021, #404 ) ;
#964 = EDGE_LOOP ( 'NONE', ( #277, #1337, #1911, #2017 ) ) ;
#965 = AXIS2_PLACEMENT_3D ( 'NONE', #1589, #1350, #2378 ) ;
#966 = CARTESIAN_POINT ( 'NONE',  ( 1.574999999999999956, -1.580000000000000071, 0.7299999999999999822 ) ) ;
#967 = PLANE ( 'NONE',  #742 ) ;
#968 = EDGE_CURVE ( 'NONE', #2205, #375, #2001, .T. ) ;
#969 = DIRECTION ( 'NONE',  ( -1.000000000000000000, 0.000000000000000000, 0.000000000000000000 ) ) ;
#970 = VERTEX_POINT ( 'NONE', #1572 ) ;
#971 = EDGE_CURVE ( 'NONE', #1321, #1248, #377, .T. ) ;
#972 = CARTESIAN_POINT ( 'NONE',  ( -2.860000000000000320, -4.639999999999999680, 0.2999999999999999889 ) ) ;
#973 = VERTEX_POINT ( 'NONE', #2643 ) ;
#974 = ORIENTED_EDGE ( 'NONE', *, *, #2225, .F. ) ;
#975 = PLANE ( 'NONE',  #478 ) ;
#976 = LINE ( 'NONE', #386, #273 ) ;
#977 = VERTEX_POINT ( 'NONE', #1381 ) ;
#978 = CARTESIAN_POINT ( 'NONE',  ( 0.1200000000000000094, -5.139999999999999680, 0.09999999999998999967 ) ) ;
#979 = FACE_OUTER_BOUND ( 'NONE', #1650, .T. ) ;
#980 = DIRECTION ( 'NONE',  ( 1.000000000000000000, 0.000000000000000000, 0.000000000000000000 ) ) ;
#981 = EDGE_CURVE ( 'NONE', #2191, #846, #1814, .T. ) ;
#982 = DIRECTION ( 'NONE',  ( 1.000000000000000000, 0.000000000000000000, 0.000000000000000000 ) ) ;
#983 = ORIENTED_EDGE ( 'NONE', *, *, #760, .F. ) ;
#984 = ADVANCED_FACE ( 'NONE', ( #2612 ), #967, .F. ) ;
#985 = ORIENTED_EDGE ( 'NONE', *, *, #198, .T. ) ;
#986 = CARTESIAN_POINT ( 'NONE',  ( 0.9650000000000000799, -1.580000000000000071, 0.7299999999999999822 ) ) ;
#987 = PLANE ( 'NONE',  #1775 ) ;
#988 = DIRECTION ( 'NONE',  ( 0.000000000000000000, 0.000000000000000000, -1.000000000000000000 ) ) ;
#989 = VERTEX_POINT ( 'NONE', #589 ) ;
#990 = PLANE ( 'NONE',  #950 ) ;
#991 = LINE ( 'NONE', #1584, #1904 ) ;
#992 = LINE ( 'NONE', #1833, #224 ) ;
#993 = CARTESIAN_POINT ( 'NONE',  ( 0.3200000000000000067, 1.580000000000000071, 0.2999999999999999889 ) ) ;
#994 = ORIENTED_EDGE ( 'NONE', *, *, #1241, .F. ) ;
#995 = VECTOR ( 'NONE', #251, 1000.000000000000000 ) ;
#996 = VECTOR ( 'NONE', #801, 1000.000000000000000 ) ;
#997 = CARTESIAN_POINT ( 'NONE',  ( -3.810000000000000053, 1.580000000000000071, 2.899999999999999911 ) ) ;
#998 = ORIENTED_EDGE ( 'NONE', *, *, #1937, .T. ) ;
#999 = VECTOR ( 'NONE', #731, 1000.000000000000000 ) ;
#1000 = ADVANCED_FACE ( 'NONE', ( #979 ), #2599, .F. ) ;
#1001 = VECTOR ( 'NONE', #675, 1000.000000000000000 ) ;
#1002 = DIRECTION ( 'NONE',  ( -0.000000000000000000, 1.000000000000000000, 0.000000000000000000 ) ) ;
#1003 = DIRECTION ( 'NONE',  ( -1.000000000000000000, 0.000000000000000000, 0.000000000000000000 ) ) ;
#1004 = VECTOR ( 'NONE', #2113, 1000.000000000000000 ) ;
#1005 = PRESENTATION_STYLE_ASSIGNMENT (( #2266 ) ) ;
#1006 = ORIENTED_EDGE ( 'NONE', *, *, #2115, .T. ) ;
#1007 = AXIS2_PLACEMENT_3D ( 'NONE', #2131, #1748, #1329 ) ;
#1008 = EDGE_CURVE ( 'NONE', #2202, #1154, #806, .T. ) ;
#1009 = DIRECTION ( 'NONE',  ( 1.000000000000000000, 0.000000000000000000, 0.000000000000000000 ) ) ;
#1010 = CARTESIAN_POINT ( 'NONE',  ( 0.9650000000000000799, 1.580000000000000071, 0.7299999999999999822 ) ) ;
#1011 = VECTOR ( 'NONE', #8, 1000.000000000000000 ) ;
#1012 = STYLED_ITEM ( 'NONE', ( #1005 ), #747 ) ;
#1013 = DIRECTION ( 'NONE',  ( 0.9284766908852662981, 0.3713906763540865685, 0.000000000000000000 ) ) ;
#1014 = CARTESIAN_POINT ( 'NONE',  ( 2.220000000000000195, 8.580000000000000071, 0.2999999999999999889 ) ) ;
#1015 = ORIENTED_EDGE ( 'NONE', *, *, #902, .T. ) ;
#1016 = CARTESIAN_POINT ( 'NONE',  ( 2.660000000000000142, 9.080000000000000071, -0.1399999999999999856 ) ) ;
#1017 = DIRECTION ( 'NONE',  ( 0.000000000000000000, 0.000000000000000000, -1.000000000000000000 ) ) ;
#1018 = CARTESIAN_POINT ( 'NONE',  ( 2.267022324300000058, 10.12000000000000099, -2.899999999999999911 ) ) ;
#1019 = DIRECTION ( 'NONE',  ( 1.000000000000000000, 0.000000000000000000, 0.000000000000000000 ) ) ;
#1020 = ORIENTED_EDGE ( 'NONE', *, *, #2196, .T. ) ;
#1021 = EDGE_CURVE ( 'NONE', #2191, #670, #2298, .T. ) ;
#1022 = CARTESIAN_POINT ( 'NONE',  ( -0.1200000000000000094, 9.080000000000000071, 0.09999999999998999967 ) ) ;
#1023 = LINE ( 'NONE', #1450, #1344 ) ;
#1024 = EDGE_CURVE ( 'NONE', #2552, #989, #669, .T. ) ;
#1025 = DIRECTION ( 'NONE',  ( 0.000000000000000000, 1.000000000000000000, 0.000000000000000000 ) ) ;
#1026 = FACE_OUTER_BOUND ( 'NONE', #650, .T. ) ;
#1027 = ORIENTED_EDGE ( 'NONE', *, *, #1186, .T. ) ;
#1028 = DIRECTION ( 'NONE',  ( 0.000000000000000000, -1.000000000000000000, 0.000000000000000000 ) ) ;
#1029 = LINE ( 'NONE', #410, #1224 ) ;
#1030 = ORIENTED_EDGE ( 'NONE', *, *, #1588, .T. ) ;
#1031 = EDGE_CURVE ( 'NONE', #682, #1495, #1485, .T. ) ;
#1032 = DIRECTION ( 'NONE',  ( 0.000000000000000000, 0.000000000000000000, -1.000000000000000000 ) ) ;
#1033 = DIRECTION ( 'NONE',  ( -1.000000000000000000, 0.000000000000000000, 0.000000000000000000 ) ) ;
#1034 = ADVANCED_FACE ( 'NONE', ( #1842 ), #2287, .F. ) ;
#1035 = VERTEX_POINT ( 'NONE', #2040 ) ;
#1036 = CARTESIAN_POINT ( 'NONE',  ( 3.380000000000000338, -1.580000000000000071, 2.899999999999999911 ) ) ;
#1037 = LINE ( 'NONE', #2493, #1011 ) ;
#1038 = VERTEX_POINT ( 'NONE', #2269 ) ;
#1039 = ADVANCED_FACE ( 'NONE', ( #1073 ), #450, .T. ) ;
#1040 =( NAMED_UNIT ( * ) SI_UNIT ( $, .STERADIAN. ) SOLID_ANGLE_UNIT ( ) );
#1041 = VECTOR ( 'NONE', #2558, 1000.000000000000000 ) ;
#1042 = CARTESIAN_POINT ( 'NONE',  ( 0.8400000000000000799, -1.580000000000000071, 2.899999999999999911 ) ) ;
#1043 = ORIENTED_EDGE ( 'NONE', *, *, #2473, .T. ) ;
#1044 = VECTOR ( 'NONE', #84, 1000.000000000000000 ) ;
#1045 = AXIS2_PLACEMENT_3D ( 'NONE', #1530, #297, #336 ) ;
#1046 = DIRECTION ( 'NONE',  ( 0.3481553119113956485, 0.8703882797784894265, 0.3481553119113956485 ) ) ;
#1047 = DIRECTION ( 'NONE',  ( 0.3481553119113956485, -0.8703882797784894265, -0.3481553119113956485 ) ) ;
#1048 = VECTOR ( 'NONE', #106, 999.9999999999998863 ) ;
#1049 = AXIS2_PLACEMENT_3D ( 'NONE', #2250, #631, #2480 ) ;
#1050 = ORIENTED_EDGE ( 'NONE', *, *, #2161, .T. ) ;
#1051 = FACE_OUTER_BOUND ( 'NONE', #2447, .T. ) ;
#1052 = LINE ( 'NONE', #836, #1229 ) ;
#1053 = VERTEX_POINT ( 'NONE', #614 ) ;
#1054 = EDGE_CURVE ( 'NONE', #1154, #296, #1023, .T. ) ;
#1055 = CARTESIAN_POINT ( 'NONE',  ( 2.540000000000000036, 0.000000000000000000, 0.000000000000000000 ) ) ;
#1056 = EDGE_CURVE ( 'NONE', #9, #1175, #830, .T. ) ;
#1057 = DIRECTION ( 'NONE',  ( 0.000000000000000000, 0.000000000000000000, -1.000000000000000000 ) ) ;
#1058 = ORIENTED_EDGE ( 'NONE', *, *, #981, .T. ) ;
#1059 = ORIENTED_EDGE ( 'NONE', *, *, #2059, .T. ) ;
#1060 = CARTESIAN_POINT ( 'NONE',  ( -2.220000000000000195, 1.580000000000000071, 0.2999999999999999889 ) ) ;
#1061 = CARTESIAN_POINT ( 'NONE',  ( 2.540000000000000036, 8.830000000000000071, -0.2400000000000000189 ) ) ;
#1062 = ORIENTED_EDGE ( 'NONE', *, *, #937, .F. ) ;
#1063 = FACE_OUTER_BOUND ( 'NONE', #1876, .T. ) ;
#1064 = PLANE ( 'NONE',  #147 ) ;
#1065 = ORIENTED_EDGE ( 'NONE', *, *, #754, .F. ) ;
#1066 = ORIENTED_EDGE ( 'NONE', *, *, #1348, .F. ) ;
#1067 = ADVANCED_FACE ( 'NONE', ( #1666 ), #1853, .T. ) ;
#1068 = CARTESIAN_POINT ( 'NONE',  ( 0.3200000000000000067, 1.580000000000000071, -0.3400000000000000244 ) ) ;
#1069 = CARTESIAN_POINT ( 'NONE',  ( -0.8400000000000000799, -0.9399999999999999467, 2.899999999999999911 ) ) ;
#1070 = VERTEX_POINT ( 'NONE', #200 ) ;
#1071 = EDGE_LOOP ( 'NONE', ( #1507, #1161, #1960, #330 ) ) ;
#1072 = DIRECTION ( 'NONE',  ( 0.000000000000000000, 0.000000000000000000, -1.000000000000000000 ) ) ;
#1073 = FACE_OUTER_BOUND ( 'NONE', #103, .T. ) ;
#1074 = ORIENTED_EDGE ( 'NONE', *, *, #2308, .F. ) ;
#1075 = DIRECTION ( 'NONE',  ( 0.000000000000000000, -0.8660254037844288266, 0.5000000000000169864 ) ) ;
#1076 = ORIENTED_EDGE ( 'NONE', *, *, #2051, .T. ) ;
#1077 = CARTESIAN_POINT ( 'NONE',  ( 2.540000000000000036, -4.890000000000000568, 0.2000000000000000111 ) ) ;
#1078 = LINE ( 'NONE', #2497, #443 ) ;
#1079 = CARTESIAN_POINT ( 'NONE',  ( 0.8400000000000000799, -1.580000000000000071, 2.899999999999999911 ) ) ;
#1080 = EDGE_LOOP ( 'NONE', ( #302, #1785, #1181, #2149 ) ) ;
#1081 = ORIENTED_EDGE ( 'NONE', *, *, #1132, .F. ) ;
#1082 = ADVANCED_FACE ( 'NONE', ( #2655 ), #1439, .T. ) ;
#1083 = CARTESIAN_POINT ( 'NONE',  ( 0.3200000000000000067, 0.000000000000000000, 0.000000000000000000 ) ) ;
#1084 = CARTESIAN_POINT ( 'NONE',  ( -2.860000000000000320, 9.080000000000000071, -0.3400000000000000244 ) ) ;
#1085 = VECTOR ( 'NONE', #555, 1000.000000000000000 ) ;
#1086 = ADVANCED_FACE ( 'NONE', ( #1638 ), #252, .T. ) ;
#1087 = VECTOR ( 'NONE', #2024, 1000.000000000000000 ) ;
#1088 = ORIENTED_EDGE ( 'NONE', *, *, #851, .T. ) ;
#1089 = CARTESIAN_POINT ( 'NONE',  ( -2.540000000000000036, 5.400000000000000355, -1.369999999999999885 ) ) ;
#1090 = VECTOR ( 'NONE', #2441, 1000.000000000000000 ) ;
#1091 = ORIENTED_EDGE ( 'NONE', *, *, #1886, .F. ) ;
#1092 = VECTOR ( 'NONE', #1672, 1000.000000000000000 ) ;
#1093 = LINE ( 'NONE', #1838, #2369 ) ;
#1094 =( GEOMETRIC_REPRESENTATION_CONTEXT ( 3 ) GLOBAL_UNCERTAINTY_ASSIGNED_CONTEXT ( ( #1815 ) ) GLOBAL_UNIT_ASSIGNED_CONTEXT ( ( #2390, #352, #1040 ) ) REPRESENTATION_CONTEXT ( 'NONE', 'WORKASPACE' ) );
#1095 = CARTESIAN_POINT ( 'NONE',  ( -1.699999999999999956, -1.580000000000000071, 2.899999999999999911 ) ) ;
#1096 = DIRECTION ( 'NONE',  ( 0.000000000000000000, -1.000000000000000000, 0.000000000000000000 ) ) ;
#1097 = ORIENTED_EDGE ( 'NONE', *, *, #2439, .T. ) ;
#1098 = ORIENTED_EDGE ( 'NONE', *, *, #2573, .F. ) ;
#1099 = LINE ( 'NONE', #2349, #1644 ) ;
#1100 = CARTESIAN_POINT ( 'NONE',  ( -2.220000000000000195, 8.580000000000000071, -0.3400000000000000244 ) ) ;
#1101 = EDGE_CURVE ( 'NONE', #875, #2011, #416, .T. ) ;
#1102 = DIRECTION ( 'NONE',  ( 0.000000000000000000, 0.000000000000000000, -1.000000000000000000 ) ) ;
#1103 = LINE ( 'NONE', #2354, #7 ) ;
#1104 = EDGE_CURVE ( 'NONE', #1953, #1035, #32, .T. ) ;
#1105 = ORIENTED_EDGE ( 'NONE', *, *, #2405, .F. ) ;
#1106 = DIRECTION ( 'NONE',  ( 1.000000000000000000, 0.000000000000000000, 0.000000000000000000 ) ) ;
#1107 = FACE_OUTER_BOUND ( 'NONE', #2296, .T. ) ;
#1108 = EDGE_CURVE ( 'NONE', #1226, #1979, #43, .T. ) ;
#1109 = DIRECTION ( 'NONE',  ( 0.000000000000000000, 0.000000000000000000, 1.000000000000000000 ) ) ;
#1110 = VERTEX_POINT ( 'NONE', #2050 ) ;
#1111 = ORIENTED_EDGE ( 'NONE', *, *, #1383, .F. ) ;
#1112 = CARTESIAN_POINT ( 'NONE',  ( 2.860000000000000320, 1.580000000000000071, 0.2999999999999999889 ) ) ;
#1113 = CARTESIAN_POINT ( 'NONE',  ( 2.220000000000000195, -0.9399999999999999467, -0.3400000000000000244 ) ) ;
#1114 = EDGE_CURVE ( 'NONE', #1889, #709, #1240, .T. ) ;
#1115 = ORIENTED_EDGE ( 'NONE', *, *, #2145, .T. ) ;
#1116 = CARTESIAN_POINT ( 'NONE',  ( 2.267022324300000058, 10.12000000000000099, -1.899999999999999911 ) ) ;
#1117 = EDGE_CURVE ( 'NONE', #893, #1582, #1475, .T. ) ;
#1118 = CARTESIAN_POINT ( 'NONE',  ( -2.540000000000000036, 8.830000000000000071, 0.2000000000000000111 ) ) ;
#1119 = CARTESIAN_POINT ( 'NONE',  ( -2.860000000000000320, -0.9399999999999999467, 0.2999999999999999889 ) ) ;
#1120 = DIRECTION ( 'NONE',  ( 1.000000000000000000, 0.000000000000000000, 0.000000000000000000 ) ) ;
#1121 = ORIENTED_EDGE ( 'NONE', *, *, #1890, .T. ) ;
#1122 = EDGE_LOOP ( 'NONE', ( #649, #230, #2403, #1642 ) ) ;
#1123 = CARTESIAN_POINT ( 'NONE',  ( 2.540000000000000036, 9.369999999999999218, -2.899999999999999911 ) ) ;
#1124 = CARTESIAN_POINT ( 'NONE',  ( -2.220000000000000195, 8.580000000000000071, 0.2999999999999999889 ) ) ;
#1125 = VECTOR ( 'NONE', #74, 1000.000000000000114 ) ;
#1126 = DIRECTION ( 'NONE',  ( 0.000000000000000000, 0.000000000000000000, 1.000000000000000000 ) ) ;
#1127 = DIRECTION ( 'NONE',  ( 0.000000000000000000, 1.000000000000000000, 0.000000000000000000 ) ) ;
#1128 = VECTOR ( 'NONE', #1313, 1000.000000000000000 ) ;
#1129 = VECTOR ( 'NONE', #1371, 1000.000000000000000 ) ;
#1130 = VECTOR ( 'NONE', #1197, 1000.000000000000000 ) ;
#1131 = CARTESIAN_POINT ( 'NONE',  ( 2.860000000000000320, 8.580000000000000071, 0.2999999999999999889 ) ) ;
#1132 = EDGE_CURVE ( 'NONE', #1979, #2564, #222, .T. ) ;
#1133 = CARTESIAN_POINT ( 'NONE',  ( -3.810000000000000053, -1.580000000000000071, 2.899999999999999911 ) ) ;
#1134 = ORIENTED_EDGE ( 'NONE', *, *, #1927, .T. ) ;
#1135 = VECTOR ( 'NONE', #467, 1000.000000000000000 ) ;
#1136 = CARTESIAN_POINT ( 'NONE',  ( 2.220000000000000195, -4.639999999999999680, -0.3400000000000000244 ) ) ;
#1137 = ORIENTED_EDGE ( 'NONE', *, *, #1890, .F. ) ;
#1138 = EDGE_CURVE ( 'NONE', #566, #928, #732, .T. ) ;
#1139 = ORIENTED_EDGE ( 'NONE', *, *, #951, .T. ) ;
#1140 = DIRECTION ( 'NONE',  ( 0.000000000000000000, 0.000000000000000000, 1.000000000000000000 ) ) ;
#1141 = CARTESIAN_POINT ( 'NONE',  ( 2.220000000000000195, 1.580000000000000071, -0.3400000000000000244 ) ) ;
#1142 = VERTEX_POINT ( 'NONE', #2152 ) ;
#1143 = LINE ( 'NONE', #2128, #2532 ) ;
#1144 = PLANE ( 'NONE',  #870 ) ;
#1145 = FACE_BOUND ( 'NONE', #1483, .T. ) ;
#1146 = VERTEX_POINT ( 'NONE', #322 ) ;
#1147 = LINE ( 'NONE', #2134, #484 ) ;
#1148 = VERTEX_POINT ( 'NONE', #2543 ) ;
#1149 = ORIENTED_EDGE ( 'NONE', *, *, #1132, .T. ) ;
#1150 = EDGE_CURVE ( 'NONE', #634, #1488, #1729, .T. ) ;
#1151 = CARTESIAN_POINT ( 'NONE',  ( 0.3200000000000000067, -4.639999999999999680, -0.3400000000000000244 ) ) ;
#1152 = CARTESIAN_POINT ( 'NONE',  ( -2.540000000000000036, 5.400000000000000355, -1.369999999999999885 ) ) ;
#1153 = ORIENTED_EDGE ( 'NONE', *, *, #2443, .T. ) ;
#1154 = VERTEX_POINT ( 'NONE', #85 ) ;
#1155 = CARTESIAN_POINT ( 'NONE',  ( 3.380000000000000338, -0.9399999999999999467, -2.899999999999999911 ) ) ;
#1156 = EDGE_CURVE ( 'NONE', #2047, #989, #1289, .T. ) ;
#1157 = CARTESIAN_POINT ( 'NONE',  ( -0.9650000000000000799, -1.580000000000000071, 0.7299999999999999822 ) ) ;
#1158 = ORIENTED_EDGE ( 'NONE', *, *, #2490, .T. ) ;
#1159 = DIRECTION ( 'NONE',  ( 0.000000000000000000, -1.000000000000000000, 0.000000000000000000 ) ) ;
#1160 = ORIENTED_EDGE ( 'NONE', *, *, #466, .T. ) ;
#1161 = ORIENTED_EDGE ( 'NONE', *, *, #1401, .T. ) ;
#1162 = FACE_OUTER_BOUND ( 'NONE', #2188, .T. ) ;
#1163 = CARTESIAN_POINT ( 'NONE',  ( -2.419999999999999929, -5.139999999999999680, -0.1399999999999999856 ) ) ;
#1164 = ORIENTED_EDGE ( 'NONE', *, *, #754, .T. ) ;
#1165 = EDGE_CURVE ( 'NONE', #2549, #2257, #293, .T. ) ;
#1166 = CARTESIAN_POINT ( 'NONE',  ( 0.8400000000000000799, -0.9399999999999999467, 2.899999999999999911 ) ) ;
#1167 = DIRECTION ( 'NONE',  ( -0.000000000000000000, 0.3713906763540865685, 0.9284766908852662981 ) ) ;
#1168 = EDGE_CURVE ( 'NONE', #678, #1486, #264, .T. ) ;
#1169 = VECTOR ( 'NONE', #307, 1000.000000000000000 ) ;
#1170 = AXIS2_PLACEMENT_3D ( 'NONE', #1412, #2645, #1212 ) ;
#1171 = DIRECTION ( 'NONE',  ( 0.000000000000000000, -1.000000000000000000, 0.000000000000000000 ) ) ;
#1172 = ORIENTED_EDGE ( 'NONE', *, *, #214, .F. ) ;
#1173 = VECTOR ( 'NONE', #2140, 1000.000000000000227 ) ;
#1174 =( GEOMETRIC_REPRESENTATION_CONTEXT ( 3 ) GLOBAL_UNCERTAINTY_ASSIGNED_CONTEXT ( ( #1811 ) ) GLOBAL_UNIT_ASSIGNED_CONTEXT ( ( #803, #1537, #1322 ) ) REPRESENTATION_CONTEXT ( 'NONE', 'WORKASPACE' ) );
#1175 = VERTEX_POINT ( 'NONE', #1141 ) ;
#1176 = AXIS2_PLACEMENT_3D ( 'NONE', #1095, #1710, #2472 ) ;
#1177 = ORIENTED_EDGE ( 'NONE', *, *, #2242, .T. ) ;
#1178 = VECTOR ( 'NONE', #1518, 1000.000000000000000 ) ;
#1179 = CARTESIAN_POINT ( 'NONE',  ( -2.860000000000000320, 1.580000000000000071, -0.3400000000000000244 ) ) ;
#1180 = DIRECTION ( 'NONE',  ( 1.000000000000000000, 0.000000000000000000, 0.000000000000000000 ) ) ;
#1181 = ORIENTED_EDGE ( 'NONE', *, *, #475, .T. ) ;
#1182 = AXIS2_PLACEMENT_3D ( 'NONE', #181, #168, #398 ) ;
#1183 = EDGE_CURVE ( 'NONE', #1618, #1347, #1301, .T. ) ;
#1184 = DIRECTION ( 'NONE',  ( 0.000000000000000000, 1.000000000000000000, 0.000000000000000000 ) ) ;
#1185 = LINE ( 'NONE', #576, #228 ) ;
#1186 = EDGE_CURVE ( 'NONE', #758, #2545, #693, .T. ) ;
#1187 = LINE ( 'NONE', #1585, #2193 ) ;
#1188 = APPLICATION_CONTEXT ( 'automotive_design' ) ;
#1189 = DIRECTION ( 'NONE',  ( 0.000000000000000000, 0.000000000000000000, -1.000000000000000000 ) ) ;
#1190 = ORIENTED_EDGE ( 'NONE', *, *, #1854, .F. ) ;
#1191 = DIRECTION ( 'NONE',  ( 0.3481553119113956485, -0.8703882797784894265, -0.3481553119113956485 ) ) ;
#1192 = VERTEX_POINT ( 'NONE', #884 ) ;
#1193 = DIRECTION ( 'NONE',  ( 0.000000000000000000, 0.000000000000000000, -1.000000000000000000 ) ) ;
#1194 = DIRECTION ( 'NONE',  ( 0.000000000000000000, 1.000000000000000000, 0.000000000000000000 ) ) ;
#1195 = ORIENTED_EDGE ( 'NONE', *, *, #309, .T. ) ;
#1196 = CARTESIAN_POINT ( 'NONE',  ( 2.540000000000000036, 2.180000000000000160, -1.300000000000000044 ) ) ;
#1197 = DIRECTION ( 'NONE',  ( 0.000000000000000000, -1.000000000000000000, 0.000000000000000000 ) ) ;
#1198 = EDGE_CURVE ( 'NONE', #341, #451, #1509, .T. ) ;
#1199 = DIRECTION ( 'NONE',  ( -1.000000000000000000, 0.000000000000000000, 0.000000000000000000 ) ) ;
#1200 = DIRECTION ( 'NONE',  ( -1.000000000000000000, 0.000000000000000000, 0.000000000000000000 ) ) ;
#1201 = VERTEX_POINT ( 'NONE', #1527 ) ;
#1202 = ADVANCED_FACE ( 'NONE', ( #101 ), #1324, .T. ) ;
#1203 = DIRECTION ( 'NONE',  ( -1.000000000000000000, 0.000000000000000000, 0.000000000000000000 ) ) ;
#1204 = EDGE_LOOP ( 'NONE', ( #2099, #2166, #2245, #1368 ) ) ;
#1205 = EDGE_CURVE ( 'NONE', #1495, #593, #1755, .T. ) ;
#1206 = DIRECTION ( 'NONE',  ( -1.000000000000000000, 0.000000000000000000, 0.000000000000000000 ) ) ;
#1207 = DIRECTION ( 'NONE',  ( 0.000000000000000000, 0.000000000000000000, -1.000000000000000000 ) ) ;
#1208 = ORIENTED_EDGE ( 'NONE', *, *, #841, .F. ) ;
#1209 = LINE ( 'NONE', #978, #1215 ) ;
#1210 = CARTESIAN_POINT ( 'NONE',  ( -2.540000000000000036, 6.317986928012000014, -1.899999999999999911 ) ) ;
#1211 = PRODUCT ( '139596', '139596', '', ( #2515 ) ) ;
#1212 = DIRECTION ( 'NONE',  ( 1.000000000000000000, 0.000000000000000000, 0.000000000000000000 ) ) ;
#1213 = LINE ( 'NONE', #1014, #2238 ) ;
#1214 = ORIENTED_EDGE ( 'NONE', *, *, #211, .F. ) ;
#1215 = VECTOR ( 'NONE', #816, 1000.000000000000000 ) ;
#1216 = VECTOR ( 'NONE', #2608, 1000.000000000000000 ) ;
#1217 = EDGE_CURVE ( 'NONE', #76, #691, #114, .T. ) ;
#1218 = LINE ( 'NONE', #205, #1993 ) ;
#1219 = VECTOR ( 'NONE', #1705, 999.9999999999998863 ) ;
#1220 = EDGE_CURVE ( 'NONE', #928, #2079, #895, .T. ) ;
#1221 = VECTOR ( 'NONE', #37, 1000.000000000000000 ) ;
#1222 = DIRECTION ( 'NONE',  ( 0.9284766908852662981, 0.3713906763540865685, 0.000000000000000000 ) ) ;
#1223 = FACE_OUTER_BOUND ( 'NONE', #1257, .T. ) ;
#1224 = VECTOR ( 'NONE', #2255, 1000.000000000000000 ) ;
#1225 = DIRECTION ( 'NONE',  ( -0.3713906763540865130, 0.9284766908852661871, 0.000000000000000000 ) ) ;
#1226 = VERTEX_POINT ( 'NONE', #1498 ) ;
#1227 = CARTESIAN_POINT ( 'NONE',  ( -0.8400000000000000799, -1.580000000000000071, 2.899999999999999911 ) ) ;
#1228 = DIRECTION ( 'NONE',  ( 1.000000000000000000, 0.000000000000000000, 0.000000000000000000 ) ) ;
#1229 = VECTOR ( 'NONE', #644, 1000.000000000000000 ) ;
#1230 = DIRECTION ( 'NONE',  ( 0.000000000000000000, 0.000000000000000000, 1.000000000000000000 ) ) ;
#1231 = CARTESIAN_POINT ( 'NONE',  ( 2.660000000000000142, -5.139999999999999680, 0.09999999999998999967 ) ) ;
#1232 = ORIENTED_EDGE ( 'NONE', *, *, #1615, .F. ) ;
#1233 = CARTESIAN_POINT ( 'NONE',  ( 2.220000000000000195, -4.639999999999999680, 0.2999999999999999889 ) ) ;
#1234 = EDGE_CURVE ( 'NONE', #2163, #2545, #2311, .T. ) ;
#1235 = LINE ( 'NONE', #1916, #1949 ) ;
#1236 = PLANE ( 'NONE',  #1867 ) ;
#1237 = VERTEX_POINT ( 'NONE', #474 ) ;
#1238 = EDGE_CURVE ( 'NONE', #248, #1881, #2528, .T. ) ;
#1239 = CARTESIAN_POINT ( 'NONE',  ( -0.1200000000000000094, -5.139999999999999680, 0.09999999999998999967 ) ) ;
#1240 = LINE ( 'NONE', #629, #97 ) ;
#1241 = EDGE_CURVE ( 'NONE', #1881, #1983, #493, .T. ) ;
#1242 = CARTESIAN_POINT ( 'NONE',  ( 0.000000000000000000, -4.890000000000000568, 0.2000000000000000111 ) ) ;
#1243 = CARTESIAN_POINT ( 'NONE',  ( -1.699999999999999956, -0.9399999999999999467, 2.899999999999999911 ) ) ;
#1244 = DIRECTION ( 'NONE',  ( 1.000000000000000000, 0.000000000000000000, 0.000000000000000000 ) ) ;
#1245 = ORIENTED_EDGE ( 'NONE', *, *, #2405, .T. ) ;
#1246 = DIRECTION ( 'NONE',  ( 0.000000000000000000, 0.000000000000000000, 1.000000000000000000 ) ) ;
#1247 = CARTESIAN_POINT ( 'NONE',  ( -2.860000000000000320, -4.639999999999999680, -0.3400000000000000244 ) ) ;
#1248 = VERTEX_POINT ( 'NONE', #1113 ) ;
#1249 = PLANE ( 'NONE',  #1599 ) ;
#1250 = DIRECTION ( 'NONE',  ( 0.000000000000000000, 0.000000000000000000, 1.000000000000000000 ) ) ;
#1251 = EDGE_CURVE ( 'NONE', #1577, #746, #1934, .T. ) ;
#1252 = ORIENTED_EDGE ( 'NONE', *, *, #542, .F. ) ;
#1253 = PLANE ( 'NONE',  #619 ) ;
#1254 = EDGE_CURVE ( 'NONE', #1488, #837, #2350, .T. ) ;
#1255 = LINE ( 'NONE', #23, #2117 ) ;
#1256 = ORIENTED_EDGE ( 'NONE', *, *, #1588, .F. ) ;
#1257 = EDGE_LOOP ( 'NONE', ( #2085, #276, #886, #394 ) ) ;
#1258 = DIRECTION ( 'NONE',  ( 0.000000000000000000, -1.000000000000000000, 0.000000000000000000 ) ) ;
#1259 = FACE_OUTER_BOUND ( 'NONE', #1579, .T. ) ;
#1260 = AXIS2_PLACEMENT_3D ( 'NONE', #808, #1616, #591 ) ;
#1261 = AXIS2_PLACEMENT_3D ( 'NONE', #1987, #1597, #2195 ) ;
#1262 = CARTESIAN_POINT ( 'NONE',  ( -0.3200000000000000067, -4.639999999999999680, 0.2999999999999999889 ) ) ;
#1263 = DIRECTION ( 'NONE',  ( -0.9284766908852662981, 0.3713906763540865685, 0.000000000000000000 ) ) ;
#1264 = VECTOR ( 'NONE', #1386, 1000.000000000000000 ) ;
#1265 = VECTOR ( 'NONE', #1766, 1000.000000000000000 ) ;
#1266 = ADVANCED_FACE ( 'NONE', ( #1336 ), #569, .T. ) ;
#1267 = ORIENTED_EDGE ( 'NONE', *, *, #77, .F. ) ;
#1268 = LINE ( 'NONE', #658, #189 ) ;
#1269 = LINE ( 'NONE', #243, #1271 ) ;
#1270 = ORIENTED_EDGE ( 'NONE', *, *, #1284, .F. ) ;
#1271 = VECTOR ( 'NONE', #2078, 1000.000000000000227 ) ;
#1272 = EDGE_CURVE ( 'NONE', #2494, #810, #1797, .T. ) ;
#1273 = PLANE ( 'NONE',  #831 ) ;
#1274 = CARTESIAN_POINT ( 'NONE',  ( -0.3200000000000000067, -5.139999999999999680, 0.2999999999999999889 ) ) ;
#1275 = ORIENTED_EDGE ( 'NONE', *, *, #2080, .F. ) ;
#1276 = VERTEX_POINT ( 'NONE', #2407 ) ;
#1277 = DIRECTION ( 'NONE',  ( 0.000000000000000000, -1.000000000000000000, 0.000000000000000000 ) ) ;
#1278 = CARTESIAN_POINT ( 'NONE',  ( 0.3200000000000000067, -4.639999999999999680, 0.2999999999999999889 ) ) ;
#1279 = ORIENTED_EDGE ( 'NONE', *, *, #1923, .F. ) ;
#1280 = CARTESIAN_POINT ( 'NONE',  ( -2.540000000000000036, 3.870000000000000107, -1.899999999999999911 ) ) ;
#1281 = ORIENTED_EDGE ( 'NONE', *, *, #1677, .F. ) ;
#1282 = LINE ( 'NONE', #2434, #663 ) ;
#1283 = LINE ( 'NONE', #2292, #1906 ) ;
#1284 = EDGE_CURVE ( 'NONE', #1276, #2564, #963, .T. ) ;
#1285 = PLANE ( 'NONE',  #961 ) ;
#1286 = ORIENTED_EDGE ( 'NONE', *, *, #2059, .F. ) ;
#1287 = ORIENTED_EDGE ( 'NONE', *, *, #673, .T. ) ;
#1288 = DIRECTION ( 'NONE',  ( 0.000000000000000000, 1.000000000000000000, 0.000000000000000000 ) ) ;
#1289 = LINE ( 'NONE', #2517, #1004 ) ;
#1290 = ORIENTED_EDGE ( 'NONE', *, *, #1773, .T. ) ;
#1291 = CARTESIAN_POINT ( 'NONE',  ( 0.000000000000000000, 8.830000000000000071, 0.2000000000000000111 ) ) ;
#1292 = ORIENTED_EDGE ( 'NONE', *, *, #378, .F. ) ;
#1293 = CARTESIAN_POINT ( 'NONE',  ( 0.000000000000000000, 8.830000000000000071, -0.2400000000000000189 ) ) ;
#1294 = CARTESIAN_POINT ( 'NONE',  ( -0.9650000000000000799, -1.580000000000000071, -0.7699999999999999067 ) ) ;
#1295 = EDGE_CURVE ( 'NONE', #2106, #375, #1784, .T. ) ;
#1296 = CARTESIAN_POINT ( 'NONE',  ( 0.9650000000000000799, 1.580000000000000071, -0.7699999999999999067 ) ) ;
#1297 = ORIENTED_EDGE ( 'NONE', *, *, #1104, .T. ) ;
#1298 = ORIENTED_EDGE ( 'NONE', *, *, #27, .T. ) ;
#1299 = VECTOR ( 'NONE', #1380, 1000.000000000000000 ) ;
#1300 = LINE ( 'NONE', #1550, #910 ) ;
#1301 = LINE ( 'NONE', #2338, #1772 ) ;
#1302 = VECTOR ( 'NONE', #1032, 1000.000000000000000 ) ;
#1303 = VECTOR ( 'NONE', #640, 1000.000000000000000 ) ;
#1304 = EDGE_LOOP ( 'NONE', ( #2252, #422, #1660, #1208 ) ) ;
#1305 = VERTEX_POINT ( 'NONE', #1394 ) ;
#1306 = LINE ( 'NONE', #284, #2156 ) ;
#1307 = AXIS2_PLACEMENT_3D ( 'NONE', #1930, #1469, #852 ) ;
#1308 = FACE_BOUND ( 'NONE', #2456, .T. ) ;
#1309 = FACE_OUTER_BOUND ( 'NONE', #1732, .T. ) ;
#1310 = LINE ( 'NONE', #28, #1909 ) ;
#1311 = ORIENTED_EDGE ( 'NONE', *, *, #2606, .F. ) ;
#1312 = ORIENTED_EDGE ( 'NONE', *, *, #1284, .T. ) ;
#1313 = DIRECTION ( 'NONE',  ( 0.000000000000000000, 0.000000000000000000, 1.000000000000000000 ) ) ;
#1314 = DIRECTION ( 'NONE',  ( 0.000000000000000000, 0.000000000000000000, -1.000000000000000000 ) ) ;
#1315 = DIRECTION ( 'NONE',  ( 0.3481553119113956485, -0.8703882797784894265, -0.3481553119113956485 ) ) ;
#1316 = DIRECTION ( 'NONE',  ( 0.000000000000000000, -1.000000000000000000, 0.000000000000000000 ) ) ;
#1317 = CARTESIAN_POINT ( 'NONE',  ( 0.3200000000000000067, 8.580000000000000071, -0.3400000000000000244 ) ) ;
#1318 = DIRECTION ( 'NONE',  ( 0.000000000000000000, 0.000000000000000000, -1.000000000000000000 ) ) ;
#1319 = CARTESIAN_POINT ( 'NONE',  ( 2.660000000000000142, 9.080000000000000071, -0.1399999999999999856 ) ) ;
#1320 = ORIENTED_EDGE ( 'NONE', *, *, #1496, .F. ) ;
#1321 = VERTEX_POINT ( 'NONE', #556 ) ;
#1322 =( NAMED_UNIT ( * ) SI_UNIT ( $, .STERADIAN. ) SOLID_ANGLE_UNIT ( ) );
#1323 = LINE ( 'NONE', #707, #739 ) ;
#1324 = PLANE ( 'NONE',  #1946 ) ;
#1325 = EDGE_CURVE ( 'NONE', #1175, #727, #976, .T. ) ;
#1326 = CARTESIAN_POINT ( 'NONE',  ( 0.8400000000000000799, -1.580000000000000071, -2.899999999999999911 ) ) ;
#1327 = DIRECTION ( 'NONE',  ( 0.000000000000000000, 0.000000000000000000, 1.000000000000000000 ) ) ;
#1328 = EDGE_CURVE ( 'NONE', #1454, #1333, #1970, .T. ) ;
#1329 = DIRECTION ( 'NONE',  ( 0.000000000000000000, 1.000000000000000000, 0.000000000000000000 ) ) ;
#1330 = PLANE ( 'NONE',  #2278 ) ;
#1331 = ORIENTED_EDGE ( 'NONE', *, *, #2443, .F. ) ;
#1332 = CARTESIAN_POINT ( 'NONE',  ( 0.3200000000000000067, 8.580000000000000071, 0.2999999999999999889 ) ) ;
#1333 = VERTEX_POINT ( 'NONE', #124 ) ;
#1334 = EDGE_LOOP ( 'NONE', ( #70, #1714, #1443, #1137 ) ) ;
#1335 = DIRECTION ( 'NONE',  ( 0.000000000000000000, 1.000000000000000000, 0.000000000000000000 ) ) ;
#1336 = FACE_OUTER_BOUND ( 'NONE', #1623, .T. ) ;
#1337 = ORIENTED_EDGE ( 'NONE', *, *, #721, .F. ) ;
#1338 = VECTOR ( 'NONE', #1808, 1000.000000000000000 ) ;
#1339 = LINE ( 'NONE', #1961, #2624 ) ;
#1340 = CARTESIAN_POINT ( 'NONE',  ( -0.8400000000000000799, -1.580000000000000071, -2.899999999999999911 ) ) ;
#1341 = VECTOR ( 'NONE', #364, 1000.000000000000000 ) ;
#1342 = ADVANCED_FACE ( 'NONE', ( #2190 ), #2621, .T. ) ;
#1343 = AXIS2_PLACEMENT_3D ( 'NONE', #635, #1917, #288 ) ;
#1344 = VECTOR ( 'NONE', #2, 1000.000000000000000 ) ;
#1345 = LINE ( 'NONE', #1131, #13 ) ;
#1346 = DIRECTION ( 'NONE',  ( -0.000000000000000000, 1.000000000000000000, 0.000000000000000000 ) ) ;
#1347 = VERTEX_POINT ( 'NONE', #1163 ) ;
#1348 = EDGE_CURVE ( 'NONE', #684, #2549, #180, .T. ) ;
#1349 = VECTOR ( 'NONE', #1355, 1000.000000000000000 ) ;
#1350 = DIRECTION ( 'NONE',  ( 0.000000000000000000, 0.000000000000000000, -1.000000000000000000 ) ) ;
#1351 = VERTEX_POINT ( 'NONE', #1152 ) ;
#1352 = ORIENTED_EDGE ( 'NONE', *, *, #1251, .F. ) ;
#1353 =( GEOMETRIC_REPRESENTATION_CONTEXT ( 3 ) GLOBAL_UNCERTAINTY_ASSIGNED_CONTEXT ( ( #412 ) ) GLOBAL_UNIT_ASSIGNED_CONTEXT ( ( #2057, #598, #2046 ) ) REPRESENTATION_CONTEXT ( 'NONE', 'WORKASPACE' ) );
#1354 = DIRECTION ( 'NONE',  ( 1.000000000000000000, 0.000000000000000000, 0.000000000000000000 ) ) ;
#1355 = DIRECTION ( 'NONE',  ( 0.000000000000000000, 0.000000000000000000, 1.000000000000000000 ) ) ;
#1356 = ORIENTED_EDGE ( 'NONE', *, *, #2033, .F. ) ;
#1357 = CARTESIAN_POINT ( 'NONE',  ( -3.810000000000000053, -1.580000000000000071, -2.899999999999999911 ) ) ;
#1358 = CARTESIAN_POINT ( 'NONE',  ( 0.9650000000000000799, 1.580000000000000071, -0.7699999999999999067 ) ) ;
#1359 = PLANE ( 'NONE',  #2498 ) ;
#1360 = VERTEX_POINT ( 'NONE', #1998 ) ;
#1361 = EDGE_CURVE ( 'NONE', #547, #2106, #2168, .T. ) ;
#1362 = CARTESIAN_POINT ( 'NONE',  ( -1.574999999999999956, 1.580000000000000071, -0.7699999999999999067 ) ) ;
#1363 = ORIENTED_EDGE ( 'NONE', *, *, #2653, .T. ) ;
#1364 = VERTEX_POINT ( 'NONE', #944 ) ;
#1365 = ADVANCED_FACE ( 'NONE', ( #2009 ), #789, .T. ) ;
#1366 = CARTESIAN_POINT ( 'NONE',  ( -0.8400000000000000799, -1.580000000000000071, 2.899999999999999911 ) ) ;
#1367 = CARTESIAN_POINT ( 'NONE',  ( 2.220000000000000195, 9.080000000000000071, 0.2999999999999999889 ) ) ;
#1368 = ORIENTED_EDGE ( 'NONE', *, *, #2293, .T. ) ;
#1369 = EDGE_LOOP ( 'NONE', ( #2261, #2065, #2170, #983 ) ) ;
#1370 = CARTESIAN_POINT ( 'NONE',  ( -1.574999999999999956, 1.580000000000000071, 0.7299999999999999822 ) ) ;
#1371 = DIRECTION ( 'NONE',  ( -1.000000000000000000, 0.000000000000000000, 0.000000000000000000 ) ) ;
#1372 = ORIENTED_EDGE ( 'NONE', *, *, #1496, .T. ) ;
#1373 = ORIENTED_EDGE ( 'NONE', *, *, #2308, .T. ) ;
#1374 = ORIENTED_EDGE ( 'NONE', *, *, #15, .T. ) ;
#1375 = EDGE_CURVE ( 'NONE', #399, #353, #2179, .T. ) ;
#1376 = CARTESIAN_POINT ( 'NONE',  ( 0.1200000000000000094, -5.139999999999999680, -0.1399999999999999856 ) ) ;
#1377 = CARTESIAN_POINT ( 'NONE',  ( 1.574999999999999956, 1.580000000000000071, -0.7699999999999999067 ) ) ;
#1378 = ORIENTED_EDGE ( 'NONE', *, *, #2006, .F. ) ;
#1379 = EDGE_CURVE ( 'NONE', #566, #874, #1407, .T. ) ;
#1380 = DIRECTION ( 'NONE',  ( 0.000000000000000000, -1.000000000000000000, 0.000000000000000000 ) ) ;
#1381 = CARTESIAN_POINT ( 'NONE',  ( -0.9650000000000000799, 1.580000000000000071, -0.7699999999999999067 ) ) ;
#1382 = AXIS2_PLACEMENT_3D ( 'NONE', #2328, #505, #295 ) ;
#1383 = EDGE_CURVE ( 'NONE', #977, #2214, #2207, .T. ) ;
#1384 = DIRECTION ( 'NONE',  ( 0.000000000000000000, 1.000000000000000000, 0.000000000000000000 ) ) ;
#1385 = VECTOR ( 'NONE', #2125, 1000.000000000000000 ) ;
#1386 = DIRECTION ( 'NONE',  ( 0.000000000000000000, 1.000000000000000000, 0.000000000000000000 ) ) ;
#1387 = ORIENTED_EDGE ( 'NONE', *, *, #2439, .F. ) ;
#1388 = VECTOR ( 'NONE', #1460, 1000.000000000000000 ) ;
#1389 = PLANE ( 'NONE',  #699 ) ;
#1390 = AXIS2_PLACEMENT_3D ( 'NONE', #797, #2223, #2602 ) ;
#1391 = ORIENTED_EDGE ( 'NONE', *, *, #365, .T. ) ;
#1392 = AXIS2_PLACEMENT_3D ( 'NONE', #1367, #2596, #1180 ) ;
#1393 = LINE ( 'NONE', #1593, #996 ) ;
#1394 = CARTESIAN_POINT ( 'NONE',  ( 2.220000000000000195, 8.580000000000000071, -0.3400000000000000244 ) ) ;
#1395 = EDGE_LOOP ( 'NONE', ( #471, #853, #667, #2385 ) ) ;
#1396 = COLOUR_RGB ( '',0.7921568627450980005, 0.8196078431372548767, 0.9333333333333333481 ) ;
#1397 = LINE ( 'NONE', #2210, #2146 ) ;
#1398 = LINE ( 'NONE', #2438, #955 ) ;
#1399 = ADVANCED_FACE ( 'NONE', ( #344 ), #374, .T. ) ;
#1400 = LINE ( 'NONE', #2199, #1511 ) ;
#1401 = EDGE_CURVE ( 'NONE', #1364, #977, #2395, .T. ) ;
#1402 = PLANE ( 'NONE',  #1774 ) ;
#1403 = ORIENTED_EDGE ( 'NONE', *, *, #1220, .T. ) ;
#1404 = CARTESIAN_POINT ( 'NONE',  ( -2.540000000000000036, 3.870000000000000107, -1.899999999999999911 ) ) ;
#1405 = ORIENTED_EDGE ( 'NONE', *, *, #655, .F. ) ;
#1406 = CARTESIAN_POINT ( 'NONE',  ( -1.699999999999999956, -1.580000000000000071, 2.899999999999999911 ) ) ;
#1407 = LINE ( 'NONE', #2581, #233 ) ;
#1408 = ORIENTED_EDGE ( 'NONE', *, *, #346, .T. ) ;
#1409 = DIRECTION ( 'NONE',  ( 1.000000000000000000, 0.000000000000000000, 0.000000000000000000 ) ) ;
#1410 = LINE ( 'NONE', #348, #525 ) ;
#1411 = ADVANCED_FACE ( 'NONE', ( #1609 ), #987, .T. ) ;
#1412 = CARTESIAN_POINT ( 'NONE',  ( -3.810000000000000053, 1.580000000000000071, 2.899999999999999911 ) ) ;
#1413 = FACE_OUTER_BOUND ( 'NONE', #582, .T. ) ;
#1414 = VERTEX_POINT ( 'NONE', #1018 ) ;
#1415 = EDGE_CURVE ( 'NONE', #2633, #2163, #480, .T. ) ;
#1416 = LINE ( 'NONE', #1016, #838 ) ;
#1417 = DIRECTION ( 'NONE',  ( 0.000000000000000000, 0.000000000000000000, -1.000000000000000000 ) ) ;
#1418 = DIRECTION ( 'NONE',  ( 0.000000000000000000, -1.000000000000000000, 0.000000000000000000 ) ) ;
#1419 = CARTESIAN_POINT ( 'NONE',  ( 2.220000000000000195, -5.139999999999999680, -0.3400000000000000244 ) ) ;
#1420 = ORIENTED_EDGE ( 'NONE', *, *, #1788, .F. ) ;
#1421 = CARTESIAN_POINT ( 'NONE',  ( -3.380000000000000338, -1.580000000000000071, 2.899999999999999911 ) ) ;
#1422 = DIRECTION ( 'NONE',  ( 0.000000000000000000, 0.000000000000000000, 1.000000000000000000 ) ) ;
#1423 = PRODUCT_DEFINITION_SHAPE ( 'NONE', 'NONE',  #1826 ) ;
#1424 = DIRECTION ( 'NONE',  ( 0.000000000000000000, -0.3713906763540865685, 0.9284766908852662981 ) ) ;
#1425 = ADVANCED_FACE ( 'NONE', ( #1699 ), #2462, .T. ) ;
#1426 = CARTESIAN_POINT ( 'NONE',  ( -3.810000000000000053, 1.580000000000000071, 2.899999999999999911 ) ) ;
#1427 = ORIENTED_EDGE ( 'NONE', *, *, #818, .F. ) ;
#1428 = VECTOR ( 'NONE', #2041, 1000.000000000000000 ) ;
#1429 = DIRECTION ( 'NONE',  ( 0.000000000000000000, -0.7071067811865475727, 0.7071067811865475727 ) ) ;
#1430 = EDGE_CURVE ( 'NONE', #758, #1587, #1093, .T. ) ;
#1431 = VECTOR ( 'NONE', #1250, 1000.000000000000000 ) ;
#1432 = VECTOR ( 'NONE', #2042, 1000.000000000000000 ) ;
#1433 = LINE ( 'NONE', #2243, #1688 ) ;
#1434 = AXIS2_PLACEMENT_3D ( 'NONE', #1569, #532, #1207 ) ;
#1435 = ORIENTED_EDGE ( 'NONE', *, *, #250, .T. ) ;
#1436 = EDGE_CURVE ( 'NONE', #2088, #2047, #1029, .T. ) ;
#1437 = VECTOR ( 'NONE', #879, 1000.000000000000000 ) ;
#1438 = DIRECTION ( 'NONE',  ( 0.000000000000000000, 0.000000000000000000, -1.000000000000000000 ) ) ;
#1439 = PLANE ( 'NONE',  #2069 ) ;
#1440 = LINE ( 'NONE', #617, #1859 ) ;
#1441 = DIRECTION ( 'NONE',  ( 1.000000000000000000, 0.000000000000000000, 0.000000000000000000 ) ) ;
#1442 = FACE_OUTER_BOUND ( 'NONE', #689, .T. ) ;
#1443 = ORIENTED_EDGE ( 'NONE', *, *, #2454, .T. ) ;
#1444 = CARTESIAN_POINT ( 'NONE',  ( -2.419999999999999929, 9.080000000000000071, -0.1399999999999999856 ) ) ;
#1445 = EDGE_CURVE ( 'NONE', #1889, #2106, #397, .T. ) ;
#1446 = DIRECTION ( 'NONE',  ( 0.000000000000000000, 0.3713906763540865685, -0.9284766908852662981 ) ) ;
#1447 = EDGE_LOOP ( 'NONE', ( #2084, #351, #1153, #2384, #1549, #191, #2187, #1066 ) ) ;
#1448 = ADVANCED_FACE ( 'NONE', ( #1223 ), #455, .T. ) ;
#1449 = LINE ( 'NONE', #668, #4 ) ;
#1450 = CARTESIAN_POINT ( 'NONE',  ( 2.419999999999999929, -5.139999999999999680, -0.1399999999999999856 ) ) ;
#1451 = ORIENTED_EDGE ( 'NONE', *, *, #1711, .T. ) ;
#1452 = DIRECTION ( 'NONE',  ( 0.000000000000000000, 0.000000000000000000, 1.000000000000000000 ) ) ;
#1453 = DIRECTION ( 'NONE',  ( 0.000000000000000000, 1.000000000000000000, 0.000000000000000000 ) ) ;
#1454 = VERTEX_POINT ( 'NONE', #877 ) ;
#1455 = CARTESIAN_POINT ( 'NONE',  ( -2.419999999999999929, 9.080000000000000071, -0.1399999999999999856 ) ) ;
#1456 = DIRECTION ( 'NONE',  ( 0.000000000000000000, 1.000000000000000000, 0.000000000000000000 ) ) ;
#1457 = EDGE_LOOP ( 'NONE', ( #1081, #2380, #2123, #1030 ) ) ;
#1458 = EDGE_CURVE ( 'NONE', #1154, #1142, #1235, .T. ) ;
#1459 = DIRECTION ( 'NONE',  ( 0.000000000000000000, -0.3713906763540865685, -0.9284766908852662981 ) ) ;
#1460 = DIRECTION ( 'NONE',  ( 0.000000000000000000, 0.000000000000000000, -1.000000000000000000 ) ) ;
#1461 = ORIENTED_EDGE ( 'NONE', *, *, #62, .F. ) ;
#1462 = CARTESIAN_POINT ( 'NONE',  ( -2.220000000000000195, -4.639999999999999680, -0.3400000000000000244 ) ) ;
#1463 = DIRECTION ( 'NONE',  ( 0.000000000000000000, 1.000000000000000000, 0.000000000000000000 ) ) ;
#1464 = ORIENTED_EDGE ( 'NONE', *, *, #1138, .T. ) ;
#1465 = VERTEX_POINT ( 'NONE', #195 ) ;
#1466 = CARTESIAN_POINT ( 'NONE',  ( -0.3200000000000000067, 1.580000000000000071, 0.2999999999999999889 ) ) ;
#1467 = EDGE_CURVE ( 'NONE', #2347, #341, #685, .T. ) ;
#1468 = AXIS2_PLACEMENT_3D ( 'NONE', #1786, #1009, #1184 ) ;
#1469 = DIRECTION ( 'NONE',  ( 0.9284766908852662981, -0.3713906763540865685, 0.000000000000000000 ) ) ;
#1470 = ORIENTED_EDGE ( 'NONE', *, *, #773, .F. ) ;
#1471 = AXIS2_PLACEMENT_3D ( 'NONE', #396, #1222, #2178 ) ;
#1472 = AXIS2_PLACEMENT_3D ( 'NONE', #579, #982, #2632 ) ;
#1473 = AXIS2_PLACEMENT_3D ( 'NONE', #390, #1800, #548 ) ;
#1474 = CARTESIAN_POINT ( 'NONE',  ( 0.1200000000000000094, 9.080000000000000071, -0.1399999999999999856 ) ) ;
#1475 = LINE ( 'NONE', #1892, #1431 ) ;
#1476 = EDGE_CURVE ( 'NONE', #2011, #946, #1282, .T. ) ;
#1477 = ORIENTED_EDGE ( 'NONE', *, *, #1241, .T. ) ;
#1478 = DIRECTION ( 'NONE',  ( 0.000000000000000000, 1.000000000000000000, 0.000000000000000000 ) ) ;
#1479 = EDGE_LOOP ( 'NONE', ( #2637, #33, #2491, #237 ) ) ;
#1480 = DIRECTION ( 'NONE',  ( 0.000000000000000000, 0.000000000000000000, 1.000000000000000000 ) ) ;
#1481 = DIRECTION ( 'NONE',  ( 0.000000000000000000, -1.000000000000000000, 0.000000000000000000 ) ) ;
#1482 = ORIENTED_EDGE ( 'NONE', *, *, #551, .T. ) ;
#1483 = EDGE_LOOP ( 'NONE', ( #1372, #2408, #2482, #892 ) ) ;
#1484 = LINE ( 'NONE', #415, #1128 ) ;
#1485 = LINE ( 'NONE', #1278, #1303 ) ;
#1486 = VERTEX_POINT ( 'NONE', #2045 ) ;
#1487 = LINE ( 'NONE', #1089, #2071 ) ;
#1488 = VERTEX_POINT ( 'NONE', #1502 ) ;
#1489 = ADVANCED_FACE ( 'NONE', ( #674 ), #2228, .F. ) ;
#1490 = PLANE ( 'NONE',  #2458 ) ;
#1491 = CARTESIAN_POINT ( 'NONE',  ( 2.660000000000000142, -5.139999999999999680, -0.1399999999999999856 ) ) ;
#1492 = ADVANCED_FACE ( 'NONE', ( #1928, #2091, #256, #1308, #287, #813 ), #1490, .T. ) ;
#1493 = DIRECTION ( 'NONE',  ( 0.000000000000000000, 0.000000000000000000, -1.000000000000000000 ) ) ;
#1494 = EDGE_LOOP ( 'NONE', ( #722, #1746, #1378, #1043 ) ) ;
#1495 = VERTEX_POINT ( 'NONE', #2303 ) ;
#1496 = EDGE_CURVE ( 'NONE', #772, #2224, #2661, .T. ) ;
#1497 = DIRECTION ( 'NONE',  ( 1.000000000000000000, 0.000000000000000000, 0.000000000000000000 ) ) ;
#1498 = CARTESIAN_POINT ( 'NONE',  ( -2.860000000000000320, -4.639999999999999680, -0.3400000000000000244 ) ) ;
#1499 = ORIENTED_EDGE ( 'NONE', *, *, #2038, .T. ) ;
#1500 = CARTESIAN_POINT ( 'NONE',  ( 0.8400000000000000799, -0.9399999999999999467, -2.899999999999999911 ) ) ;
#1501 = EDGE_CURVE ( 'NONE', #1591, #1142, #1433, .T. ) ;
#1502 = CARTESIAN_POINT ( 'NONE',  ( 2.540000000000000036, 4.400000000000000355, -1.369999999999999885 ) ) ;
#1503 = FACE_OUTER_BOUND ( 'NONE', #1080, .T. ) ;
#1504 = ADVANCED_FACE ( 'NONE', ( #1647 ), #1897, .T. ) ;
#1505 = PLANE ( 'NONE',  #1562 ) ;
#1506 = ORIENTED_EDGE ( 'NONE', *, *, #786, .F. ) ;
#1507 = ORIENTED_EDGE ( 'NONE', *, *, #1711, .F. ) ;
#1508 = PLANE ( 'NONE',  #2233 ) ;
#1510 = ADVANCED_FACE ( 'NONE', ( #1951 ), #1938, .F. ) ;
#1509 = LINE ( 'NONE', #1539, #1687 ) ;
#1511 = VECTOR ( 'NONE', #2212, 1000.000000000000227 ) ;
#1512 = AXIS2_PLACEMENT_3D ( 'NONE', #157, #1167, #1228 ) ;
#1513 = EDGE_LOOP ( 'NONE', ( #1482, #898, #1681, #864 ) ) ;
#1514 = LINE ( 'NONE', #723, #2235 ) ;
#1515 = AXIS2_PLACEMENT_3D ( 'NONE', #52, #686, #1480 ) ;
#1516 = AXIS2_PLACEMENT_3D ( 'NONE', #1118, #725, #310 ) ;
#1517 = ORIENTED_EDGE ( 'NONE', *, *, #1982, .F. ) ;
#1518 = DIRECTION ( 'NONE',  ( 0.000000000000000000, 0.000000000000000000, -1.000000000000000000 ) ) ;
#1519 = PLANE ( 'NONE',  #2110 ) ;
#1520 = VECTOR ( 'NONE', #626, 1000.000000000000000 ) ;
#1521 = DIRECTION ( 'NONE',  ( 0.000000000000000000, -1.000000000000000000, 0.000000000000000000 ) ) ;
#1522 = ORIENTED_EDGE ( 'NONE', *, *, #2038, .F. ) ;
#1523 = EDGE_LOOP ( 'NONE', ( #1408, #1541, #1735, #1868 ) ) ;
#1524 = ADVANCED_FACE ( 'NONE', ( #924 ), #697, .F. ) ;
#1525 = SHAPE_DEFINITION_REPRESENTATION ( #1423, #747 ) ;
#1526 = CARTESIAN_POINT ( 'NONE',  ( 2.220000000000000195, -0.9399999999999999467, 0.2999999999999999889 ) ) ;
#1527 = CARTESIAN_POINT ( 'NONE',  ( 2.860000000000000320, -0.9399999999999999467, 0.2999999999999999889 ) ) ;
#1528 = EDGE_CURVE ( 'NONE', #709, #547, #1531, .T. ) ;
#1529 = CARTESIAN_POINT ( 'NONE',  ( -0.3200000000000000067, -0.9399999999999999467, 0.2999999999999999889 ) ) ;
#1530 = CARTESIAN_POINT ( 'NONE',  ( 1.574999999999999956, 1.580000000000000071, -0.7699999999999999067 ) ) ;
#1531 = LINE ( 'NONE', #2142, #1178 ) ;
#1532 = FACE_OUTER_BOUND ( 'NONE', #2565, .T. ) ;
#1533 = EDGE_LOOP ( 'NONE', ( #543, #2090, #407, #1781 ) ) ;
#1534 = CARTESIAN_POINT ( 'NONE',  ( -2.860000000000000320, 1.580000000000000071, 0.2999999999999999889 ) ) ;
#1535 = EDGE_LOOP ( 'NONE', ( #1391, #244, #645, #2095 ) ) ;
#1536 = VERTEX_POINT ( 'NONE', #912 ) ;
#1537 =( NAMED_UNIT ( * ) PLANE_ANGLE_UNIT ( ) SI_UNIT ( $, .RADIAN. ) );
#1538 = DIRECTION ( 'NONE',  ( -0.000000000000000000, 1.000000000000000000, 0.000000000000000000 ) ) ;
#1539 = CARTESIAN_POINT ( 'NONE',  ( -2.220000000000000195, -0.9399999999999999467, 0.2999999999999999889 ) ) ;
#1540 = ADVANCED_FACE ( 'NONE', ( #2331 ), #2547, .T. ) ;
#1541 = ORIENTED_EDGE ( 'NONE', *, *, #2644, .F. ) ;
#1542 = ORIENTED_EDGE ( 'NONE', *, *, #807, .T. ) ;
#1543 = LINE ( 'NONE', #1500, #570 ) ;
#1544 = DIRECTION ( 'NONE',  ( -0.3481553119113956485, 0.8703882797784894265, -0.3481553119113956485 ) ) ;
#1545 = FACE_BOUND ( 'NONE', #1513, .T. ) ;
#1546 = ORIENTED_EDGE ( 'NONE', *, *, #1905, .T. ) ;
#1547 = CARTESIAN_POINT ( 'NONE',  ( 2.267022324300000058, 10.12000000000000099, -1.899999999999999911 ) ) ;
#1548 = ORIENTED_EDGE ( 'NONE', *, *, #349, .F. ) ;
#1549 = ORIENTED_EDGE ( 'NONE', *, *, #587, .F. ) ;
#1550 = CARTESIAN_POINT ( 'NONE',  ( 1.699999999999999956, -1.580000000000000071, -2.899999999999999911 ) ) ;
#1551 = CARTESIAN_POINT ( 'NONE',  ( 2.540000000000000036, 5.400000000000000355, -1.369999999999999885 ) ) ;
#1552 = ORIENTED_EDGE ( 'NONE', *, *, #1578, .T. ) ;
#1553 = VECTOR ( 'NONE', #434, 1000.000000000000000 ) ;
#1554 = PLANE ( 'NONE',  #2315 ) ;
#1555 = CARTESIAN_POINT ( 'NONE',  ( 3.810000000000000053, 1.580000000000000071, -2.899999999999999911 ) ) ;
#1556 = VECTOR ( 'NONE', #1716, 1000.000000000000000 ) ;
#1557 = EDGE_CURVE ( 'NONE', #2486, #208, #1345, .T. ) ;
#1558 = VECTOR ( 'NONE', #2332, 1000.000000000000000 ) ;
#1559 = AXIS2_PLACEMENT_3D ( 'NONE', #2650, #1634, #2314 ) ;
#1560 = CARTESIAN_POINT ( 'NONE',  ( -0.3200000000000000067, -4.639999999999999680, -0.3400000000000000244 ) ) ;
#1561 = ORIENTED_EDGE ( 'NONE', *, *, #218, .T. ) ;
#1562 = AXIS2_PLACEMENT_3D ( 'NONE', #2536, #2282, #56 ) ;
#1563 = ADVANCED_FACE ( 'NONE', ( #497 ), #1736, .T. ) ;
#1564 = LINE ( 'NONE', #1136, #1950 ) ;
#1565 = ORIENTED_EDGE ( 'NONE', *, *, #198, .F. ) ;
#1566 = VERTEX_POINT ( 'NONE', #711 ) ;
#1567 = COLOUR_RGB ( '',0.7921568627450980005, 0.8196078431372548767, 0.9333333333333333481 ) ;
#1568 = LINE ( 'NONE', #1366, #1985 ) ;
#1569 = CARTESIAN_POINT ( 'NONE',  ( 2.759999999999999787, 8.830000000000000071, -0.02000000000000000042 ) ) ;
#1570 = ORIENTED_EDGE ( 'NONE', *, *, #1854, .T. ) ;
#1571 = ORIENTED_EDGE ( 'NONE', *, *, #1156, .T. ) ;
#1572 = CARTESIAN_POINT ( 'NONE',  ( 2.860000000000000320, -0.9399999999999999467, -0.3400000000000000244 ) ) ;
#1573 = EDGE_CURVE ( 'NONE', #2545, #1953, #2531, .T. ) ;
#1574 = LINE ( 'NONE', #509, #2414 ) ;
#1575 = ORIENTED_EDGE ( 'NONE', *, *, #62, .T. ) ;
#1576 = PRESENTATION_STYLE_ASSIGNMENT (( #757 ) ) ;
#1577 = VERTEX_POINT ( 'NONE', #1720 ) ;
#1578 = EDGE_CURVE ( 'NONE', #1110, #1536, #299, .T. ) ;
#1579 = EDGE_LOOP ( 'NONE', ( #197, #1877, #283, #36 ) ) ;
#1580 = LINE ( 'NONE', #2394, #1085 ) ;
#1581 = CARTESIAN_POINT ( 'NONE',  ( 1.699999999999999956, -1.580000000000000071, 2.899999999999999911 ) ) ;
#1582 = VERTEX_POINT ( 'NONE', #834 ) ;
#1583 = FACE_OUTER_BOUND ( 'NONE', #465, .T. ) ;
#1584 = CARTESIAN_POINT ( 'NONE',  ( -2.860000000000000320, -0.9399999999999999467, 0.2999999999999999889 ) ) ;
#1585 = CARTESIAN_POINT ( 'NONE',  ( -2.419999999999999929, -5.139999999999999680, -0.1399999999999999856 ) ) ;
#1586 = DIRECTION ( 'NONE',  ( 1.000000000000000000, 0.000000000000000000, 0.000000000000000000 ) ) ;
#1587 = VERTEX_POINT ( 'NONE', #34 ) ;
#1588 = EDGE_CURVE ( 'NONE', #2283, #2564, #1657, .T. ) ;
#1589 = CARTESIAN_POINT ( 'NONE',  ( -3.810000000000000053, -1.580000000000000071, -2.899999999999999911 ) ) ;
#1590 = ORIENTED_EDGE ( 'NONE', *, *, #706, .F. ) ;
#1591 = VERTEX_POINT ( 'NONE', #2262 ) ;
#1592 = EDGE_CURVE ( 'NONE', #1601, #1237, #2508, .T. ) ;
#1593 = CARTESIAN_POINT ( 'NONE',  ( -3.380000000000000338, -1.580000000000000071, 2.899999999999999911 ) ) ;
#1594 = DIRECTION ( 'NONE',  ( 0.000000000000000000, -1.000000000000000000, 0.000000000000000000 ) ) ;
#1595 = ORIENTED_EDGE ( 'NONE', *, *, #835, .F. ) ;
#1596 = CARTESIAN_POINT ( 'NONE',  ( 3.380000000000000338, -1.580000000000000071, 2.899999999999999911 ) ) ;
#1597 = DIRECTION ( 'NONE',  ( 0.000000000000000000, -0.3713906763540865685, 0.9284766908852662981 ) ) ;
#1598 = CARTESIAN_POINT ( 'NONE',  ( -0.8400000000000000799, -0.9399999999999999467, 2.899999999999999911 ) ) ;
#1599 = AXIS2_PLACEMENT_3D ( 'NONE', #19, #2268, #221 ) ;
#1600 = FACE_OUTER_BOUND ( 'NONE', #1812, .T. ) ;
#1601 = VERTEX_POINT ( 'NONE', #1243 ) ;
#1602 = VECTOR ( 'NONE', #2365, 1000.000000000000000 ) ;
#1603 = DIRECTION ( 'NONE',  ( 0.000000000000000000, 0.000000000000000000, -1.000000000000000000 ) ) ;
#1604 = VECTOR ( 'NONE', #562, 1000.000000000000000 ) ;
#1605 = ORIENTED_EDGE ( 'NONE', *, *, #818, .T. ) ;
#1606 = VECTOR ( 'NONE', #1679, 1000.000000000000000 ) ;
#1607 = VECTOR ( 'NONE', #511, 1000.000000000000000 ) ;
#1608 = LINE ( 'NONE', #2189, #1945 ) ;
#1609 = FACE_OUTER_BOUND ( 'NONE', #1395, .T. ) ;
#1610 = LINE ( 'NONE', #1042, #324 ) ;
#1611 = ORIENTED_EDGE ( 'NONE', *, *, #577, .T. ) ;
#1612 = ADVANCED_FACE ( 'NONE', ( #2063 ), #1869, .T. ) ;
#1613 = DIRECTION ( 'NONE',  ( 0.9396926207858973257, -0.3420201433256991330, 0.000000000000000000 ) ) ;
#1614 = DIRECTION ( 'NONE',  ( 1.000000000000000000, 0.000000000000000000, 0.000000000000000000 ) ) ;
#1615 = EDGE_CURVE ( 'NONE', #622, #1973, #227, .T. ) ;
#1616 = DIRECTION ( 'NONE',  ( 0.000000000000000000, 0.000000000000000000, 1.000000000000000000 ) ) ;
#1617 = LINE ( 'NONE', #2400, #1264 ) ;
#1618 = VERTEX_POINT ( 'NONE', #1462 ) ;
#1619 = FACE_OUTER_BOUND ( 'NONE', #580, .T. ) ;
#1620 = ORIENTED_EDGE ( 'NONE', *, *, #126, .T. ) ;
#1621 = DIRECTION ( 'NONE',  ( 0.000000000000000000, -1.000000000000000000, 0.000000000000000000 ) ) ;
#1622 = DIRECTION ( 'NONE',  ( 0.000000000000000000, 0.000000000000000000, -1.000000000000000000 ) ) ;
#1623 = EDGE_LOOP ( 'NONE', ( #1741, #2177, #1698, #1076 ) ) ;
#1624 = EDGE_CURVE ( 'NONE', #874, #2079, #2272, .T. ) ;
#1625 = CARTESIAN_POINT ( 'NONE',  ( 0.8400000000000000799, -1.580000000000000071, 2.899999999999999911 ) ) ;
#1626 = CARTESIAN_POINT ( 'NONE',  ( 2.660000000000000142, -5.139999999999999680, -0.1399999999999999856 ) ) ;
#1627 = ADVANCED_FACE ( 'NONE', ( #1063 ), #439, .T. ) ;
#1628 = CARTESIAN_POINT ( 'NONE',  ( 2.860000000000000320, 1.580000000000000071, -0.3400000000000000244 ) ) ;
#1629 = CARTESIAN_POINT ( 'NONE',  ( 2.860000000000000320, 8.580000000000000071, -0.3400000000000000244 ) ) ;
#1630 = ORIENTED_EDGE ( 'NONE', *, *, #1186, .F. ) ;
#1631 = EDGE_CURVE ( 'NONE', #973, #1035, #1882, .T. ) ;
#1632 = DIRECTION ( 'NONE',  ( 0.3481553119113956485, -0.8703882797784894265, -0.3481553119113956485 ) ) ;
#1633 = CARTESIAN_POINT ( 'NONE',  ( -2.660000000000000142, 9.080000000000000071, 0.09999999999998999967 ) ) ;
#1634 = DIRECTION ( 'NONE',  ( 1.000000000000000000, 0.000000000000000000, 0.000000000000000000 ) ) ;
#1635 = CARTESIAN_POINT ( 'NONE',  ( 1.699999999999999956, -0.9399999999999999467, 2.899999999999999911 ) ) ;
#1636 = ORIENTED_EDGE ( 'NONE', *, *, #129, .F. ) ;
#1637 = LINE ( 'NONE', #143, #1984 ) ;
#1638 = FACE_OUTER_BOUND ( 'NONE', #2267, .T. ) ;
#1639 = LINE ( 'NONE', #2249, #1730 ) ;
#1640 = FACE_OUTER_BOUND ( 'NONE', #2309, .T. ) ;
#1641 = DIRECTION ( 'NONE',  ( 0.000000000000000000, 0.000000000000000000, 1.000000000000000000 ) ) ;
#1642 = ORIENTED_EDGE ( 'NONE', *, *, #231, .T. ) ;
#1643 = VECTOR ( 'NONE', #156, 1000.000000000000000 ) ;
#1644 = VECTOR ( 'NONE', #321, 1000.000000000000000 ) ;
#1645 = PLANE ( 'NONE',  #2280 ) ;
#1646 = VECTOR ( 'NONE', #306, 1000.000000000000000 ) ;
#1647 = FACE_OUTER_BOUND ( 'NONE', #2590, .T. ) ;
#1648 = AXIS2_PLACEMENT_3D ( 'NONE', #1077, #2521, #66 ) ;
#1649 = CARTESIAN_POINT ( 'NONE',  ( -2.759999999999999787, -4.890000000000000568, -0.02000000000000000042 ) ) ;
#1650 = EDGE_LOOP ( 'NONE', ( #1065, #933, #1686, #107, #169, #2594, #249, #2291, #2425 ) ) ;
#1651 = AXIS2_PLACEMENT_3D ( 'NONE', #68, #1712, #485 ) ;
#1652 = LINE ( 'NONE', #449, #136 ) ;
#1653 = CARTESIAN_POINT ( 'NONE',  ( 0.3200000000000000067, 8.580000000000000071, 0.2999999999999999889 ) ) ;
#1654 = VECTOR ( 'NONE', #2346, 1000.000000000000000 ) ;
#1655 = AXIS2_PLACEMENT_3D ( 'NONE', #2274, #1658, #1453 ) ;
#1656 = ORIENTED_EDGE ( 'NONE', *, *, #590, .T. ) ;
#1657 = LINE ( 'NONE', #2468, #700 ) ;
#1658 = DIRECTION ( 'NONE',  ( 1.000000000000000000, 0.000000000000000000, 0.000000000000000000 ) ) ;
#1659 = ORIENTED_EDGE ( 'NONE', *, *, #2644, .T. ) ;
#1660 = ORIENTED_EDGE ( 'NONE', *, *, #1168, .T. ) ;
#1661 = EDGE_CURVE ( 'NONE', #1351, #177, #1487, .T. ) ;
#1662 = LINE ( 'NONE', #2081, #958 ) ;
#1663 = EDGE_CURVE ( 'NONE', #1454, #893, #428, .T. ) ;
#1664 = ORIENTED_EDGE ( 'NONE', *, *, #2080, .T. ) ;
#1665 = CARTESIAN_POINT ( 'NONE',  ( -2.220000000000000195, -0.9399999999999999467, 0.2999999999999999889 ) ) ;
#1666 = FACE_OUTER_BOUND ( 'NONE', #1204, .T. ) ;
#1667 = ORIENTED_EDGE ( 'NONE', *, *, #1592, .F. ) ;
#1668 = PLANE ( 'NONE',  #876 ) ;
#1669 = DIRECTION ( 'NONE',  ( 0.000000000000000000, 0.000000000000000000, 1.000000000000000000 ) ) ;
#1670 = ORIENTED_EDGE ( 'NONE', *, *, #1528, .F. ) ;
#1671 = DIRECTION ( 'NONE',  ( 0.000000000000000000, 0.000000000000000000, -1.000000000000000000 ) ) ;
#1672 = DIRECTION ( 'NONE',  ( 0.000000000000000000, -1.000000000000000000, 0.000000000000000000 ) ) ;
#1673 = ORIENTED_EDGE ( 'NONE', *, *, #1054, .F. ) ;
#1674 = ORIENTED_EDGE ( 'NONE', *, *, #2606, .T. ) ;
#1675 = FACE_OUTER_BOUND ( 'NONE', #516, .T. ) ;
#1676 = DIRECTION ( 'NONE',  ( 0.000000000000000000, 1.000000000000000000, 0.000000000000000000 ) ) ;
#1677 = EDGE_CURVE ( 'NONE', #875, #1070, #643, .T. ) ;
#1678 = ORIENTED_EDGE ( 'NONE', *, *, #1915, .T. ) ;
#1679 = DIRECTION ( 'NONE',  ( 1.000000000000000000, 0.000000000000000000, 0.000000000000000000 ) ) ;
#1680 = CARTESIAN_POINT ( 'NONE',  ( -2.540000000000000036, 2.180000000000000160, -1.300000000000000044 ) ) ;
#1681 = ORIENTED_EDGE ( 'NONE', *, *, #2601, .T. ) ;
#1682 = DIRECTION ( 'NONE',  ( 0.000000000000000000, 0.000000000000000000, -1.000000000000000000 ) ) ;
#1683 = AXIS2_PLACEMENT_3D ( 'NONE', #2049, #2086, #1438 ) ;
#1684 = CARTESIAN_POINT ( 'NONE',  ( -0.1200000000000000094, -5.139999999999999680, -0.1399999999999999856 ) ) ;
#1685 = EDGE_LOOP ( 'NONE', ( #1964, #1435, #285, #759 ) ) ;
#1686 = ORIENTED_EDGE ( 'NONE', *, *, #2588, .F. ) ;
#1687 = VECTOR ( 'NONE', #72, 1000.000000000000000 ) ;
#1688 = VECTOR ( 'NONE', #824, 1000.000000000000000 ) ;
#1689 = DIRECTION ( 'NONE',  ( -1.000000000000000000, 0.000000000000000000, 0.000000000000000000 ) ) ;
#1690 = CARTESIAN_POINT ( 'NONE',  ( 0.3200000000000000067, -0.9399999999999999467, 0.2999999999999999889 ) ) ;
#1691 = EDGE_CURVE ( 'NONE', #1536, #634, #1268, .T. ) ;
#1692 = VECTOR ( 'NONE', #581, 1000.000000000000000 ) ;
#1693 = VECTOR ( 'NONE', #1463, 1000.000000000000000 ) ;
#1694 = ORIENTED_EDGE ( 'NONE', *, *, #2506, .T. ) ;
#1695 = FACE_OUTER_BOUND ( 'NONE', #921, .T. ) ;
#1696 = ADVANCED_FACE ( 'NONE', ( #847 ), #1253, .F. ) ;
#1697 = ORIENTED_EDGE ( 'NONE', *, *, #607, .T. ) ;
#1698 = ORIENTED_EDGE ( 'NONE', *, *, #10, .F. ) ;
#1699 = FACE_OUTER_BOUND ( 'NONE', #161, .T. ) ;
#1700 = DIRECTION ( 'NONE',  ( 0.000000000000000000, 1.000000000000000000, 0.000000000000000000 ) ) ;
#1701 = LINE ( 'NONE', #2306, #1092 ) ;
#1702 = ORIENTED_EDGE ( 'NONE', *, *, #1156, .F. ) ;
#1703 = VERTEX_POINT ( 'NONE', #64 ) ;
#1704 = LINE ( 'NONE', #883, #2276 ) ;
#1705 = DIRECTION ( 'NONE',  ( -0.3481553119113956485, -0.8703882797784894265, 0.3481553119113956485 ) ) ;
#1706 = ADVANCED_FACE ( 'NONE', ( #1051 ), #1668, .T. ) ;
#1707 = ORIENTED_EDGE ( 'NONE', *, *, #2616, .T. ) ;
#1708 = LINE ( 'NONE', #1116, #1173 ) ;
#1709 = DIRECTION ( 'NONE',  ( 0.000000000000000000, 0.000000000000000000, -1.000000000000000000 ) ) ;
#1710 = DIRECTION ( 'NONE',  ( 1.000000000000000000, 0.000000000000000000, 0.000000000000000000 ) ) ;
#1711 = EDGE_CURVE ( 'NONE', #1364, #2224, #1894, .T. ) ;
#1712 = DIRECTION ( 'NONE',  ( 0.000000000000000000, 0.000000000000000000, -1.000000000000000000 ) ) ;
#1713 = EDGE_LOOP ( 'NONE', ( #1517, #345, #2470, #1506 ) ) ;
#1714 = ORIENTED_EDGE ( 'NONE', *, *, #2336, .T. ) ;
#1715 = DIRECTION ( 'NONE',  ( 0.000000000000000000, -0.9284766908852661871, 0.3713906763540865130 ) ) ;
#1716 = DIRECTION ( 'NONE',  ( 0.000000000000000000, 0.000000000000000000, -1.000000000000000000 ) ) ;
#1717 = CARTESIAN_POINT ( 'NONE',  ( 2.660000000000000142, 9.080000000000000071, -0.1399999999999999856 ) ) ;
#1718 = DIRECTION ( 'NONE',  ( 0.3481553119113956485, 0.8703882797784894265, 0.3481553119113956485 ) ) ;
#1719 = ORIENTED_EDGE ( 'NONE', *, *, #2653, .F. ) ;
#1720 = CARTESIAN_POINT ( 'NONE',  ( 3.380000000000000338, -0.9399999999999999467, 2.899999999999999911 ) ) ;
#1721 = ADVANCED_FACE ( 'NONE', ( #1695 ), #463, .T. ) ;
#1722 = LINE ( 'NONE', #549, #1129 ) ;
#1723 = FACE_OUTER_BOUND ( 'NONE', #340, .T. ) ;
#1724 = ORIENTED_EDGE ( 'NONE', *, *, #414, .F. ) ;
#1725 = ADVANCED_FACE ( 'NONE', ( #1640 ), #618, .F. ) ;
#1726 = ORIENTED_EDGE ( 'NONE', *, *, #2048, .T. ) ;
#1727 = VECTOR ( 'NONE', #1315, 999.9999999999998863 ) ;
#1728 = CARTESIAN_POINT ( 'NONE',  ( 0.000000000000000000, -4.890000000000000568, -0.2400000000000000189 ) ) ;
#1729 = LINE ( 'NONE', #1551, #1602 ) ;
#1730 = VECTOR ( 'NONE', #2631, 1000.000000000000000 ) ;
#1731 = AXIS2_PLACEMENT_3D ( 'NONE', #653, #1263, #857 ) ;
#1732 = EDGE_LOOP ( 'NONE', ( #94, #354, #904, #2396 ) ) ;
#1733 = LINE ( 'NONE', #326, #790 ) ;
#1734 = AXIS2_PLACEMENT_3D ( 'NONE', #2429, #2646, #368 ) ;
#1735 = ORIENTED_EDGE ( 'NONE', *, *, #218, .F. ) ;
#1736 = PLANE ( 'NONE',  #362 ) ;
#1737 = DIRECTION ( 'NONE',  ( 0.000000000000000000, 0.000000000000000000, -1.000000000000000000 ) ) ;
#1738 = ORIENTED_EDGE ( 'NONE', *, *, #2355, .T. ) ;
#1739 = ADVANCED_FACE ( 'NONE', ( #2484 ), #1505, .F. ) ;
#1740 = CARTESIAN_POINT ( 'NONE',  ( -3.810000000000000053, -1.580000000000000071, 2.899999999999999911 ) ) ;
#1741 = ORIENTED_EDGE ( 'NONE', *, *, #1557, .F. ) ;
#1742 = ORIENTED_EDGE ( 'NONE', *, *, #1792, .T. ) ;
#1743 = CARTESIAN_POINT ( 'NONE',  ( 2.660000000000000142, 9.080000000000000071, -0.1399999999999999856 ) ) ;
#1744 = CARTESIAN_POINT ( 'NONE',  ( -2.540000000000000036, 1.580000000000000071, -1.300000000000000044 ) ) ;
#1745 = EDGE_LOOP ( 'NONE', ( #1956, #642, #372, #216 ) ) ;
#1746 = ORIENTED_EDGE ( 'NONE', *, *, #2145, .F. ) ;
#1747 = CARTESIAN_POINT ( 'NONE',  ( 3.380000000000000338, -1.580000000000000071, -2.899999999999999911 ) ) ;
#1748 = DIRECTION ( 'NONE',  ( 1.000000000000000000, 0.000000000000000000, 0.000000000000000000 ) ) ;
#1749 = CARTESIAN_POINT ( 'NONE',  ( 2.220000000000000195, 1.580000000000000071, -0.3400000000000000244 ) ) ;
#1750 = ORIENTED_EDGE ( 'NONE', *, *, #1031, .T. ) ;
#1751 = LINE ( 'NONE', #1362, #2285 ) ;
#1752 = ORIENTED_EDGE ( 'NONE', *, *, #717, .T. ) ;
#1753 = ORIENTED_EDGE ( 'NONE', *, *, #162, .T. ) ;
#1754 = LINE ( 'NONE', #531, #436 ) ;
#1755 = LINE ( 'NONE', #2326, #1219 ) ;
#1756 = ORIENTED_EDGE ( 'NONE', *, *, #454, .T. ) ;
#1757 = ADVANCED_FACE ( 'NONE', ( #688 ), #470, .T. ) ;
#1758 = ORIENTED_EDGE ( 'NONE', *, *, #1937, .F. ) ;
#1759 = PLANE ( 'NONE',  #2197 ) ;
#1760 = PLANE ( 'NONE',  #98 ) ;
#1761 = ORIENTED_EDGE ( 'NONE', *, *, #1238, .F. ) ;
#1762 = LINE ( 'NONE', #2186, #1654 ) ;
#1763 = VERTEX_POINT ( 'NONE', #1684 ) ;
#1764 = ORIENTED_EDGE ( 'NONE', *, *, #2130, .T. ) ;
#1765 = LINE ( 'NONE', #1123, #2496 ) ;
#1766 = DIRECTION ( 'NONE',  ( 0.000000000000000000, 0.000000000000000000, -1.000000000000000000 ) ) ;
#1767 = ORIENTED_EDGE ( 'NONE', *, *, #278, .F. ) ;
#1768 = VECTOR ( 'NONE', #1230, 1000.000000000000000 ) ;
#1769 = EDGE_CURVE ( 'NONE', #2214, #1926, #702, .T. ) ;
#1770 = ORIENTED_EDGE ( 'NONE', *, *, #1663, .F. ) ;
#1771 = DIRECTION ( 'NONE',  ( 0.000000000000000000, 0.000000000000000000, 1.000000000000000000 ) ) ;
#1772 = VECTOR ( 'NONE', #61, 999.9999999999998863 ) ;
#1773 = EDGE_CURVE ( 'NONE', #413, #713, #1701, .T. ) ;
#1774 = AXIS2_PLACEMENT_3D ( 'NONE', #2658, #1641, #1244 ) ;
#1775 = AXIS2_PLACEMENT_3D ( 'NONE', #2423, #584, #270 ) ;
#1776 = FACE_OUTER_BOUND ( 'NONE', #1978, .T. ) ;
#1777 = ORIENTED_EDGE ( 'NONE', *, *, #2225, .T. ) ;
#1778 = VECTOR ( 'NONE', #2501, 1000.000000000000000 ) ;
#1779 = VECTOR ( 'NONE', #799, 1000.000000000000000 ) ;
#1780 = FILL_AREA_STYLE ('',( #728 ) ) ;
#1781 = ORIENTED_EDGE ( 'NONE', *, *, #507, .F. ) ;
#1782 = EDGE_LOOP ( 'NONE', ( #1673, #1919, #2463, #756 ) ) ;
#1783 = CARTESIAN_POINT ( 'NONE',  ( -2.419999999999999929, -5.139999999999999680, 0.09999999999998999967 ) ) ;
#1784 = LINE ( 'NONE', #802, #320 ) ;
#1785 = ORIENTED_EDGE ( 'NONE', *, *, #945, .F. ) ;
#1786 = CARTESIAN_POINT ( 'NONE',  ( 2.220000000000000195, 0.000000000000000000, 0.000000000000000000 ) ) ;
#1787 = DIRECTION ( 'NONE',  ( 1.000000000000000000, 0.000000000000000000, 0.000000000000000000 ) ) ;
#1788 = EDGE_CURVE ( 'NONE', #1035, #1146, #275, .T. ) ;
#1789 = CARTESIAN_POINT ( 'NONE',  ( 0.3200000000000000067, -4.639999999999999680, 0.2999999999999999889 ) ) ;
#1790 = LINE ( 'NONE', #148, #615 ) ;
#1791 = ORIENTED_EDGE ( 'NONE', *, *, #25, .F. ) ;
#1792 = EDGE_CURVE ( 'NONE', #2037, #622, #648, .T. ) ;
#1793 = LINE ( 'NONE', #133, #2032 ) ;
#1794 = EDGE_LOOP ( 'NONE', ( #2335, #974, #1420, #1656 ) ) ;
#1795 = ORIENTED_EDGE ( 'NONE', *, *, #1445, .T. ) ;
#1796 = DIRECTION ( 'NONE',  ( 1.000000000000000000, 0.000000000000000000, 0.000000000000000000 ) ) ;
#1797 = LINE ( 'NONE', #2218, #2281 ) ;
#1798 = EDGE_LOOP ( 'NONE', ( #1902, #2334, #1006, #102 ) ) ;
#1799 = LINE ( 'NONE', #170, #223 ) ;
#1800 = DIRECTION ( 'NONE',  ( 1.000000000000000000, 0.000000000000000000, 0.000000000000000000 ) ) ;
#1801 = LINE ( 'NONE', #405, #1768 ) ;
#1802 = LINE ( 'NONE', #2614, #573 ) ;
#1803 = VERTEX_POINT ( 'NONE', #1079 ) ;
#1804 = EDGE_CURVE ( 'NONE', #1201, #1038, #1310, .T. ) ;
#1805 = CARTESIAN_POINT ( 'NONE',  ( 3.380000000000000338, -0.9399999999999999467, -2.899999999999999911 ) ) ;
#1806 = ORIENTED_EDGE ( 'NONE', *, *, #1054, .T. ) ;
#1807 = ADVANCED_FACE ( 'NONE', ( #2333 ), #247, .T. ) ;
#1808 = DIRECTION ( 'NONE',  ( 1.000000000000000000, 0.000000000000000000, 0.000000000000000000 ) ) ;
#1809 = CARTESIAN_POINT ( 'NONE',  ( -0.9650000000000000799, 1.580000000000000071, 0.7299999999999999822 ) ) ;
#1810 = LINE ( 'NONE', #432, #2327 ) ;
#1811 = UNCERTAINTY_MEASURE_WITH_UNIT (LENGTH_MEASURE( 1.000000000000000082E-05 ), #803, 'distance_accuracy_value', 'NONE');
#1812 = EDGE_LOOP ( 'NONE', ( #854, #1678, #1190, #2379 ) ) ;
#1813 = DIRECTION ( 'NONE',  ( 1.000000000000000000, 0.000000000000000000, 0.000000000000000000 ) ) ;
#1814 = LINE ( 'NONE', #795, #2108 ) ;
#1815 = UNCERTAINTY_MEASURE_WITH_UNIT (LENGTH_MEASURE( 1.000000000000000082E-05 ), #2390, 'distance_accuracy_value', 'NONE');
#1816 = VECTOR ( 'NONE', #2000, 1000.000000000000000 ) ;
#1817 = DIRECTION ( 'NONE',  ( 1.000000000000000000, 0.000000000000000000, 0.000000000000000000 ) ) ;
#1818 = VECTOR ( 'NONE', #943, 999.9999999999998863 ) ;
#1819 = DIRECTION ( 'NONE',  ( 0.000000000000000000, -1.000000000000000000, 0.000000000000000000 ) ) ;
#1820 = ORIENTED_EDGE ( 'NONE', *, *, #2066, .F. ) ;
#1821 = AXIS2_PLACEMENT_3D ( 'NONE', #850, #445, #878 ) ;
#1822 = VECTOR ( 'NONE', #1880, 1000.000000000000000 ) ;
#1823 = FACE_OUTER_BOUND ( 'NONE', #1782, .T. ) ;
#1824 = ORIENTED_EDGE ( 'NONE', *, *, #1361, .F. ) ;
#1825 = VECTOR ( 'NONE', #1594, 1000.000000000000000 ) ;
#1826 = PRODUCT_DEFINITION ( 'UNKNOWN', '', #370, #2662 ) ;
#1827 = DIRECTION ( 'NONE',  ( 1.000000000000000000, 0.000000000000000000, 0.000000000000000000 ) ) ;
#1828 = DIRECTION ( 'NONE',  ( 1.000000000000000000, 0.000000000000000000, 0.000000000000000000 ) ) ;
#1829 = VERTEX_POINT ( 'NONE', #863 ) ;
#1830 = PRESENTATION_LAYER_ASSIGNMENT (  '', '', ( #1012 ) ) ;
#1831 = LINE ( 'NONE', #1596, #3 ) ;
#1832 = PLANE ( 'NONE',  #2630 ) ;
#1833 = CARTESIAN_POINT ( 'NONE',  ( -2.540000000000000036, 4.400000000000000355, -1.369999999999999885 ) ) ;
#1834 = CARTESIAN_POINT ( 'NONE',  ( -2.860000000000000320, -0.9399999999999999467, -0.3400000000000000244 ) ) ;
#1835 = ORIENTED_EDGE ( 'NONE', *, *, #1021, .T. ) ;
#1836 = FACE_OUTER_BOUND ( 'NONE', #1855, .T. ) ;
#1837 = LINE ( 'NONE', #1633, #355 ) ;
#1838 = CARTESIAN_POINT ( 'NONE',  ( 0.1200000000000000094, 9.080000000000000071, -0.1399999999999999856 ) ) ;
#1839 = DIRECTION ( 'NONE',  ( 0.000000000000000000, 0.000000000000000000, -1.000000000000000000 ) ) ;
#1840 = ORIENTED_EDGE ( 'NONE', *, *, #475, .F. ) ;
#1841 = DIRECTION ( 'NONE',  ( 0.000000000000000000, 0.000000000000000000, 1.000000000000000000 ) ) ;
#1842 = FACE_OUTER_BOUND ( 'NONE', #2562, .T. ) ;
#1843 = ADVANCED_FACE ( 'NONE', ( #1259 ), #446, .T. ) ;
#1844 = CARTESIAN_POINT ( 'NONE',  ( 0.8400000000000000799, -0.9399999999999999467, 2.899999999999999911 ) ) ;
#1845 = ADVANCED_FACE ( 'NONE', ( #2083 ), #2294, .F. ) ;
#1846 = CARTESIAN_POINT ( 'NONE',  ( 2.860000000000000320, 8.580000000000000071, 0.2999999999999999889 ) ) ;
#1847 = ORIENTED_EDGE ( 'NONE', *, *, #2209, .T. ) ;
#1848 = CARTESIAN_POINT ( 'NONE',  ( 3.810000000000000053, -1.580000000000000071, -2.899999999999999911 ) ) ;
#1849 = CARTESIAN_POINT ( 'NONE',  ( -2.860000000000000320, 8.580000000000000071, 0.2999999999999999889 ) ) ;
#1850 = SURFACE_SIDE_STYLE ('',( #2244 ) ) ;
#1851 = ORIENTED_EDGE ( 'NONE', *, *, #1592, .T. ) ;
#1852 = DIRECTION ( 'NONE',  ( 1.000000000000000000, 0.000000000000000000, 0.000000000000000000 ) ) ;
#1853 = PLANE ( 'NONE',  #1731 ) ;
#1854 = EDGE_CURVE ( 'NONE', #1881, #2230, #2105, .T. ) ;
#1855 = EDGE_LOOP ( 'NONE', ( #458, #111, #24, #1674 ) ) ;
#1856 = DIRECTION ( 'NONE',  ( 1.000000000000000000, 0.000000000000000000, 0.000000000000000000 ) ) ;
#1857 = CARTESIAN_POINT ( 'NONE',  ( -2.660000000000000142, -5.139999999999999680, 0.09999999999998999967 ) ) ;
#1858 = EDGE_LOOP ( 'NONE', ( #2513, #1851, #1374, #2312 ) ) ;
#1859 = VECTOR ( 'NONE', #379, 1000.000000000000000 ) ;
#1860 = VECTOR ( 'NONE', #2026, 1000.000000000000000 ) ;
#1861 = VECTOR ( 'NONE', #522, 1000.000000000000000 ) ;
#1862 = AXIS2_PLACEMENT_3D ( 'NONE', #2609, #762, #1622 ) ;
#1863 = PLANE ( 'NONE',  #1182 ) ;
#1864 = ORIENTED_EDGE ( 'NONE', *, *, #1325, .F. ) ;
#1865 = DIRECTION ( 'NONE',  ( 0.000000000000000000, 1.000000000000000000, 0.000000000000000000 ) ) ;
#1866 = CARTESIAN_POINT ( 'NONE',  ( 2.220000000000000195, 1.580000000000000071, 0.2999999999999999889 ) ) ;
#1867 = AXIS2_PLACEMENT_3D ( 'NONE', #1649, #2435, #1225 ) ;
#1868 = ORIENTED_EDGE ( 'NONE', *, *, #1375, .T. ) ;
#1869 = PLANE ( 'NONE',  #1049 ) ;
#1870 = ADVANCED_FACE ( 'NONE', ( #457 ), #1285, .T. ) ;
#1871 = FACE_OUTER_BOUND ( 'NONE', #2479, .T. ) ;
#1872 = ORIENTED_EDGE ( 'NONE', *, *, #2323, .F. ) ;
#1873 = DIRECTION ( 'NONE',  ( 1.000000000000000000, 0.000000000000000000, 0.000000000000000000 ) ) ;
#1874 = ADVANCED_FACE ( 'NONE', ( #2093 ), #1918, .T. ) ;
#1875 = DIRECTION ( 'NONE',  ( 1.000000000000000000, 0.000000000000000000, 0.000000000000000000 ) ) ;
#1876 = EDGE_LOOP ( 'NONE', ( #1279, #2169, #552, #1387 ) ) ;
#1877 = ORIENTED_EDGE ( 'NONE', *, *, #2336, .F. ) ;
#1878 = ADVANCED_FACE ( 'NONE', ( #1723 ), #677, .F. ) ;
#1879 = LINE ( 'NONE', #2477, #1302 ) ;
#1880 = DIRECTION ( 'NONE',  ( 0.000000000000000000, 0.000000000000000000, 1.000000000000000000 ) ) ;
#1881 = VERTEX_POINT ( 'NONE', #499 ) ;
#1882 = LINE ( 'NONE', #22, #2541 ) ;
#1883 = CARTESIAN_POINT ( 'NONE',  ( 0.3200000000000000067, -0.9399999999999999467, 0.2999999999999999889 ) ) ;
#1884 = ORIENTED_EDGE ( 'NONE', *, *, #1150, .F. ) ;
#1885 = FACE_OUTER_BOUND ( 'NONE', #2391, .T. ) ;
#1886 = EDGE_CURVE ( 'NONE', #2264, #296, #1147, .T. ) ;
#1887 = DIRECTION ( 'NONE',  ( -1.000000000000000000, 0.000000000000000000, 0.000000000000000000 ) ) ;
#1888 = EDGE_LOOP ( 'NONE', ( #2442, #1134, #476, #1470, #1548, #1098 ) ) ;
#1889 = VERTEX_POINT ( 'NONE', #1940 ) ;
#1890 = EDGE_CURVE ( 'NONE', #1495, #2088, #1762, .T. ) ;
#1891 = DIRECTION ( 'NONE',  ( 0.000000000000000000, 1.000000000000000000, 0.000000000000000000 ) ) ;
#1892 = CARTESIAN_POINT ( 'NONE',  ( 0.9650000000000000799, 1.580000000000000071, -0.7699999999999999067 ) ) ;
#1893 = VERTEX_POINT ( 'NONE', #940 ) ;
#1894 = LINE ( 'NONE', #47, #2114 ) ;
#1895 = EDGE_CURVE ( 'NONE', #388, #1053, #93, .T. ) ;
#1896 = VERTEX_POINT ( 'NONE', #1547 ) ;
#1897 = PLANE ( 'NONE',  #1990 ) ;
#1898 = AXIS2_PLACEMENT_3D ( 'NONE', #199, #1613, #2611 ) ;
#1899 = PLANE ( 'NONE',  #1343 ) ;
#1900 = AXIS2_PLACEMENT_3D ( 'NONE', #2246, #1689, #844 ) ;
#1901 = CARTESIAN_POINT ( 'NONE',  ( -2.220000000000000195, 8.580000000000000071, 0.2999999999999999889 ) ) ;
#1902 = ORIENTED_EDGE ( 'NONE', *, *, #1328, .F. ) ;
#1903 = EDGE_LOOP ( 'NONE', ( #763, #1139, #1719, #2043 ) ) ;
#1904 = VECTOR ( 'NONE', #2586, 1000.000000000000000 ) ;
#1905 = EDGE_CURVE ( 'NONE', #1591, #970, #1793, .T. ) ;
#1906 = VECTOR ( 'NONE', #2092, 1000.000000000000000 ) ;
#1907 = FACE_OUTER_BOUND ( 'NONE', #1533, .T. ) ;
#1908 = CARTESIAN_POINT ( 'NONE',  ( -3.380000000000000338, -1.580000000000000071, 2.899999999999999911 ) ) ;
#1909 = VECTOR ( 'NONE', #2122, 1000.000000000000000 ) ;
#1910 = STYLED_ITEM ( 'NONE', ( #1576 ), #1994 ) ;
#1911 = ORIENTED_EDGE ( 'NONE', *, *, #201, .F. ) ;
#1912 = CARTESIAN_POINT ( 'NONE',  ( 1.574999999999999956, 1.580000000000000071, -0.7699999999999999067 ) ) ;
#1913 = ORIENTED_EDGE ( 'NONE', *, *, #1117, .T. ) ;
#1914 = ORIENTED_EDGE ( 'NONE', *, *, #1458, .F. ) ;
#1915 = EDGE_CURVE ( 'NONE', #709, #2230, #915, .T. ) ;
#1916 = CARTESIAN_POINT ( 'NONE',  ( 2.419999999999999929, -5.139999999999999680, -0.1399999999999999856 ) ) ;
#1917 = DIRECTION ( 'NONE',  ( 0.000000000000000000, 0.000000000000000000, -1.000000000000000000 ) ) ;
#1918 = PLANE ( 'NONE',  #145 ) ;
#1919 = ORIENTED_EDGE ( 'NONE', *, *, #1008, .F. ) ;
#1920 = VERTEX_POINT ( 'NONE', #1740 ) ;
#1921 = DIRECTION ( 'NONE',  ( 0.000000000000000000, 0.000000000000000000, 1.000000000000000000 ) ) ;
#1922 = CARTESIAN_POINT ( 'NONE',  ( 3.380000000000000338, -1.580000000000000071, 2.899999999999999911 ) ) ;
#1923 = EDGE_CURVE ( 'NONE', #341, #48, #2550, .T. ) ;
#1924 = CARTESIAN_POINT ( 'NONE',  ( -2.540000000000000036, 4.400000000000000355, -1.369999999999999885 ) ) ;
#1925 = DIRECTION ( 'NONE',  ( -1.000000000000000000, 0.000000000000000000, 0.000000000000000000 ) ) ;
#1926 = VERTEX_POINT ( 'NONE', #150 ) ;
#1927 = EDGE_CURVE ( 'NONE', #946, #1536, #743, .T. ) ;
#1928 = FACE_OUTER_BOUND ( 'NONE', #1447, .T. ) ;
#1929 = CARTESIAN_POINT ( 'NONE',  ( -1.699999999999999956, -1.580000000000000071, -2.899999999999999911 ) ) ;
#1930 = CARTESIAN_POINT ( 'NONE',  ( 0.2200000000000000011, -4.890000000000000568, -0.02000000000000000042 ) ) ;
#1931 = ORIENTED_EDGE ( 'NONE', *, *, #10, .T. ) ;
#1932 = ORIENTED_EDGE ( 'NONE', *, *, #717, .F. ) ;
#1933 = LINE ( 'NONE', #1151, #1044 ) ;
#1934 = LINE ( 'NONE', #1944, #574 ) ;
#1935 = ORIENTED_EDGE ( 'NONE', *, *, #2066, .T. ) ;
#1936 = DIRECTION ( 'NONE',  ( 0.000000000000000000, 0.000000000000000000, 1.000000000000000000 ) ) ;
#1937 = EDGE_CURVE ( 'NONE', #1070, #1414, #339, .T. ) ;
#1938 = PLANE ( 'NONE',  #2159 ) ;
#1939 = LINE ( 'NONE', #2561, #745 ) ;
#1940 = CARTESIAN_POINT ( 'NONE',  ( -2.860000000000000320, 8.580000000000000071, 0.2999999999999999889 ) ) ;
#1941 = ORIENTED_EDGE ( 'NONE', *, *, #2051, .F. ) ;
#1942 = ORIENTED_EDGE ( 'NONE', *, *, #278, .T. ) ;
#1943 = PLANE ( 'NONE',  #2450 ) ;
#1944 = CARTESIAN_POINT ( 'NONE',  ( 3.380000000000000338, -0.9399999999999999467, 2.899999999999999911 ) ) ;
#1945 = VECTOR ( 'NONE', #356, 1000.000000000000000 ) ;
#1946 = AXIS2_PLACEMENT_3D ( 'NONE', #1084, #681, #1959 ) ;
#1947 = LINE ( 'NONE', #1357, #1643 ) ;
#1948 = LINE ( 'NONE', #104, #187 ) ;
#1949 = VECTOR ( 'NONE', #2510, 999.9999999999998863 ) ;
#1950 = VECTOR ( 'NONE', #1955, 1000.000000000000000 ) ;
#1951 = FACE_OUTER_BOUND ( 'NONE', #290, .T. ) ;
#1952 = DIRECTION ( 'NONE',  ( 0.000000000000000000, 0.000000000000000000, -1.000000000000000000 ) ) ;
#1953 = VERTEX_POINT ( 'NONE', #1332 ) ;
#1954 = EDGE_CURVE ( 'NONE', #547, #1566, #2147, .T. ) ;
#1955 = DIRECTION ( 'NONE',  ( 0.000000000000000000, 0.000000000000000000, 1.000000000000000000 ) ) ;
#1956 = ORIENTED_EDGE ( 'NONE', *, *, #1557, .T. ) ;
#1957 = ORIENTED_EDGE ( 'NONE', *, *, #981, .F. ) ;
#1958 = LINE ( 'NONE', #281, #567 ) ;
#1959 = DIRECTION ( 'NONE',  ( 1.000000000000000000, 0.000000000000000000, 0.000000000000000000 ) ) ;
#1960 = ORIENTED_EDGE ( 'NONE', *, *, #1383, .T. ) ;
#1961 = CARTESIAN_POINT ( 'NONE',  ( -0.3200000000000000067, -0.9399999999999999467, 0.2999999999999999889 ) ) ;
#1962 = CARTESIAN_POINT ( 'NONE',  ( 3.380000000000000338, -1.580000000000000071, -2.899999999999999911 ) ) ;
#1963 = FACE_OUTER_BOUND ( 'NONE', #2055, .T. ) ;
#1964 = ORIENTED_EDGE ( 'NONE', *, *, #2557, .T. ) ;
#1965 = DIRECTION ( 'NONE',  ( -1.000000000000000000, 0.000000000000000000, 0.000000000000000000 ) ) ;
#1966 = ORIENTED_EDGE ( 'NONE', *, *, #25, .T. ) ;
#1967 = ORIENTED_EDGE ( 'NONE', *, *, #1895, .F. ) ;
#1968 = EDGE_CURVE ( 'NONE', #1142, #459, #1564, .T. ) ;
#1969 = FACE_OUTER_BOUND ( 'NONE', #2467, .T. ) ;
#1970 = LINE ( 'NONE', #1377, #2111 ) ;
#1971 = VERTEX_POINT ( 'NONE', #109 ) ;
#1972 = ADVANCED_FACE ( 'NONE', ( #927 ), #526, .T. ) ;
#1973 = VERTEX_POINT ( 'NONE', #540 ) ;
#1974 = PLANE ( 'NONE',  #1045 ) ;
#1975 = LINE ( 'NONE', #130, #1048 ) ;
#1976 = ORIENTED_EDGE ( 'NONE', *, *, #2573, .T. ) ;
#1977 = CARTESIAN_POINT ( 'NONE',  ( -2.419999999999999929, 9.080000000000000071, 0.09999999999998999967 ) ) ;
#1978 = EDGE_LOOP ( 'NONE', ( #1565, #776, #1996, #464 ) ) ;
#1979 = VERTEX_POINT ( 'NONE', #972 ) ;
#1980 = CARTESIAN_POINT ( 'NONE',  ( 3.380000000000000338, -1.580000000000000071, 2.899999999999999911 ) ) ;
#1981 = CARTESIAN_POINT ( 'NONE',  ( 2.860000000000000320, 0.000000000000000000, 0.000000000000000000 ) ) ;
#1982 = EDGE_CURVE ( 'NONE', #57, #1926, #1751, .T. ) ;
#1983 = VERTEX_POINT ( 'NONE', #1977 ) ;
#1984 = VECTOR ( 'NONE', #2642, 1000.000000000000000 ) ;
#1985 = VECTOR ( 'NONE', #385, 1000.000000000000000 ) ;
#1986 = LINE ( 'NONE', #2598, #1299 ) ;
#1987 = CARTESIAN_POINT ( 'NONE',  ( -2.540000000000000036, -4.890000000000000568, 0.2000000000000000111 ) ) ;
#1988 = AXIS2_PLACEMENT_3D ( 'NONE', #2075, #435, #1033 ) ;
#1989 = AXIS2_PLACEMENT_3D ( 'NONE', #2511, #234, #468 ) ;
#1990 = AXIS2_PLACEMENT_3D ( 'NONE', #1293, #1446, #2102 ) ;
#1991 = CARTESIAN_POINT ( 'NONE',  ( 2.660000000000000142, -5.139999999999999680, 0.09999999999998999967 ) ) ;
#1992 = ORIENTED_EDGE ( 'NONE', *, *, #469, .T. ) ;
#1993 = VECTOR ( 'NONE', #163, 999.9999999999998863 ) ;
#1994 = MANIFOLD_SOLID_BREP ( 'Imported1', #89 ) ;
#1995 = ORIENTED_EDGE ( 'NONE', *, *, #1954, .T. ) ;
#1996 = ORIENTED_EDGE ( 'NONE', *, *, #214, .T. ) ;
#1997 = CARTESIAN_POINT ( 'NONE',  ( -0.3200000000000000067, -5.139999999999999680, -0.3400000000000000244 ) ) ;
#1998 = CARTESIAN_POINT ( 'NONE',  ( -2.660000000000000142, 9.080000000000000071, 0.09999999999998999967 ) ) ;
#1999 = VERTEX_POINT ( 'NONE', #371 ) ;
#2000 = DIRECTION ( 'NONE',  ( 0.000000000000000000, 0.000000000000000000, -1.000000000000000000 ) ) ;
#2001 = LINE ( 'NONE', #2211, #2279 ) ;
#2002 = ADVANCED_FACE ( 'NONE', ( #2420 ), #2563, .F. ) ;
#2003 = CARTESIAN_POINT ( 'NONE',  ( -2.860000000000000320, 1.580000000000000071, 0.2999999999999999889 ) ) ;
#2004 = DIRECTION ( 'NONE',  ( 0.000000000000000000, 1.000000000000000000, 0.000000000000000000 ) ) ;
#2005 = ORIENTED_EDGE ( 'NONE', *, *, #1905, .F. ) ;
#2006 = EDGE_CURVE ( 'NONE', #2264, #1038, #1218, .T. ) ;
#2007 = ORIENTED_EDGE ( 'NONE', *, *, #1024, .T. ) ;
#2008 = PLANE ( 'NONE',  #869 ) ;
#2009 = FACE_OUTER_BOUND ( 'NONE', #2615, .T. ) ;
#2010 = DIRECTION ( 'NONE',  ( 1.000000000000000000, 0.000000000000000000, 0.000000000000000000 ) ) ;
#2011 = VERTEX_POINT ( 'NONE', #383 ) ;
#2012 = CARTESIAN_POINT ( 'NONE',  ( 2.660000000000000142, 9.080000000000000071, 0.09999999999998999967 ) ) ;
#2013 = CARTESIAN_POINT ( 'NONE',  ( -0.3200000000000000067, -0.9399999999999999467, 0.2999999999999999889 ) ) ;
#2014 = CARTESIAN_POINT ( 'NONE',  ( 1.574999999999999956, -1.580000000000000071, 0.7299999999999999822 ) ) ;
#2015 = EDGE_CURVE ( 'NONE', #459, #296, #14, .T. ) ;
#2016 = CARTESIAN_POINT ( 'NONE',  ( 2.419999999999999929, 9.080000000000000071, 0.09999999999998999967 ) ) ;
#2017 = ORIENTED_EDGE ( 'NONE', *, *, #126, .F. ) ;
#2018 = DIRECTION ( 'NONE',  ( -0.9284766908852662981, 0.3713906763540865685, 0.000000000000000000 ) ) ;
#2019 = ORIENTED_EDGE ( 'NONE', *, *, #1691, .F. ) ;
#2020 = CARTESIAN_POINT ( 'NONE',  ( -2.540000000000000036, 2.180000000000000160, -1.899999999999999911 ) ) ;
#2021 = CARTESIAN_POINT ( 'NONE',  ( -2.419999999999999929, -5.139999999999999680, 0.09999999999998999967 ) ) ;
#2022 = EDGE_LOOP ( 'NONE', ( #2299, #1232, #110, #917 ) ) ;
#2023 = FACE_OUTER_BOUND ( 'NONE', #486, .T. ) ;
#2024 = DIRECTION ( 'NONE',  ( 1.000000000000000000, 0.000000000000000000, 0.000000000000000000 ) ) ;
#2025 = VECTOR ( 'NONE', #2580, 1000.000000000000000 ) ;
#2026 = DIRECTION ( 'NONE',  ( 0.000000000000000000, 0.000000000000000000, 1.000000000000000000 ) ) ;
#2027 = VECTOR ( 'NONE', #2061, 1000.000000000000000 ) ;
#2028 = PLANE ( 'NONE',  #1390 ) ;
#2029 = ORIENTED_EDGE ( 'NONE', *, *, #866, .T. ) ;
#2030 = VECTOR ( 'NONE', #1441, 1000.000000000000000 ) ;
#2031 = CARTESIAN_POINT ( 'NONE',  ( 2.860000000000000320, 8.580000000000000071, 0.2999999999999999889 ) ) ;
#2032 = VECTOR ( 'NONE', #120, 1000.000000000000000 ) ;
#2033 = EDGE_CURVE ( 'NONE', #1953, #2503, #421, .T. ) ;
#2034 = LINE ( 'NONE', #596, #2025 ) ;
#2035 = DIRECTION ( 'NONE',  ( 1.000000000000000000, 0.000000000000000000, 0.000000000000000000 ) ) ;
#2036 = DIRECTION ( 'NONE',  ( 0.000000000000000000, 0.000000000000000000, -1.000000000000000000 ) ) ;
#2037 = VERTEX_POINT ( 'NONE', #1404 ) ;
#2038 = EDGE_CURVE ( 'NONE', #746, #2507, #811, .T. ) ;
#2039 = LINE ( 'NONE', #402, #311 ) ;
#2040 = CARTESIAN_POINT ( 'NONE',  ( -0.3200000000000000067, 8.580000000000000071, 0.2999999999999999889 ) ) ;
#2041 = DIRECTION ( 'NONE',  ( -1.000000000000000000, 0.000000000000000000, 0.000000000000000000 ) ) ;
#2042 = DIRECTION ( 'NONE',  ( 0.000000000000000000, 0.000000000000000000, -1.000000000000000000 ) ) ;
#2043 = ORIENTED_EDGE ( 'NONE', *, *, #1108, .T. ) ;
#2044 = CARTESIAN_POINT ( 'NONE',  ( 0.3200000000000000067, 1.580000000000000071, 0.2999999999999999889 ) ) ;
#2045 = CARTESIAN_POINT ( 'NONE',  ( -0.8400000000000000799, -0.9399999999999999467, -2.899999999999999911 ) ) ;
#2046 =( NAMED_UNIT ( * ) SI_UNIT ( $, .STERADIAN. ) SOLID_ANGLE_UNIT ( ) );
#2047 = VERTEX_POINT ( 'NONE', #2617 ) ;
#2048 = EDGE_CURVE ( 'NONE', #2205, #1983, #2215, .T. ) ;
#2049 = CARTESIAN_POINT ( 'NONE',  ( -2.540000000000000036, 2.180000000000000160, -1.300000000000000044 ) ) ;
#2050 = CARTESIAN_POINT ( 'NONE',  ( 2.540000000000000036, 9.369999999999999218, -1.899999999999999911 ) ) ;
#2051 = EDGE_CURVE ( 'NONE', #388, #208, #1416, .T. ) ;
#2052 = CARTESIAN_POINT ( 'NONE',  ( -3.380000000000000338, -0.9399999999999999467, -2.899999999999999911 ) ) ;
#2053 = DIRECTION ( 'NONE',  ( -0.3481553119113956485, -0.8703882797784894265, 0.3481553119113956485 ) ) ;
#2054 = DIRECTION ( 'NONE',  ( 0.000000000000000000, -0.3713906763540865685, -0.9284766908852662981 ) ) ;
#2055 = EDGE_LOOP ( 'NONE', ( #871, #1427, #1758, #2345 ) ) ;
#2056 = DIRECTION ( 'NONE',  ( 0.000000000000000000, -1.000000000000000000, 0.000000000000000000 ) ) ;
#2057 =( LENGTH_UNIT ( ) NAMED_UNIT ( * ) SI_UNIT ( .MILLI., .METRE. ) );
#2058 = ORIENTED_EDGE ( 'NONE', *, *, #2258, .F. ) ;
#2059 = EDGE_CURVE ( 'NONE', #2486, #462, #395, .T. ) ;
#2060 = DIRECTION ( 'NONE',  ( 0.000000000000000000, 0.000000000000000000, -1.000000000000000000 ) ) ;
#2061 = DIRECTION ( 'NONE',  ( -1.000000000000000000, 0.000000000000000000, 0.000000000000000000 ) ) ;
#2062 = ORIENTED_EDGE ( 'NONE', *, *, #1661, .T. ) ;
#2063 = FACE_OUTER_BOUND ( 'NONE', #96, .T. ) ;
#2064 = DIRECTION ( 'NONE',  ( 0.000000000000000000, -0.9284766908852661871, 0.3713906763540865130 ) ) ;
#2065 = ORIENTED_EDGE ( 'NONE', *, *, #1401, .F. ) ;
#2066 = EDGE_CURVE ( 'NONE', #2503, #2163, #564, .T. ) ;
#2067 = VECTOR ( 'NONE', #1354, 1000.000000000000000 ) ;
#2068 = LINE ( 'NONE', #2265, #2368 ) ;
#2069 = AXIS2_PLACEMENT_3D ( 'NONE', #1061, #2489, #2087 ) ;
#2070 = VECTOR ( 'NONE', #592, 1000.000000000000000 ) ;
#2071 = VECTOR ( 'NONE', #213, 1000.000000000000000 ) ;
#2072 = CARTESIAN_POINT ( 'NONE',  ( -0.3200000000000000067, -5.139999999999999680, -0.3400000000000000244 ) ) ;
#2073 = EDGE_LOOP ( 'NONE', ( #226, #2551, #241, #610 ) ) ;
#2074 = LINE ( 'NONE', #1060, #2534 ) ;
#2075 = CARTESIAN_POINT ( 'NONE',  ( -2.540000000000000036, 8.830000000000000071, -0.2400000000000000189 ) ) ;
#2076 = ORIENTED_EDGE ( 'NONE', *, *, #1573, .T. ) ;
#2077 = DIRECTION ( 'NONE',  ( 0.000000000000000000, 0.000000000000000000, 1.000000000000000000 ) ) ;
#2078 = DIRECTION ( 'NONE',  ( 0.3420201433256990775, 0.9396926207858972147, 0.000000000000000000 ) ) ;
#2079 = VERTEX_POINT ( 'NONE', #1848 ) ;
#2080 = EDGE_CURVE ( 'NONE', #2205, #248, #193, .T. ) ;
#2081 = CARTESIAN_POINT ( 'NONE',  ( -0.8400000000000000799, -1.580000000000000071, 2.899999999999999911 ) ) ;
#2082 = ADVANCED_FACE ( 'NONE', ( #1836 ), #1389, .T. ) ;
#2083 = FACE_OUTER_BOUND ( 'NONE', #1535, .T. ) ;
#2084 = ORIENTED_EDGE ( 'NONE', *, *, #90, .F. ) ;
#2085 = ORIENTED_EDGE ( 'NONE', *, *, #701, .F. ) ;
#2086 = DIRECTION ( 'NONE',  ( 1.000000000000000000, 0.000000000000000000, 0.000000000000000000 ) ) ;
#2087 = DIRECTION ( 'NONE',  ( -1.000000000000000000, 0.000000000000000000, 0.000000000000000000 ) ) ;
#2088 = VERTEX_POINT ( 'NONE', #2444 ) ;
#2089 = DIRECTION ( 'NONE',  ( 1.000000000000000000, 0.000000000000000000, 0.000000000000000000 ) ) ;
#2090 = ORIENTED_EDGE ( 'NONE', *, *, #706, .T. ) ;
#2091 = FACE_BOUND ( 'NONE', #46, .T. ) ;
#2092 = DIRECTION ( 'NONE',  ( 0.000000000000000000, 0.000000000000000000, -1.000000000000000000 ) ) ;
#2093 = FACE_OUTER_BOUND ( 'NONE', #2361, .T. ) ;
#2094 = VERTEX_POINT ( 'NONE', #997 ) ;
#2095 = ORIENTED_EDGE ( 'NONE', *, *, #554, .T. ) ;
#2096 = FACE_OUTER_BOUND ( 'NONE', #2022, .T. ) ;
#2098 = ADVANCED_FACE ( 'NONE', ( #1823 ), #2660, .T. ) ;
#2097 = DIRECTION ( 'NONE',  ( 1.000000000000000000, 0.000000000000000000, 0.000000000000000000 ) ) ;
#2099 = ORIENTED_EDGE ( 'NONE', *, *, #2330, .F. ) ;
#2100 = DIRECTION ( 'NONE',  ( -0.000000000000000000, 0.3713906763540865685, 0.9284766908852662981 ) ) ;
#2101 = ORIENTED_EDGE ( 'NONE', *, *, #1234, .T. ) ;
#2102 = DIRECTION ( 'NONE',  ( -1.000000000000000000, 0.000000000000000000, 0.000000000000000000 ) ) ;
#2103 = FACE_OUTER_BOUND ( 'NONE', #1685, .T. ) ;
#2104 = VECTOR ( 'NONE', #1384, 1000.000000000000000 ) ;
#2105 = LINE ( 'NONE', #1901, #1778 ) ;
#2106 = VERTEX_POINT ( 'NONE', #2204 ) ;
#2107 = ORIENTED_EDGE ( 'NONE', *, *, #2535, .T. ) ;
#2108 = VECTOR ( 'NONE', #1614, 1000.000000000000000 ) ;
#2109 = ADVANCED_FACE ( 'NONE', ( #1619 ), #2648, .T. ) ;
#2110 = AXIS2_PLACEMENT_3D ( 'NONE', #938, #312, #755 ) ;
#2111 = VECTOR ( 'NONE', #2639, 1000.000000000000000 ) ;
#2112 = DIRECTION ( 'NONE',  ( -0.3481553119113956485, 0.8703882797784894265, -0.3481553119113956485 ) ) ;
#2113 = DIRECTION ( 'NONE',  ( 1.000000000000000000, 0.000000000000000000, 0.000000000000000000 ) ) ;
#2114 = VECTOR ( 'NONE', #872, 1000.000000000000000 ) ;
#2115 = EDGE_CURVE ( 'NONE', #893, #2388, #606, .T. ) ;
#2116 = VECTOR ( 'NONE', #1965, 1000.000000000000000 ) ;
#2117 = VECTOR ( 'NONE', #1669, 1000.000000000000000 ) ;
#2118 = EDGE_LOOP ( 'NONE', ( #1694, #430, #1286, #1158 ) ) ;
#2119 = FACE_OUTER_BOUND ( 'NONE', #1523, .T. ) ;
#2120 = DIRECTION ( 'NONE',  ( -0.000000000000000000, 1.000000000000000000, 0.000000000000000000 ) ) ;
#2121 = DIRECTION ( 'NONE',  ( 0.000000000000000000, 1.000000000000000000, 0.000000000000000000 ) ) ;
#2122 = DIRECTION ( 'NONE',  ( 0.000000000000000000, -1.000000000000000000, 0.000000000000000000 ) ) ;
#2123 = ORIENTED_EDGE ( 'NONE', *, *, #409, .F. ) ;
#2124 = ORIENTED_EDGE ( 'NONE', *, *, #2015, .F. ) ;
#2125 = DIRECTION ( 'NONE',  ( -1.000000000000000000, 0.000000000000000000, 0.000000000000000000 ) ) ;
#2126 = DIRECTION ( 'NONE',  ( -0.3481553119113956485, 0.8703882797784894265, -0.3481553119113956485 ) ) ;
#2127 = ADVANCED_FACE ( 'NONE', ( #823 ), #1645, .T. ) ;
#2128 = CARTESIAN_POINT ( 'NONE',  ( -3.380000000000000338, -0.9399999999999999467, 2.899999999999999911 ) ) ;
#2129 = DIRECTION ( 'NONE',  ( 0.000000000000000000, 0.000000000000000000, -1.000000000000000000 ) ) ;
#2130 = EDGE_CURVE ( 'NONE', #1146, #2503, #257, .T. ) ;
#2131 = CARTESIAN_POINT ( 'NONE',  ( -3.810000000000000053, 0.000000000000000000, 0.000000000000000000 ) ) ;
#2132 = EDGE_CURVE ( 'NONE', #929, #772, #481, .T. ) ;
#2133 = LINE ( 'NONE', #1749, #2457 ) ;
#2134 = CARTESIAN_POINT ( 'NONE',  ( 2.660000000000000142, -5.139999999999999680, 0.09999999999998999967 ) ) ;
#2135 = EDGE_LOOP ( 'NONE', ( #1311, #1724, #2485, #630 ) ) ;
#2136 = EDGE_LOOP ( 'NONE', ( #1636, #523, #2208, #2058 ) ) ;
#2137 = LINE ( 'NONE', #305, #1385 ) ;
#2138 = CARTESIAN_POINT ( 'NONE',  ( 0.3200000000000000067, 1.580000000000000071, -0.3400000000000000244 ) ) ;
#2139 = CARTESIAN_POINT ( 'NONE',  ( -0.3200000000000000067, 9.080000000000000071, 0.2999999999999999889 ) ) ;
#2140 = DIRECTION ( 'NONE',  ( 0.3420201433256990775, -0.9396926207858972147, 0.000000000000000000 ) ) ;
#2141 = ADVANCED_FACE ( 'NONE', ( #1309 ), #2522, .F. ) ;
#2142 = CARTESIAN_POINT ( 'NONE',  ( -2.860000000000000320, 1.580000000000000071, 0.2999999999999999889 ) ) ;
#2143 = CARTESIAN_POINT ( 'NONE',  ( -3.810000000000000053, -1.580000000000000071, 2.899999999999999911 ) ) ;
#2144 = ORIENTED_EDGE ( 'NONE', *, *, #309, .F. ) ;
#2145 = EDGE_CURVE ( 'NONE', #1038, #1591, #2068, .T. ) ;
#2146 = VECTOR ( 'NONE', #1865, 1000.000000000000000 ) ;
#2147 = LINE ( 'NONE', #315, #488 ) ;
#2148 = EDGE_LOOP ( 'NONE', ( #1770, #1252, #291, #2321 ) ) ;
#2149 = ORIENTED_EDGE ( 'NONE', *, *, #469, .F. ) ;
#2150 = VECTOR ( 'NONE', #600, 1000.000000000000000 ) ;
#2151 = DIRECTION ( 'NONE',  ( 1.000000000000000000, 0.000000000000000000, 0.000000000000000000 ) ) ;
#2152 = CARTESIAN_POINT ( 'NONE',  ( 2.220000000000000195, -4.639999999999999680, -0.3400000000000000244 ) ) ;
#2153 = AXIS2_PLACEMENT_3D ( 'NONE', #2527, #1538, #2151 ) ;
#2154 = ORIENTED_EDGE ( 'NONE', *, *, #80, .T. ) ;
#2155 = VECTOR ( 'NONE', #1028, 1000.000000000000000 ) ;
#2156 = VECTOR ( 'NONE', #2329, 1000.000000000000000 ) ;
#2157 = EDGE_LOOP ( 'NONE', ( #2154, #1707, #2005, #751 ) ) ;
#2158 = DIRECTION ( 'NONE',  ( 0.000000000000000000, 0.000000000000000000, -1.000000000000000000 ) ) ;
#2159 = AXIS2_PLACEMENT_3D ( 'NONE', #105, #520, #2560 ) ;
#2160 = DIRECTION ( 'NONE',  ( 0.000000000000000000, 0.000000000000000000, 1.000000000000000000 ) ) ;
#2161 = EDGE_CURVE ( 'NONE', #2633, #155, #2483, .T. ) ;
#2162 = PLANE ( 'NONE',  #53 ) ;
#2163 = VERTEX_POINT ( 'NONE', #1068 ) ;
#2164 = ORIENTED_EDGE ( 'NONE', *, *, #1982, .T. ) ;
#2165 = ADVANCED_FACE ( 'NONE', ( #1503 ), #456, .T. ) ;
#2166 = ORIENTED_EDGE ( 'NONE', *, *, #2355, .F. ) ;
#2167 = LINE ( 'NONE', #1526, #999 ) ;
#2168 = LINE ( 'NONE', #333, #141 ) ;
#2169 = ORIENTED_EDGE ( 'NONE', *, *, #1467, .F. ) ;
#2170 = ORIENTED_EDGE ( 'NONE', *, *, #851, .F. ) ;
#2171 = CARTESIAN_POINT ( 'NONE',  ( 1.699999999999999956, -0.9399999999999999467, 2.899999999999999911 ) ) ;
#2172 = CARTESIAN_POINT ( 'NONE',  ( -0.3200000000000000067, 0.000000000000000000, 0.000000000000000000 ) ) ;
#2173 = ORIENTED_EDGE ( 'NONE', *, *, #2476, .F. ) ;
#2174 = ADVANCED_FACE ( 'NONE', ( #1885 ), #1273, .T. ) ;
#2175 = DIRECTION ( 'NONE',  ( 0.000000000000000000, -1.000000000000000000, 0.000000000000000000 ) ) ;
#2176 = ORIENTED_EDGE ( 'NONE', *, *, #822, .T. ) ;
#2177 = ORIENTED_EDGE ( 'NONE', *, *, #2535, .F. ) ;
#2178 = DIRECTION ( 'NONE',  ( 0.000000000000000000, 0.000000000000000000, -1.000000000000000000 ) ) ;
#2179 = LINE ( 'NONE', #1581, #1265 ) ;
#2180 = ORIENTED_EDGE ( 'NONE', *, *, #2323, .T. ) ;
#2181 = ADVANCED_FACE ( 'NONE', ( #79 ), #1899, .T. ) ;
#2182 = CARTESIAN_POINT ( 'NONE',  ( -2.540000000000000036, 4.400000000000000355, -1.369999999999999885 ) ) ;
#2183 = DIRECTION ( 'NONE',  ( -1.000000000000000000, 0.000000000000000000, 0.000000000000000000 ) ) ;
#2184 = CARTESIAN_POINT ( 'NONE',  ( -2.220000000000000195, -4.639999999999999680, 0.2999999999999999889 ) ) ;
#2185 = ORIENTED_EDGE ( 'NONE', *, *, #623, .T. ) ;
#2186 = CARTESIAN_POINT ( 'NONE',  ( 0.3200000000000000067, -4.639999999999999680, -0.3400000000000000244 ) ) ;
#2187 = ORIENTED_EDGE ( 'NONE', *, *, #1165, .F. ) ;
#2188 = EDGE_LOOP ( 'NONE', ( #994, #1761, #1275, #1726 ) ) ;
#2189 = CARTESIAN_POINT ( 'NONE',  ( -2.540000000000000036, 3.870000000000000107, -1.899999999999999911 ) ) ;
#2190 = FACE_OUTER_BOUND ( 'NONE', #2118, .T. ) ;
#2191 = VERTEX_POINT ( 'NONE', #1929 ) ;
#2192 = ADVANCED_FACE ( 'NONE', ( #1107, #26 ), #2277, .F. ) ;
#2193 = VECTOR ( 'NONE', #1199, 1000.000000000000000 ) ;
#2194 = DIRECTION ( 'NONE',  ( 0.000000000000000000, -1.000000000000000000, 0.000000000000000000 ) ) ;
#2195 = DIRECTION ( 'NONE',  ( -1.000000000000000000, 0.000000000000000000, 0.000000000000000000 ) ) ;
#2196 = EDGE_CURVE ( 'NONE', #1763, #267, #1078, .T. ) ;
#2197 = AXIS2_PLACEMENT_3D ( 'NONE', #496, #1316, #2129 ) ;
#2198 = VECTOR ( 'NONE', #2344, 1000.000000000000000 ) ;
#2199 = CARTESIAN_POINT ( 'NONE',  ( 2.267022324300000058, 10.12000000000000099, -2.899999999999999911 ) ) ;
#2200 = VECTOR ( 'NONE', #2035, 1000.000000000000000 ) ;
#2201 = FACE_OUTER_BOUND ( 'NONE', #510, .T. ) ;
#2202 = VERTEX_POINT ( 'NONE', #1491 ) ;
#2203 = VECTOR ( 'NONE', #1159, 1000.000000000000000 ) ;
#2204 = CARTESIAN_POINT ( 'NONE',  ( -2.860000000000000320, 8.580000000000000071, -0.3400000000000000244 ) ) ;
#2205 = VERTEX_POINT ( 'NONE', #1455 ) ;
#2206 = CARTESIAN_POINT ( 'NONE',  ( 2.759999999999999787, -4.890000000000000568, -0.02000000000000999936 ) ) ;
#2207 = LINE ( 'NONE', #775, #1825 ) ;
#2208 = ORIENTED_EDGE ( 'NONE', *, *, #934, .T. ) ;
#2209 = EDGE_CURVE ( 'NONE', #119, #678, #1662, .T. ) ;
#2210 = CARTESIAN_POINT ( 'NONE',  ( 2.540000000000000036, 1.580000000000000071, -2.899999999999999911 ) ) ;
#2211 = CARTESIAN_POINT ( 'NONE',  ( -2.419999999999999929, 9.080000000000000071, -0.1399999999999999856 ) ) ;
#2212 = DIRECTION ( 'NONE',  ( 0.3420201433256990775, -0.9396926207858972147, 0.000000000000000000 ) ) ;
#2213 = LINE ( 'NONE', #1231, #1432 ) ;
#2214 = VERTEX_POINT ( 'NONE', #1294 ) ;
#2215 = LINE ( 'NONE', #2402, #1779 ) ;
#2216 = ORIENTED_EDGE ( 'NONE', *, *, #225, .T. ) ;
#2217 = CARTESIAN_POINT ( 'NONE',  ( -2.860000000000000320, -0.9399999999999999467, -0.3400000000000000244 ) ) ;
#2218 = CARTESIAN_POINT ( 'NONE',  ( 2.419999999999999929, 9.080000000000000071, 0.09999999999998999967 ) ) ;
#2219 = ORIENTED_EDGE ( 'NONE', *, *, #1234, .F. ) ;
#2220 = CARTESIAN_POINT ( 'NONE',  ( 0.3200000000000000067, 0.000000000000000000, 0.000000000000000000 ) ) ;
#2221 = LINE ( 'NONE', #2013, #1341 ) ;
#2222 = LINE ( 'NONE', #2440, #1860 ) ;
#2223 = DIRECTION ( 'NONE',  ( -0.9284766908852662981, -0.3713906763540865685, 0.000000000000000000 ) ) ;
#2224 = VERTEX_POINT ( 'NONE', #2316 ) ;
#2225 = EDGE_CURVE ( 'NONE', #1146, #2633, #67, .T. ) ;
#2226 = DIRECTION ( 'NONE',  ( 1.000000000000000000, 0.000000000000000000, 0.000000000000000000 ) ) ;
#2227 = PLANE ( 'NONE',  #1471 ) ;
#2228 = PLANE ( 'NONE',  #1559 ) ;
#2229 = FILL_AREA_STYLE ('',( #2474 ) ) ;
#2230 = VERTEX_POINT ( 'NONE', #862 ) ;
#2231 = DIRECTION ( 'NONE',  ( 0.000000000000000000, 0.000000000000000000, -1.000000000000000000 ) ) ;
#2232 = FACE_OUTER_BOUND ( 'NONE', #730, .T. ) ;
#2233 = AXIS2_PLACEMENT_3D ( 'NONE', #680, #1140, #1497 ) ;
#2234 = DIRECTION ( 'NONE',  ( 0.000000000000000000, 0.000000000000000000, -1.000000000000000000 ) ) ;
#2235 = VECTOR ( 'NONE', #2371, 1000.000000000000000 ) ;
#2236 = LINE ( 'NONE', #406, #2629 ) ;
#2237 = ORIENTED_EDGE ( 'NONE', *, *, #1573, .F. ) ;
#2238 = VECTOR ( 'NONE', #1189, 1000.000000000000000 ) ;
#2239 = ADVANCED_FACE ( 'NONE', ( #2103 ), #664, .F. ) ;
#2240 = CARTESIAN_POINT ( 'NONE',  ( 0.9650000000000000799, 1.580000000000000071, -0.7699999999999999067 ) ) ;
#2241 = AXIS2_PLACEMENT_3D ( 'NONE', #2072, #1493, #289 ) ;
#2242 = EDGE_CURVE ( 'NONE', #125, #2191, #1283, .T. ) ;
#2243 = CARTESIAN_POINT ( 'NONE',  ( 2.860000000000000320, -4.639999999999999680, -0.3400000000000000244 ) ) ;
#2244 = SURFACE_STYLE_FILL_AREA ( #2229 ) ;
#2245 = ORIENTED_EDGE ( 'NONE', *, *, #1272, .F. ) ;
#2246 = CARTESIAN_POINT ( 'NONE',  ( -1.574999999999999956, 1.580000000000000071, -0.7699999999999999067 ) ) ;
#2247 = CARTESIAN_POINT ( 'NONE',  ( 2.220000000000000195, 9.080000000000000071, -0.3400000000000000244 ) ) ;
#2248 = ADVANCED_FACE ( 'NONE', ( #1963 ), #1330, .T. ) ;
#2249 = CARTESIAN_POINT ( 'NONE',  ( -3.810000000000000053, -1.580000000000000071, -2.899999999999999911 ) ) ;
#2250 = CARTESIAN_POINT ( 'NONE',  ( -2.540000000000000036, 6.317986928012000014, -1.899999999999999911 ) ) ;
#2251 = PLANE ( 'NONE',  #232 ) ;
#2252 = ORIENTED_EDGE ( 'NONE', *, *, #676, .F. ) ;
#2253 = CARTESIAN_POINT ( 'NONE',  ( 2.220000000000000195, -5.139999999999999680, 0.2999999999999999889 ) ) ;
#2254 = EDGE_CURVE ( 'NONE', #2224, #2214, #913, .T. ) ;
#2255 = DIRECTION ( 'NONE',  ( 0.000000000000000000, 1.000000000000000000, 0.000000000000000000 ) ) ;
#2256 = FACE_OUTER_BOUND ( 'NONE', #2518, .T. ) ;
#2257 = VERTEX_POINT ( 'NONE', #698 ) ;
#2258 = EDGE_CURVE ( 'NONE', #682, #260, #2357, .T. ) ;
#2259 = DIRECTION ( 'NONE',  ( 0.000000000000000000, 1.000000000000000000, 0.000000000000000000 ) ) ;
#2260 = DIRECTION ( 'NONE',  ( 1.000000000000000000, 0.000000000000000000, 0.000000000000000000 ) ) ;
#2261 = ORIENTED_EDGE ( 'NONE', *, *, #646, .F. ) ;
#2262 = CARTESIAN_POINT ( 'NONE',  ( 2.860000000000000320, -4.639999999999999680, -0.3400000000000000244 ) ) ;
#2263 = DIRECTION ( 'NONE',  ( 0.000000000000000000, -1.000000000000000000, 0.000000000000000000 ) ) ;
#2264 = VERTEX_POINT ( 'NONE', #1991 ) ;
#2265 = CARTESIAN_POINT ( 'NONE',  ( 2.860000000000000320, -4.639999999999999680, 0.2999999999999999889 ) ) ;
#2266 = SURFACE_STYLE_USAGE ( .BOTH. , #1850 ) ;
#2267 = EDGE_LOOP ( 'NONE', ( #2575, #1595, #1941, #942 ) ) ;
#2268 = DIRECTION ( 'NONE',  ( -0.9284766908852662981, 0.3713906763540865685, 0.000000000000000000 ) ) ;
#2269 = CARTESIAN_POINT ( 'NONE',  ( 2.860000000000000320, -4.639999999999999680, 0.2999999999999999889 ) ) ;
#2270 = ADVANCED_FACE ( 'NONE', ( #1776, #1545 ), #2162, .T. ) ;
#2271 = VERTEX_POINT ( 'NONE', #91 ) ;
#2272 = LINE ( 'NONE', #671, #1606 ) ;
#2273 = ADVANCED_FACE ( 'NONE', ( #1532 ), #1519, .T. ) ;
#2274 = CARTESIAN_POINT ( 'NONE',  ( -2.220000000000000195, 0.000000000000000000, 0.000000000000000000 ) ) ;
#2275 = ORIENTED_EDGE ( 'NONE', *, *, #1769, .F. ) ;
#2276 = VECTOR ( 'NONE', #1277, 1000.000000000000000 ) ;
#2277 = PLANE ( 'NONE',  #1821 ) ;
#2278 = AXIS2_PLACEMENT_3D ( 'NONE', #118, #1346, #726 ) ;
#2279 = VECTOR ( 'NONE', #144, 1000.000000000000000 ) ;
#2280 = AXIS2_PLACEMENT_3D ( 'NONE', #2459, #1682, #1258 ) ;
#2281 = VECTOR ( 'NONE', #2383, 999.9999999999998863 ) ;
#2282 = DIRECTION ( 'NONE',  ( 1.000000000000000000, 0.000000000000000000, 0.000000000000000000 ) ) ;
#2283 = VERTEX_POINT ( 'NONE', #901 ) ;
#2284 = ORIENTED_EDGE ( 'NONE', *, *, #382, .F. ) ;
#2285 = VECTOR ( 'NONE', #2175, 1000.000000000000000 ) ;
#2286 = DIRECTION ( 'NONE',  ( 0.000000000000000000, 0.000000000000000000, 1.000000000000000000 ) ) ;
#2287 = PLANE ( 'NONE',  #358 ) ;
#2288 = ADVANCED_FACE ( 'NONE', ( #2548, #1145 ), #1760, .T. ) ;
#2289 = ORIENTED_EDGE ( 'NONE', *, *, #2523, .T. ) ;
#2290 = CARTESIAN_POINT ( 'NONE',  ( -2.860000000000000320, 9.080000000000000071, 0.2999999999999999889 ) ) ;
#2291 = ORIENTED_EDGE ( 'NONE', *, *, #1476, .F. ) ;
#2292 = CARTESIAN_POINT ( 'NONE',  ( -1.699999999999999956, -1.580000000000000071, 2.899999999999999911 ) ) ;
#2293 = EDGE_CURVE ( 'NONE', #2494, #1053, #2574, .T. ) ;
#2294 = PLANE ( 'NONE',  #274 ) ;
#2295 = EDGE_LOOP ( 'NONE', ( #1256, #1590, #784, #1312 ) ) ;
#2296 = EDGE_LOOP ( 'NONE', ( #1352, #1756, #1659, #1522 ) ) ;
#2297 = LINE ( 'NONE', #460, #785 ) ;
#2298 = LINE ( 'NONE', #817, #2582 ) ;
#2299 = ORIENTED_EDGE ( 'NONE', *, *, #162, .F. ) ;
#2300 = DIRECTION ( 'NONE',  ( 1.000000000000000000, 0.000000000000000000, 0.000000000000000000 ) ) ;
#2301 = ORIENTED_EDGE ( 'NONE', *, *, #572, .T. ) ;
#2302 = ORIENTED_EDGE ( 'NONE', *, *, #1467, .T. ) ;
#2303 = CARTESIAN_POINT ( 'NONE',  ( 0.3200000000000000067, -4.639999999999999680, -0.3400000000000000244 ) ) ;
#2304 = CARTESIAN_POINT ( 'NONE',  ( -1.574999999999999956, 1.580000000000000071, 0.7299999999999999822 ) ) ;
#2305 = EDGE_CURVE ( 'NONE', #48, #1618, #538, .T. ) ;
#2306 = CARTESIAN_POINT ( 'NONE',  ( 1.574999999999999956, 1.580000000000000071, 0.7299999999999999822 ) ) ;
#2307 = ORIENTED_EDGE ( 'NONE', *, *, #1198, .T. ) ;
#2308 = EDGE_CURVE ( 'NONE', #2088, #260, #712, .T. ) ;
#2309 = EDGE_LOOP ( 'NONE', ( #2583, #1913, #1015, #1405 ) ) ;
#2310 = DIRECTION ( 'NONE',  ( 1.000000000000000000, 0.000000000000000000, 0.000000000000000000 ) ) ;
#2311 = LINE ( 'NONE', #2138, #401 ) ;
#2312 = ORIENTED_EDGE ( 'NONE', *, *, #2377, .F. ) ;
#2313 = DIRECTION ( 'NONE',  ( -1.000000000000000000, 0.000000000000000000, 0.000000000000000000 ) ) ;
#2314 = DIRECTION ( 'NONE',  ( 0.000000000000000000, 1.000000000000000000, 0.000000000000000000 ) ) ;
#2315 = AXIS2_PLACEMENT_3D ( 'NONE', #2139, #1126, #2370 ) ;
#2316 = CARTESIAN_POINT ( 'NONE',  ( -0.9650000000000000799, -1.580000000000000071, 0.7299999999999999822 ) ) ;
#2317 = VECTOR ( 'NONE', #2234, 1000.000000000000000 ) ;
#2318 = ADVANCED_FACE ( 'NONE', ( #2375 ), #1359, .F. ) ;
#2319 = DIRECTION ( 'NONE',  ( 0.000000000000000000, 0.000000000000000000, -1.000000000000000000 ) ) ;
#2320 = ORIENTED_EDGE ( 'NONE', *, *, #773, .T. ) ;
#2321 = ORIENTED_EDGE ( 'NONE', *, *, #1117, .F. ) ;
#2322 = VECTOR ( 'NONE', #1327, 1000.000000000000000 ) ;
#2323 = EDGE_CURVE ( 'NONE', #1276, #48, #1975, .T. ) ;
#2324 = APPLICATION_PROTOCOL_DEFINITION ( 'draft international standard', 'automotive_design', 1998, #620 ) ;
#2325 = PLANE ( 'NONE',  #2153 ) ;
#2326 = CARTESIAN_POINT ( 'NONE',  ( 0.3200000000000000067, -4.639999999999999680, -0.3400000000000000244 ) ) ;
#2327 = VECTOR ( 'NONE', #2010, 1000.000000000000000 ) ;
#2328 = CARTESIAN_POINT ( 'NONE',  ( 0.8400000000000000799, -1.580000000000000071, 2.899999999999999911 ) ) ;
#2329 = DIRECTION ( 'NONE',  ( 1.000000000000000000, 0.000000000000000000, 0.000000000000000000 ) ) ;
#2330 = EDGE_CURVE ( 'NONE', #1305, #1053, #1574, .T. ) ;
#2331 = FACE_OUTER_BOUND ( 'NONE', #741, .T. ) ;
#2332 = DIRECTION ( 'NONE',  ( 0.000000000000000000, 0.000000000000000000, 1.000000000000000000 ) ) ;
#2333 = FACE_OUTER_BOUND ( 'NONE', #1122, .T. ) ;
#2334 = ORIENTED_EDGE ( 'NONE', *, *, #1663, .T. ) ;
#2335 = ORIENTED_EDGE ( 'NONE', *, *, #2161, .F. ) ;
#2336 = EDGE_CURVE ( 'NONE', #593, #1763, #1722, .T. ) ;
#2337 = LINE ( 'NONE', #71, #1818 ) ;
#2338 = CARTESIAN_POINT ( 'NONE',  ( -2.220000000000000195, -4.639999999999999680, -0.3400000000000000244 ) ) ;
#2339 = EDGE_CURVE ( 'NONE', #462, #727, #925, .T. ) ;
#2340 = LINE ( 'NONE', #517, #782 ) ;
#2341 = DIRECTION ( 'NONE',  ( 0.000000000000000000, 0.000000000000000000, 1.000000000000000000 ) ) ;
#2342 = EDGE_CURVE ( 'NONE', #1175, #1305, #2133, .T. ) ;
#2343 = CARTESIAN_POINT ( 'NONE',  ( 2.860000000000000320, 0.000000000000000000, 0.000000000000000000 ) ) ;
#2344 = DIRECTION ( 'NONE',  ( 0.000000000000000000, 0.000000000000000000, -1.000000000000000000 ) ) ;
#2345 = ORIENTED_EDGE ( 'NONE', *, *, #342, .T. ) ;
#2346 = DIRECTION ( 'NONE',  ( -1.000000000000000000, 0.000000000000000000, 0.000000000000000000 ) ) ;
#2347 = VERTEX_POINT ( 'NONE', #1119 ) ;
#2348 = ORIENTED_EDGE ( 'NONE', *, *, #489, .T. ) ;
#2349 = CARTESIAN_POINT ( 'NONE',  ( -0.8400000000000000799, -1.580000000000000071, -2.899999999999999911 ) ) ;
#2350 = LINE ( 'NONE', #719, #616 ) ;
#2351 = ORIENTED_EDGE ( 'NONE', *, *, #414, .T. ) ;
#2352 = EDGE_CURVE ( 'NONE', #2347, #1979, #1939, .T. ) ;
#2353 = CARTESIAN_POINT ( 'NONE',  ( 2.220000000000000195, 1.580000000000000071, 0.2999999999999999889 ) ) ;
#2354 = CARTESIAN_POINT ( 'NONE',  ( 2.860000000000000320, -0.9399999999999999467, 0.2999999999999999889 ) ) ;
#2355 = EDGE_CURVE ( 'NONE', #810, #1305, #1213, .T. ) ;
#2356 = DIRECTION ( 'NONE',  ( 1.000000000000000000, 0.000000000000000000, 0.000000000000000000 ) ) ;
#2357 = LINE ( 'NONE', #350, #1861 ) ;
#2358 = ORIENTED_EDGE ( 'NONE', *, *, #551, .F. ) ;
#2359 = VECTOR ( 'NONE', #1409, 1000.000000000000000 ) ;
#2360 = SURFACE_SIDE_STYLE ('',( #2592 ) ) ;
#2361 = EDGE_LOOP ( 'NONE', ( #768, #1764, #1356, #1297 ) ) ;
#2362 = EDGE_LOOP ( 'NONE', ( #433, #1571, #550, #1121 ) ) ;
#2363 = VECTOR ( 'NONE', #1206, 1000.000000000000000 ) ;
#2364 = CARTESIAN_POINT ( 'NONE',  ( 1.699999999999999956, -1.580000000000000071, -2.899999999999999911 ) ) ;
#2365 = DIRECTION ( 'NONE',  ( 0.000000000000000000, -1.000000000000000000, 0.000000000000000000 ) ) ;
#2366 = VECTOR ( 'NONE', #461, 1000.000000000000000 ) ;
#2367 = VERTEX_POINT ( 'NONE', #1834 ) ;
#2368 = VECTOR ( 'NONE', #1671, 1000.000000000000000 ) ;
#2369 = VECTOR ( 'NONE', #900, 1000.000000000000000 ) ;
#2370 = DIRECTION ( 'NONE',  ( 1.000000000000000000, 0.000000000000000000, 0.000000000000000000 ) ) ;
#2371 = DIRECTION ( 'NONE',  ( -1.000000000000000000, 0.000000000000000000, 0.000000000000000000 ) ) ;
#2372 = VECTOR ( 'NONE', #1481, 1000.000000000000000 ) ;
#2373 = ADVANCED_FACE ( 'NONE', ( #1413 ), #2028, .T. ) ;
#2374 = VECTOR ( 'NONE', #1019, 1000.000000000000000 ) ;
#2375 = FACE_OUTER_BOUND ( 'NONE', #1794, .T. ) ;
#2376 = ORIENTED_EDGE ( 'NONE', *, *, #1056, .T. ) ;
#2377 = EDGE_CURVE ( 'NONE', #670, #703, #780, .T. ) ;
#2378 = DIRECTION ( 'NONE',  ( 0.000000000000000000, -1.000000000000000000, 0.000000000000000000 ) ) ;
#2379 = ORIENTED_EDGE ( 'NONE', *, *, #937, .T. ) ;
#2380 = ORIENTED_EDGE ( 'NONE', *, *, #1108, .F. ) ;
#2381 = ADVANCED_FACE ( 'NONE', ( #1026 ), #2251, .T. ) ;
#2382 = PLANE ( 'NONE',  #2495 ) ;
#2383 = DIRECTION ( 'NONE',  ( -0.3481553119113956485, -0.8703882797784894265, 0.3481553119113956485 ) ) ;
#2384 = ORIENTED_EDGE ( 'NONE', *, *, #734, .F. ) ;
#2385 = ORIENTED_EDGE ( 'NONE', *, *, #1430, .T. ) ;
#2386 = CARTESIAN_POINT ( 'NONE',  ( 2.220000000000000195, -0.9399999999999999467, 0.2999999999999999889 ) ) ;
#2387 = DIRECTION ( 'NONE',  ( 0.3481553119113956485, 0.8703882797784894265, 0.3481553119113956485 ) ) ;
#2388 = VERTEX_POINT ( 'NONE', #809 ) ;
#2389 = EDGE_CURVE ( 'NONE', #691, #703, #1617, .T. ) ;
#2390 =( LENGTH_UNIT ( ) NAMED_UNIT ( * ) SI_UNIT ( .MILLI., .METRE. ) );
#2391 = EDGE_LOOP ( 'NONE', ( #1552, #220, #2570, #420, #1195, #1753, #744, #704, #447 ) ) ;
#2392 = ORIENTED_EDGE ( 'NONE', *, *, #80, .F. ) ;
#2393 = ADVANCED_FACE ( 'NONE', ( #2201 ), #190, .T. ) ;
#2394 = CARTESIAN_POINT ( 'NONE',  ( -0.3200000000000000067, 8.580000000000000071, 0.2999999999999999889 ) ) ;
#2395 = LINE ( 'NONE', #1809, #873 ) ;
#2396 = ORIENTED_EDGE ( 'NONE', *, *, #1217, .T. ) ;
#2397 = PLANE ( 'NONE',  #1898 ) ;
#2398 = PLANE ( 'NONE',  #1512 ) ;
#2399 = CARTESIAN_POINT ( 'NONE',  ( -0.9650000000000000799, 1.580000000000000071, -0.7699999999999999067 ) ) ;
#2400 = CARTESIAN_POINT ( 'NONE',  ( -3.380000000000000338, -1.580000000000000071, -2.899999999999999911 ) ) ;
#2401 = ORIENTED_EDGE ( 'NONE', *, *, #2339, .T. ) ;
#2402 = CARTESIAN_POINT ( 'NONE',  ( -2.419999999999999929, 9.080000000000000071, -0.1399999999999999856 ) ) ;
#2403 = ORIENTED_EDGE ( 'NONE', *, *, #246, .F. ) ;
#2404 = ORIENTED_EDGE ( 'NONE', *, *, #11, .T. ) ;
#2405 = EDGE_CURVE ( 'NONE', #1703, #1305, #820, .T. ) ;
#2406 = LINE ( 'NONE', #373, #2363 ) ;
#2407 = CARTESIAN_POINT ( 'NONE',  ( -2.419999999999999929, -5.139999999999999680, 0.09999999999998999967 ) ) ;
#2408 = ORIENTED_EDGE ( 'NONE', *, *, #2254, .T. ) ;
#2409 = ADVANCED_FACE ( 'NONE', ( #1442 ), #160, .F. ) ;
#2410 = VECTOR ( 'NONE', #544, 999.9999999999998863 ) ;
#2411 = LINE ( 'NONE', #805, #654 ) ;
#2412 = FACE_OUTER_BOUND ( 'NONE', #865, .T. ) ;
#2413 = VECTOR ( 'NONE', #2519, 1000.000000000000000 ) ;
#2414 = VECTOR ( 'NONE', #2387, 999.9999999999998863 ) ;
#2415 = FACE_OUTER_BOUND ( 'NONE', #30, .T. ) ;
#2416 = VECTOR ( 'NONE', #2160, 1000.000000000000000 ) ;
#2417 = LINE ( 'NONE', #380, #272 ) ;
#2418 = ORIENTED_EDGE ( 'NONE', *, *, #2619, .F. ) ;
#2419 = VECTOR ( 'NONE', #2263, 1000.000000000000000 ) ;
#2420 = FACE_OUTER_BOUND ( 'NONE', #2603, .T. ) ;
#2421 = ORIENTED_EDGE ( 'NONE', *, *, #866, .F. ) ;
#2422 = CARTESIAN_POINT ( 'NONE',  ( 2.860000000000000320, -4.639999999999999680, -0.3400000000000000244 ) ) ;
#2423 = CARTESIAN_POINT ( 'NONE',  ( -0.3200000000000000067, 9.080000000000000071, -0.3400000000000000244 ) ) ;
#2424 = CARTESIAN_POINT ( 'NONE',  ( -2.660000000000000142, 9.080000000000000071, 0.09999999999998999967 ) ) ;
#2425 = ORIENTED_EDGE ( 'NONE', *, *, #1101, .F. ) ;
#2426 = CARTESIAN_POINT ( 'NONE',  ( -0.3200000000000000067, 8.580000000000000071, -0.3400000000000000244 ) ) ;
#2427 = CARTESIAN_POINT ( 'NONE',  ( -0.9650000000000000799, 1.580000000000000071, 0.7299999999999999822 ) ) ;
#2428 = PLANE ( 'NONE',  #1260 ) ;
#2429 = CARTESIAN_POINT ( 'NONE',  ( 3.810000000000000053, 0.000000000000000000, 0.000000000000000000 ) ) ;
#2430 = ORIENTED_EDGE ( 'NONE', *, *, #2591, .F. ) ;
#2431 = DIRECTION ( 'NONE',  ( -1.000000000000000000, 0.000000000000000000, 0.000000000000000000 ) ) ;
#2432 = ORIENTED_EDGE ( 'NONE', *, *, #1238, .T. ) ;
#2433 = LINE ( 'NONE', #2422, #2410 ) ;
#2434 = CARTESIAN_POINT ( 'NONE',  ( -2.540000000000000036, 9.369999999999999218, -1.899999999999999911 ) ) ;
#2435 = DIRECTION ( 'NONE',  ( -0.9284766908852662981, -0.3713906763540865685, 0.000000000000000000 ) ) ;
#2436 = ORIENTED_EDGE ( 'NONE', *, *, #2006, .T. ) ;
#2437 = DIRECTION ( 'NONE',  ( 0.000000000000000000, 1.000000000000000000, 0.000000000000000000 ) ) ;
#2438 = CARTESIAN_POINT ( 'NONE',  ( 2.540000000000000036, 1.580000000000000071, -2.899999999999999911 ) ) ;
#2439 = EDGE_CURVE ( 'NONE', #48, #1979, #1802, .T. ) ;
#2440 = CARTESIAN_POINT ( 'NONE',  ( 3.810000000000000053, 1.580000000000000071, -2.899999999999999911 ) ) ;
#2441 = DIRECTION ( 'NONE',  ( -1.000000000000000000, 0.000000000000000000, 0.000000000000000000 ) ) ;
#2442 = ORIENTED_EDGE ( 'NONE', *, *, #1476, .T. ) ;
#2443 = EDGE_CURVE ( 'NONE', #2094, #1893, #603, .T. ) ;
#2444 = CARTESIAN_POINT ( 'NONE',  ( -0.3200000000000000067, -4.639999999999999680, -0.3400000000000000244 ) ) ;
#2445 = DIRECTION ( 'NONE',  ( -0.3481553119113956485, -0.8703882797784894265, 0.3481553119113956485 ) ) ;
#2446 = CARTESIAN_POINT ( 'NONE',  ( -3.810000000000000053, 1.580000000000000071, -2.899999999999999911 ) ) ;
#2447 = EDGE_LOOP ( 'NONE', ( #182, #2144, #2610, #1742 ) ) ;
#2448 = DIRECTION ( 'NONE',  ( 0.000000000000000000, 0.000000000000000000, -1.000000000000000000 ) ) ;
#2449 = DIRECTION ( 'NONE',  ( -0.3420201433256991330, 0.9396926207858973257, 0.000000000000000000 ) ) ;
#2450 = AXIS2_PLACEMENT_3D ( 'NONE', #1728, #894, #1715 ) ;
#2451 = LINE ( 'NONE', #602, #2104 ) ;
#2452 = DIRECTION ( 'NONE',  ( -1.000000000000000000, 0.000000000000000000, 0.000000000000000000 ) ) ;
#2453 = VECTOR ( 'NONE', #282, 1000.000000000000000 ) ;
#2454 = EDGE_CURVE ( 'NONE', #1763, #2088, #2236, .T. ) ;
#2455 = LINE ( 'NONE', #621, #2419 ) ;
#2456 = EDGE_LOOP ( 'NONE', ( #527, #2538, #2430, #2376 ) ) ;
#2457 = VECTOR ( 'NONE', #300, 1000.000000000000000 ) ;
#2458 = AXIS2_PLACEMENT_3D ( 'NONE', #2446, #2120, #1106 ) ;
#2459 = CARTESIAN_POINT ( 'NONE',  ( -2.860000000000000320, -5.139999999999999680, -0.3400000000000000244 ) ) ;
#2460 = VECTOR ( 'NONE', #1521, 1000.000000000000000 ) ;
#2461 = PRESENTATION_LAYER_ASSIGNMENT (  '', '', ( #1910 ) ) ;
#2462 = PLANE ( 'NONE',  #1648 ) ;
#2463 = ORIENTED_EDGE ( 'NONE', *, *, #2473, .F. ) ;
#2464 = AXIS2_PLACEMENT_3D ( 'NONE', #491, #882, #280 ) ;
#2465 = PLANE ( 'NONE',  #656 ) ;
#2466 = CARTESIAN_POINT ( 'NONE',  ( -2.860000000000000320, -4.639999999999999680, -0.3400000000000000244 ) ) ;
#2467 = EDGE_LOOP ( 'NONE', ( #2605, #1088, #1451, #1320 ) ) ;
#2468 = CARTESIAN_POINT ( 'NONE',  ( -2.660000000000000142, -5.139999999999999680, -0.1399999999999999856 ) ) ;
#2469 = CARTESIAN_POINT ( 'NONE',  ( 2.540000000000000036, -4.890000000000000568, -0.2400000000000000189 ) ) ;
#2470 = ORIENTED_EDGE ( 'NONE', *, *, #2132, .T. ) ;
#2471 = ORIENTED_EDGE ( 'NONE', *, *, #2616, .F. ) ;
#2472 = DIRECTION ( 'NONE',  ( 0.000000000000000000, 1.000000000000000000, 0.000000000000000000 ) ) ;
#2473 = EDGE_CURVE ( 'NONE', #2264, #2202, #2213, .T. ) ;
#2474 = FILL_AREA_STYLE_COLOUR ( '', #1567 ) ;
#2475 = ORIENTED_EDGE ( 'NONE', *, *, #1436, .F. ) ;
#2476 = EDGE_CURVE ( 'NONE', #260, #267, #2417, .T. ) ;
#2477 = CARTESIAN_POINT ( 'NONE',  ( -1.699999999999999956, -0.9399999999999999467, 2.899999999999999911 ) ) ;
#2478 = CARTESIAN_POINT ( 'NONE',  ( -2.540000000000000036, 9.369999999999999218, -2.899999999999999911 ) ) ;
#2479 = EDGE_LOOP ( 'NONE', ( #2514, #571, #800, #604 ) ) ;
#2480 = DIRECTION ( 'NONE',  ( 1.000000000000000000, 0.000000000000000000, 0.000000000000000000 ) ) ;
#2481 = CARTESIAN_POINT ( 'NONE',  ( 0.3200000000000000067, 8.580000000000000071, -0.3400000000000000244 ) ) ;
#2482 = ORIENTED_EDGE ( 'NONE', *, *, #1769, .T. ) ;
#2483 = LINE ( 'NONE', #647, #482 ) ;
#2484 = FACE_OUTER_BOUND ( 'NONE', #1903, .T. ) ;
#2485 = ORIENTED_EDGE ( 'NONE', *, *, #2048, .F. ) ;
#2486 = VERTEX_POINT ( 'NONE', #1846 ) ;
#2487 = ADVANCED_FACE ( 'NONE', ( #1600 ), #1402, .T. ) ;
#2488 = DIRECTION ( 'NONE',  ( 0.000000000000000000, -0.9284766908852661871, 0.3713906763540865130 ) ) ;
#2489 = DIRECTION ( 'NONE',  ( 0.000000000000000000, 0.3713906763540865685, -0.9284766908852662981 ) ) ;
#2490 = EDGE_CURVE ( 'NONE', #2486, #810, #1790, .T. ) ;
#2491 = ORIENTED_EDGE ( 'NONE', *, *, #822, .F. ) ;
#2492 = CARTESIAN_POINT ( 'NONE',  ( -2.540000000000000036, 9.369999999999999218, -2.899999999999999911 ) ) ;
#2493 = CARTESIAN_POINT ( 'NONE',  ( 2.860000000000000320, 1.580000000000000071, -0.3400000000000000244 ) ) ;
#2494 = VERTEX_POINT ( 'NONE', #2016 ) ;
#2495 = AXIS2_PLACEMENT_3D ( 'NONE', #1997, #1017, #1621 ) ;
#2496 = VECTOR ( 'NONE', #1921, 1000.000000000000000 ) ;
#2497 = CARTESIAN_POINT ( 'NONE',  ( -0.1200000000000000094, -5.139999999999999680, -0.1399999999999999856 ) ) ;
#2498 = AXIS2_PLACEMENT_3D ( 'NONE', #2172, #498, #337 ) ;
#2499 = VECTOR ( 'NONE', #536, 1000.000000000000114 ) ;
#2500 = VECTOR ( 'NONE', #2452, 1000.000000000000000 ) ;
#2501 = DIRECTION ( 'NONE',  ( 0.000000000000000000, -1.000000000000000000, 0.000000000000000000 ) ) ;
#2502 = VERTEX_POINT ( 'NONE', #173 ) ;
#2503 = VERTEX_POINT ( 'NONE', #993 ) ;
#2504 = CARTESIAN_POINT ( 'NONE',  ( 0.1200000000000000094, -5.139999999999999680, 0.09999999999998999967 ) ) ;
#2505 = DIRECTION ( 'NONE',  ( -1.000000000000000000, 0.000000000000000000, 0.000000000000000000 ) ) ;
#2506 = EDGE_CURVE ( 'NONE', #810, #9, #2455, .T. ) ;
#2507 = VERTEX_POINT ( 'NONE', #441 ) ;
#2508 = LINE ( 'NONE', #859, #529 ) ;
#2509 = ORIENTED_EDGE ( 'NONE', *, *, #346, .F. ) ;
#2510 = DIRECTION ( 'NONE',  ( -0.3481553119113956485, 0.8703882797784894265, -0.3481553119113956485 ) ) ;
#2511 = CARTESIAN_POINT ( 'NONE',  ( 2.220000000000000195, 9.080000000000000071, 0.2999999999999999889 ) ) ;
#2512 = CARTESIAN_POINT ( 'NONE',  ( -0.3200000000000000067, 8.580000000000000071, 0.2999999999999999889 ) ) ;
#2513 = ORIENTED_EDGE ( 'NONE', *, *, #250, .F. ) ;
#2514 = ORIENTED_EDGE ( 'NONE', *, *, #519, .T. ) ;
#2515 = PRODUCT_CONTEXT ( 'NONE', #1188, 'mechanical' ) ;
#2516 = PLANE ( 'NONE',  #1900 ) ;
#2517 = CARTESIAN_POINT ( 'NONE',  ( -0.3200000000000000067, -0.9399999999999999467, -0.3400000000000000244 ) ) ;
#2518 = EDGE_LOOP ( 'NONE', ( #804, #1864, #771, #1105 ) ) ;
#2519 = DIRECTION ( 'NONE',  ( 0.000000000000000000, 0.000000000000000000, 1.000000000000000000 ) ) ;
#2520 = ADVANCED_FACE ( 'NONE', ( #1871 ), #1064, .T. ) ;
#2521 = DIRECTION ( 'NONE',  ( 0.000000000000000000, -0.3713906763540865685, 0.9284766908852662981 ) ) ;
#2522 = PLANE ( 'NONE',  #1515 ) ;
#2523 = EDGE_CURVE ( 'NONE', #2271, #973, #1052, .T. ) ;
#2524 = DIRECTION ( 'NONE',  ( 0.000000000000000000, -1.000000000000000000, 0.000000000000000000 ) ) ;
#2525 = EDGE_LOOP ( 'NONE', ( #1931, #1245, #316, #1967 ) ) ;
#2526 = ORIENTED_EDGE ( 'NONE', *, *, #2553, .T. ) ;
#2527 = CARTESIAN_POINT ( 'NONE',  ( -1.699999999999999956, -0.9399999999999999467, 2.899999999999999911 ) ) ;
#2528 = LINE ( 'NONE', #1100, #1646 ) ;
#2529 = FACE_OUTER_BOUND ( 'NONE', #174, .T. ) ;
#2530 = DIRECTION ( 'NONE',  ( 0.000000000000000000, 1.000000000000000000, 0.000000000000000000 ) ) ;
#2531 = LINE ( 'NONE', #1317, #2416 ) ;
#2532 = VECTOR ( 'NONE', #1102, 1000.000000000000000 ) ;
#2533 = CARTESIAN_POINT ( 'NONE',  ( 2.860000000000000320, 1.580000000000000071, 0.2999999999999999889 ) ) ;
#2534 = VECTOR ( 'NONE', #2060, 1000.000000000000000 ) ;
#2535 = EDGE_CURVE ( 'NONE', #1703, #2486, #1255, .T. ) ;
#2536 = CARTESIAN_POINT ( 'NONE',  ( -2.860000000000000320, 0.000000000000000000, 0.000000000000000000 ) ) ;
#2537 = VERTEX_POINT ( 'NONE', #429 ) ;
#2538 = ORIENTED_EDGE ( 'NONE', *, *, #2339, .F. ) ;
#2539 = VECTOR ( 'NONE', #171, 1000.000000000000000 ) ;
#2540 = VECTOR ( 'NONE', #1318, 1000.000000000000000 ) ;
#2541 = VECTOR ( 'NONE', #2053, 999.9999999999998863 ) ;
#2542 = CARTESIAN_POINT ( 'NONE',  ( -2.220000000000000195, -0.9399999999999999467, -0.3400000000000000244 ) ) ;
#2543 = CARTESIAN_POINT ( 'NONE',  ( 2.540000000000000036, 1.580000000000000071, -2.899999999999999911 ) ) ;
#2544 = MECHANICAL_DESIGN_GEOMETRIC_PRESENTATION_REPRESENTATION (  '', ( #1910 ), #1094 ) ;
#2545 = VERTEX_POINT ( 'NONE', #2481 ) ;
#2546 = DIRECTION ( 'NONE',  ( 0.000000000000000000, 1.000000000000000000, 0.000000000000000000 ) ) ;
#2547 = PLANE ( 'NONE',  #1516 ) ;
#2548 = FACE_OUTER_BOUND ( 'NONE', #121, .T. ) ;
#2549 = VERTEX_POINT ( 'NONE', #229 ) ;
#2550 = LINE ( 'NONE', #301, #2203 ) ;
#2551 = ORIENTED_EDGE ( 'NONE', *, *, #542, .T. ) ;
#2552 = VERTEX_POINT ( 'NONE', #1883 ) ;
#2553 = EDGE_CURVE ( 'NONE', #727, #1703, #1037, .T. ) ;
#2554 = DIRECTION ( 'NONE',  ( -1.000000000000000000, 0.000000000000000000, 0.000000000000000000 ) ) ;
#2555 = DIRECTION ( 'NONE',  ( 0.000000000000000000, 1.000000000000000000, 0.000000000000000000 ) ) ;
#2556 = ORIENTED_EDGE ( 'NONE', *, *, #1138, .F. ) ;
#2557 = EDGE_CURVE ( 'NONE', #125, #1601, #848, .T. ) ;
#2558 = DIRECTION ( 'NONE',  ( 1.000000000000000000, 0.000000000000000000, 0.000000000000000000 ) ) ;
#2559 = LINE ( 'NONE', #308, #2413 ) ;
#2560 = DIRECTION ( 'NONE',  ( 1.000000000000000000, 0.000000000000000000, 0.000000000000000000 ) ) ;
#2561 = CARTESIAN_POINT ( 'NONE',  ( -2.860000000000000320, -0.9399999999999999467, 0.2999999999999999889 ) ) ;
#2562 = EDGE_LOOP ( 'NONE', ( #1605, #2320, #1292, #39 ) ) ;
#2563 = PLANE ( 'NONE',  #2634 ) ;
#2564 = VERTEX_POINT ( 'NONE', #1857 ) ;
#2565 = EDGE_LOOP ( 'NONE', ( #1363, #2301, #2421, #715 ) ) ;
#2566 = CARTESIAN_POINT ( 'NONE',  ( 3.380000000000000338, -0.9399999999999999467, 2.899999999999999911 ) ) ;
#2567 = CARTESIAN_POINT ( 'NONE',  ( 3.810000000000000053, -1.580000000000000071, 2.899999999999999911 ) ) ;
#2568 = PRODUCT_RELATED_PRODUCT_CATEGORY ( 'part', '', ( #1211 ) ) ;
#2569 = ORIENTED_EDGE ( 'NONE', *, *, #342, .F. ) ;
#2570 = ORIENTED_EDGE ( 'NONE', *, *, #1150, .T. ) ;
#2571 = LINE ( 'NONE', #736, #2499 ) ;
#2572 = ADVANCED_FACE ( 'NONE', ( #632 ), #860, .T. ) ;
#2573 = EDGE_CURVE ( 'NONE', #2011, #1465, #1269, .T. ) ;
#2574 = LINE ( 'NONE', #740, #2198 ) ;
#2575 = ORIENTED_EDGE ( 'NONE', *, *, #2293, .F. ) ;
#2576 = DIRECTION ( 'NONE',  ( 1.000000000000000000, 0.000000000000000000, 0.000000000000000000 ) ) ;
#2577 = ORIENTED_EDGE ( 'NONE', *, *, #2377, .T. ) ;
#2578 = EDGE_LOOP ( 'NONE', ( #369, #821, #2475, #1373 ) ) ;
#2579 = VECTOR ( 'NONE', #1827, 1000.000000000000000 ) ;
#2580 = DIRECTION ( 'NONE',  ( -1.000000000000000000, 0.000000000000000000, 0.000000000000000000 ) ) ;
#2581 = CARTESIAN_POINT ( 'NONE',  ( 3.380000000000000338, -1.580000000000000071, 2.899999999999999911 ) ) ;
#2582 = VECTOR ( 'NONE', #1676, 1000.000000000000000 ) ;
#2583 = ORIENTED_EDGE ( 'NONE', *, *, #2115, .F. ) ;
#2584 = VECTOR ( 'NONE', #1952, 1000.000000000000000 ) ;
#2585 = ORIENTED_EDGE ( 'NONE', *, *, #225, .F. ) ;
#2586 = DIRECTION ( 'NONE',  ( 0.000000000000000000, 0.000000000000000000, -1.000000000000000000 ) ) ;
#2587 = AXIS2_PLACEMENT_3D ( 'NONE', #1274, #2524, #2319 ) ;
#2588 = EDGE_CURVE ( 'NONE', #622, #2549, #2635, .T. ) ;
#2589 = DIRECTION ( 'NONE',  ( 0.000000000000000000, 0.000000000000000000, -1.000000000000000000 ) ) ;
#2590 = EDGE_LOOP ( 'NONE', ( #1027, #313, #1542, #131 ) ) ;
#2591 = EDGE_CURVE ( 'NONE', #9, #462, #791, .T. ) ;
#2592 = SURFACE_STYLE_FILL_AREA ( #1780 ) ;
#2593 = ORIENTED_EDGE ( 'NONE', *, *, #1104, .F. ) ;
#2594 = ORIENTED_EDGE ( 'NONE', *, *, #1661, .F. ) ;
#2595 = LINE ( 'NONE', #761, #92 ) ;
#2596 = DIRECTION ( 'NONE',  ( 0.000000000000000000, 0.000000000000000000, 1.000000000000000000 ) ) ;
#2597 = EDGE_LOOP ( 'NONE', ( #29, #1820, #21, #1777 ) ) ;
#2598 = CARTESIAN_POINT ( 'NONE',  ( -3.810000000000000053, 1.580000000000000071, 2.899999999999999911 ) ) ;
#2599 = PLANE ( 'NONE',  #1473 ) ;
#2600 = DIRECTION ( 'NONE',  ( 0.000000000000000000, 0.000000000000000000, -1.000000000000000000 ) ) ;
#2601 = EDGE_CURVE ( 'NONE', #1333, #2388, #411, .T. ) ;
#2602 = DIRECTION ( 'NONE',  ( -0.3713906763540865130, 0.9284766908852661871, 0.000000000000000000 ) ) ;
#2603 = EDGE_LOOP ( 'NONE', ( #733, #58, #637, #1738 ) ) ;
#2604 = DIRECTION ( 'NONE',  ( -1.000000000000000000, 0.000000000000000000, 0.000000000000000000 ) ) ;
#2605 = ORIENTED_EDGE ( 'NONE', *, *, #2132, .F. ) ;
#2606 = EDGE_CURVE ( 'NONE', #1360, #375, #219, .T. ) ;
#2607 = EDGE_LOOP ( 'NONE', ( #2302, #2307, #427, #941 ) ) ;
#2608 = DIRECTION ( 'NONE',  ( 0.000000000000000000, 0.000000000000000000, -1.000000000000000000 ) ) ;
#2609 = CARTESIAN_POINT ( 'NONE',  ( -2.319999999999999840, -4.890000000000000568, -0.02000000000000999936 ) ) ;
#2610 = ORIENTED_EDGE ( 'NONE', *, *, #605, .F. ) ;
#2611 = DIRECTION ( 'NONE',  ( 0.000000000000000000, 0.000000000000000000, -1.000000000000000000 ) ) ;
#2612 = FACE_OUTER_BOUND ( 'NONE', #1071, .T. ) ;
#2613 = CARTESIAN_POINT ( 'NONE',  ( -3.810000000000000053, 1.580000000000000071, -2.899999999999999911 ) ) ;
#2614 = CARTESIAN_POINT ( 'NONE',  ( -2.220000000000000195, -4.639999999999999680, 0.2999999999999999889 ) ) ;
#2615 = EDGE_LOOP ( 'NONE', ( #954, #40, #1872, #1611 ) ) ;
#2616 = EDGE_CURVE ( 'NONE', #1248, #970, #1810, .T. ) ;
#2617 = CARTESIAN_POINT ( 'NONE',  ( -0.3200000000000000067, -0.9399999999999999467, -0.3400000000000000244 ) ) ;
#2618 = ORIENTED_EDGE ( 'NONE', *, *, #920, .F. ) ;
#2619 = EDGE_CURVE ( 'NONE', #1803, #1999, #1610, .T. ) ;
#2620 = DIRECTION ( 'NONE',  ( 1.000000000000000000, 0.000000000000000000, 0.000000000000000000 ) ) ;
#2621 = PLANE ( 'NONE',  #1392 ) ;
#2622 = PLANE ( 'NONE',  #16 ) ;
#2623 = ORIENTED_EDGE ( 'NONE', *, *, #2258, .T. ) ;
#2624 = VECTOR ( 'NONE', #896, 1000.000000000000000 ) ;
#2625 = ADVANCED_FACE ( 'NONE', ( #2651 ), #1863, .T. ) ;
#2626 = VECTOR ( 'NONE', #1417, 1000.000000000000000 ) ;
#2627 = LINE ( 'NONE', #966, #1816 ) ;
#2628 = CARTESIAN_POINT ( 'NONE',  ( -2.540000000000000036, 5.400000000000000355, -1.369999999999999885 ) ) ;
#2629 = VECTOR ( 'NONE', #419, 999.9999999999998863 ) ;
#2630 = AXIS2_PLACEMENT_3D ( 'NONE', #2628, #1422, #765 ) ;
#2631 = DIRECTION ( 'NONE',  ( 0.000000000000000000, 1.000000000000000000, 0.000000000000000000 ) ) ;
#2632 = DIRECTION ( 'NONE',  ( 0.000000000000000000, 1.000000000000000000, 0.000000000000000000 ) ) ;
#2633 = VERTEX_POINT ( 'NONE', #196 ) ;
#2634 = AXIS2_PLACEMENT_3D ( 'NONE', #840, #2226, #624 ) ;
#2635 = CIRCLE ( 'NONE', #534, 0.5999999999999998668 ) ;
#2636 = DIRECTION ( 'NONE',  ( 0.000000000000000000, 0.000000000000000000, -1.000000000000000000 ) ) ;
#2637 = ORIENTED_EDGE ( 'NONE', *, *, #175, .T. ) ;
#2638 = CARTESIAN_POINT ( 'NONE',  ( 0.8400000000000000799, -0.9399999999999999467, 2.899999999999999911 ) ) ;
#2639 = DIRECTION ( 'NONE',  ( 0.000000000000000000, -1.000000000000000000, 0.000000000000000000 ) ) ;
#2640 = ORIENTED_EDGE ( 'NONE', *, *, #902, .F. ) ;
#2641 = ADVANCED_FACE ( 'NONE', ( #2256 ), #2622, .T. ) ;
#2642 = DIRECTION ( 'NONE',  ( -1.000000000000000000, 0.000000000000000000, 0.000000000000000000 ) ) ;
#2643 = CARTESIAN_POINT ( 'NONE',  ( -0.1200000000000000094, 9.080000000000000071, 0.09999999999998999967 ) ) ;
#2644 = EDGE_CURVE ( 'NONE', #1192, #2507, #814, .T. ) ;
#2645 = DIRECTION ( 'NONE',  ( 0.000000000000000000, 0.000000000000000000, 1.000000000000000000 ) ) ;
#2646 = DIRECTION ( 'NONE',  ( 1.000000000000000000, 0.000000000000000000, 0.000000000000000000 ) ) ;
#2647 = ORIENTED_EDGE ( 'NONE', *, *, #1968, .F. ) ;
#2648 = PLANE ( 'NONE',  #317 ) ;
#2649 = FACE_OUTER_BOUND ( 'NONE', #318, .T. ) ;
#2650 = CARTESIAN_POINT ( 'NONE',  ( -0.3200000000000000067, 0.000000000000000000, 0.000000000000000000 ) ) ;
#2651 = FACE_OUTER_BOUND ( 'NONE', #633, .T. ) ;
#2652 = ORIENTED_EDGE ( 'NONE', *, *, #2305, .T. ) ;
#2653 = EDGE_CURVE ( 'NONE', #1226, #2367, #585, .T. ) ;
#2654 = DIRECTION ( 'NONE',  ( 0.000000000000000000, 0.000000000000000000, -1.000000000000000000 ) ) ;
#2655 = FACE_OUTER_BOUND ( 'NONE', #2525, .T. ) ;
#2656 = ADVANCED_FACE ( 'NONE', ( #842 ), #1236, .T. ) ;
#2657 = CARTESIAN_POINT ( 'NONE',  ( 1.574999999999999956, 1.580000000000000071, 0.7299999999999999822 ) ) ;
#2658 = CARTESIAN_POINT ( 'NONE',  ( -2.860000000000000320, 9.080000000000000071, 0.2999999999999999889 ) ) ;
#2659 = ORIENTED_EDGE ( 'NONE', *, *, #294, .T. ) ;
#2660 = PLANE ( 'NONE',  #793 ) ;
#2661 = LINE ( 'NONE', #78, #1135 ) ;
#2662 = PRODUCT_DEFINITION_CONTEXT ( 'detailed design', #620, 'design' ) ;
#2663 = ORIENTED_EDGE ( 'NONE', *, *, #41, .F. ) ;
ENDSEC;
END-ISO-10303-21;
