ISO-10303-21;
HEADER;
FILE_DESCRIPTION (( 'STEP AP214' ),
    '1' );
FILE_NAME ('139594.step',
    '2020-09-28T18:07:43',
    ( '' ),
    ( '' ),
    'SwSTEP 2.0',
    'SolidWorks 2019',
    '' );
FILE_SCHEMA (( 'AUTOMOTIVE_DESIGN' ));
ENDSEC;

DATA;
#1 = AXIS2_PLACEMENT_3D ( 'NONE', #1790, #472, #933 ) ;
#2 = VECTOR ( 'NONE', #1508, 1000.000000000000000 ) ;
#3 = AXIS2_PLACEMENT_3D ( 'NONE', #1071, #186, #1396 ) ;
#4 = DIRECTION ( 'NONE',  ( 1.000000000000000000, 0.000000000000000000, 0.000000000000000000 ) ) ;
#5 = LINE ( 'NONE', #604, #1833 ) ;
#6 = ORIENTED_EDGE ( 'NONE', *, *, #1693, .F. ) ;
#7 = CARTESIAN_POINT ( 'NONE',  ( -2.109999999999999876, -0.9399999999999999467, -2.899999999999999911 ) ) ;
#8 = EDGE_CURVE ( 'NONE', #1599, #660, #1865, .T. ) ;
#9 = AXIS2_PLACEMENT_3D ( 'NONE', #121, #892, #13 ) ;
#10 = DIRECTION ( 'NONE',  ( 0.000000000000000000, 0.000000000000000000, -1.000000000000000000 ) ) ;
#11 = PLANE ( 'NONE',  #159 ) ;
#12 = EDGE_CURVE ( 'NONE', #1821, #61, #553, .T. ) ;
#13 = DIRECTION ( 'NONE',  ( 1.000000000000000000, 0.000000000000000000, 0.000000000000000000 ) ) ;
#14 = EDGE_LOOP ( 'NONE', ( #1490, #296, #561, #144 ) ) ;
#15 = DIRECTION ( 'NONE',  ( 0.000000000000000000, 0.000000000000000000, 1.000000000000000000 ) ) ;
#16 = DIRECTION ( 'NONE',  ( 0.000000000000000000, -1.000000000000000000, 0.000000000000000000 ) ) ;
#17 = CARTESIAN_POINT ( 'NONE',  ( 1.149999999999999911, 9.080000000000000071, 0.09999999999998999967 ) ) ;
#18 = ORIENTED_EDGE ( 'NONE', *, *, #1173, .F. ) ;
#19 = CARTESIAN_POINT ( 'NONE',  ( 1.270000000000000018, 2.180000000000000160, -1.300000000000000044 ) ) ;
#20 = CARTESIAN_POINT ( 'NONE',  ( -1.270000000000000018, 1.580000000000000071, -1.300000000000000044 ) ) ;
#21 = EDGE_CURVE ( 'NONE', #363, #1911, #1752, .T. ) ;
#22 = CARTESIAN_POINT ( 'NONE',  ( -2.540000000000000036, 1.580000000000000071, -2.899999999999999911 ) ) ;
#23 = LINE ( 'NONE', #786, #2 ) ;
#24 = VERTEX_POINT ( 'NONE', #282 ) ;
#25 = ORIENTED_EDGE ( 'NONE', *, *, #1661, .F. ) ;
#26 = DIRECTION ( 'NONE',  ( 0.000000000000000000, 1.000000000000000000, 0.000000000000000000 ) ) ;
#27 = DIRECTION ( 'NONE',  ( 1.000000000000000000, 0.000000000000000000, 0.000000000000000000 ) ) ;
#28 = ORIENTED_EDGE ( 'NONE', *, *, #1268, .T. ) ;
#29 = DIRECTION ( 'NONE',  ( 0.000000000000000000, -1.000000000000000000, 0.000000000000000000 ) ) ;
#30 = FACE_OUTER_BOUND ( 'NONE', #1478, .T. ) ;
#31 = DIRECTION ( 'NONE',  ( 0.000000000000000000, 0.000000000000000000, -1.000000000000000000 ) ) ;
#32 = CARTESIAN_POINT ( 'NONE',  ( -0.4299999999999999933, -1.580000000000000071, -2.899999999999999911 ) ) ;
#33 = ORIENTED_EDGE ( 'NONE', *, *, #1620, .T. ) ;
#34 = ORIENTED_EDGE ( 'NONE', *, *, #845, .T. ) ;
#35 = EDGE_CURVE ( 'NONE', #1545, #522, #132, .T. ) ;
#36 = EDGE_CURVE ( 'NONE', #709, #1179, #583, .T. ) ;
#37 = DIRECTION ( 'NONE',  ( -1.000000000000000000, 0.000000000000000000, 0.000000000000000000 ) ) ;
#38 = VERTEX_POINT ( 'NONE', #1004 ) ;
#39 = AXIS2_PLACEMENT_3D ( 'NONE', #209, #650, #640 ) ;
#40 = DIRECTION ( 'NONE',  ( 1.000000000000000000, 0.000000000000000000, 0.000000000000000000 ) ) ;
#41 = LINE ( 'NONE', #57, #1864 ) ;
#42 = VECTOR ( 'NONE', #185, 1000.000000000000000 ) ;
#43 = VECTOR ( 'NONE', #945, 1000.000000000000000 ) ;
#44 = DIRECTION ( 'NONE',  ( 1.000000000000000000, 0.000000000000000000, 0.000000000000000000 ) ) ;
#45 = LINE ( 'NONE', #188, #384 ) ;
#46 = ORIENTED_EDGE ( 'NONE', *, *, #986, .F. ) ;
#47 = ORIENTED_EDGE ( 'NONE', *, *, #130, .T. ) ;
#48 = ADVANCED_FACE ( 'NONE', ( #1314 ), #1776, .T. ) ;
#49 = LINE ( 'NONE', #1799, #352 ) ;
#50 = CARTESIAN_POINT ( 'NONE',  ( -2.540000000000000036, -1.580000000000000071, 2.899999999999999911 ) ) ;
#51 = DIRECTION ( 'NONE',  ( 1.000000000000000000, 0.000000000000000000, 0.000000000000000000 ) ) ;
#52 = DIRECTION ( 'NONE',  ( 0.000000000000000000, -1.000000000000000000, 0.000000000000000000 ) ) ;
#53 = CARTESIAN_POINT ( 'NONE',  ( 2.540000000000000036, -1.580000000000000071, -2.899999999999999911 ) ) ;
#54 = ORIENTED_EDGE ( 'NONE', *, *, #647, .F. ) ;
#55 = DIRECTION ( 'NONE',  ( 0.3481553119113956485, -0.8703882797784894265, -0.3481553119113956485 ) ) ;
#56 = DIRECTION ( 'NONE',  ( 1.000000000000000000, 0.000000000000000000, 0.000000000000000000 ) ) ;
#57 = CARTESIAN_POINT ( 'NONE',  ( -0.9499999999999999556, 8.580000000000000071, 0.2999999999999999889 ) ) ;
#58 = EDGE_CURVE ( 'NONE', #1911, #1428, #1023, .T. ) ;
#59 = CARTESIAN_POINT ( 'NONE',  ( -2.109999999999999876, -1.580000000000000071, -2.899999999999999911 ) ) ;
#60 = DIRECTION ( 'NONE',  ( 0.000000000000000000, 0.000000000000000000, 1.000000000000000000 ) ) ;
#61 = VERTEX_POINT ( 'NONE', #882 ) ;
#62 = ORIENTED_EDGE ( 'NONE', *, *, #1912, .F. ) ;
#63 = PLANE ( 'NONE',  #552 ) ;
#64 = AXIS2_PLACEMENT_3D ( 'NONE', #1489, #749, #495 ) ;
#65 = DIRECTION ( 'NONE',  ( 0.000000000000000000, 0.000000000000000000, 1.000000000000000000 ) ) ;
#66 = VECTOR ( 'NONE', #389, 999.9999999999998863 ) ;
#67 = EDGE_CURVE ( 'NONE', #610, #1295, #863, .T. ) ;
#68 = DIRECTION ( 'NONE',  ( 0.3481553119113956485, 0.8703882797784894265, 0.3481553119113956485 ) ) ;
#69 = DIRECTION ( 'NONE',  ( 0.3420201433256990775, -0.9396926207858972147, 0.000000000000000000 ) ) ;
#70 = ADVANCED_FACE ( 'NONE', ( #1165 ), #146, .F. ) ;
#71 = ORIENTED_EDGE ( 'NONE', *, *, #1447, .T. ) ;
#72 = VECTOR ( 'NONE', #1404, 1000.000000000000000 ) ;
#73 = APPLICATION_PROTOCOL_DEFINITION ( 'draft international standard', 'automotive_design', 1998, #1761 ) ;
#74 = VECTOR ( 'NONE', #1639, 1000.000000000000000 ) ;
#75 = ORIENTED_EDGE ( 'NONE', *, *, #238, .T. ) ;
#76 = CARTESIAN_POINT ( 'NONE',  ( 1.270000000000000018, 3.870000000000000107, -1.899999999999999911 ) ) ;
#77 = CARTESIAN_POINT ( 'NONE',  ( 1.389999999999999902, 9.080000000000000071, -0.1399999999999999856 ) ) ;
#78 = ORIENTED_EDGE ( 'NONE', *, *, #1280, .F. ) ;
#79 = DIRECTION ( 'NONE',  ( 0.9284766908852662981, -0.3713906763540865685, 0.000000000000000000 ) ) ;
#80 = LINE ( 'NONE', #842, #1064 ) ;
#81 = ORIENTED_EDGE ( 'NONE', *, *, #182, .T. ) ;
#82 = EDGE_CURVE ( 'NONE', #704, #1887, #1449, .T. ) ;
#83 = ORIENTED_EDGE ( 'NONE', *, *, #666, .T. ) ;
#84 = CARTESIAN_POINT ( 'NONE',  ( -1.050000000000000044, 8.830000000000000071, -0.02000000000000999936 ) ) ;
#85 = CARTESIAN_POINT ( 'NONE',  ( 1.389999999999999902, 9.080000000000000071, -0.1399999999999999856 ) ) ;
#86 = ORIENTED_EDGE ( 'NONE', *, *, #1158, .F. ) ;
#87 = CARTESIAN_POINT ( 'NONE',  ( 0.9499999999999999556, -4.639999999999999680, 0.2999999999999999889 ) ) ;
#88 = DIRECTION ( 'NONE',  ( 0.000000000000000000, 1.000000000000000000, 0.000000000000000000 ) ) ;
#89 = ORIENTED_EDGE ( 'NONE', *, *, #58, .T. ) ;
#90 = ORIENTED_EDGE ( 'NONE', *, *, #1589, .T. ) ;
#91 = EDGE_CURVE ( 'NONE', #1828, #464, #457, .T. ) ;
#92 = ADVANCED_FACE ( 'NONE', ( #1341 ), #11, .F. ) ;
#93 = EDGE_CURVE ( 'NONE', #1586, #822, #490, .T. ) ;
#94 = DIRECTION ( 'NONE',  ( -1.000000000000000000, 0.000000000000000000, 0.000000000000000000 ) ) ;
#95 = VERTEX_POINT ( 'NONE', #329 ) ;
#96 = DIRECTION ( 'NONE',  ( 1.000000000000000000, 0.000000000000000000, 0.000000000000000000 ) ) ;
#97 = LINE ( 'NONE', #1440, #1588 ) ;
#98 = ORIENTED_EDGE ( 'NONE', *, *, #534, .F. ) ;
#99 = AXIS2_PLACEMENT_3D ( 'NONE', #1098, #1252, #1527 ) ;
#100 = AXIS2_PLACEMENT_3D ( 'NONE', #1387, #797, #1816 ) ;
#101 = VECTOR ( 'NONE', #140, 1000.000000000000000 ) ;
#102 = VECTOR ( 'NONE', #1297, 1000.000000000000000 ) ;
#103 = EDGE_CURVE ( 'NONE', #1757, #250, #1352, .T. ) ;
#104 = LINE ( 'NONE', #1591, #106 ) ;
#105 = ADVANCED_FACE ( 'NONE', ( #508 ), #948, .T. ) ;
#106 = VECTOR ( 'NONE', #283, 1000.000000000000114 ) ;
#107 = DIRECTION ( 'NONE',  ( -0.9284766908852662981, -0.3713906763540865685, 0.000000000000000000 ) ) ;
#108 = ORIENTED_EDGE ( 'NONE', *, *, #1292, .T. ) ;
#109 = CARTESIAN_POINT ( 'NONE',  ( -0.4299999999999999933, -0.9399999999999999467, -2.899999999999999911 ) ) ;
#110 = DIRECTION ( 'NONE',  ( 0.000000000000000000, 0.000000000000000000, -1.000000000000000000 ) ) ;
#111 = ORIENTED_EDGE ( 'NONE', *, *, #1693, .T. ) ;
#112 = VERTEX_POINT ( 'NONE', #1610 ) ;
#113 = CARTESIAN_POINT ( 'NONE',  ( -1.149999999999999911, 9.080000000000000071, -0.1399999999999999856 ) ) ;
#114 = DIRECTION ( 'NONE',  ( 0.9284766908852662981, -0.3713906763540865685, 0.000000000000000000 ) ) ;
#115 = FACE_OUTER_BOUND ( 'NONE', #233, .T. ) ;
#116 = ORIENTED_EDGE ( 'NONE', *, *, #670, .T. ) ;
#117 = EDGE_CURVE ( 'NONE', #343, #694, #1149, .T. ) ;
#118 = CARTESIAN_POINT ( 'NONE',  ( 0.9499999999999999556, 9.080000000000000071, 0.2999999999999999889 ) ) ;
#119 = ORIENTED_EDGE ( 'NONE', *, *, #470, .T. ) ;
#120 = EDGE_CURVE ( 'NONE', #1417, #756, #587, .T. ) ;
#121 = CARTESIAN_POINT ( 'NONE',  ( -1.270000000000000018, 10.12000000000000099, -2.899999999999999911 ) ) ;
#122 = DIRECTION ( 'NONE',  ( 0.000000000000000000, -1.000000000000000000, 0.000000000000000000 ) ) ;
#123 = FILL_AREA_STYLE_COLOUR ( '', #1686 ) ;
#124 = DIRECTION ( 'NONE',  ( 0.000000000000000000, 0.000000000000000000, -1.000000000000000000 ) ) ;
#125 = ORIENTED_EDGE ( 'NONE', *, *, #1045, .F. ) ;
#126 = LINE ( 'NONE', #715, #517 ) ;
#127 = DIRECTION ( 'NONE',  ( 1.000000000000000000, 0.000000000000000000, 0.000000000000000000 ) ) ;
#128 = VERTEX_POINT ( 'NONE', #1625 ) ;
#129 = VECTOR ( 'NONE', #298, 999.9999999999998863 ) ;
#130 = EDGE_CURVE ( 'NONE', #343, #251, #304, .T. ) ;
#131 = DIRECTION ( 'NONE',  ( 0.000000000000000000, 0.000000000000000000, -1.000000000000000000 ) ) ;
#132 = LINE ( 'NONE', #1890, #754 ) ;
#133 = AXIS2_PLACEMENT_3D ( 'NONE', #1062, #1365, #1543 ) ;
#134 = STYLED_ITEM ( 'NONE', ( #1241 ), #1242 ) ;
#135 = LINE ( 'NONE', #1159, #1537 ) ;
#136 = VECTOR ( 'NONE', #1792, 1000.000000000000000 ) ;
#137 = DIRECTION ( 'NONE',  ( 0.000000000000000000, 1.000000000000000000, 0.000000000000000000 ) ) ;
#138 = ORIENTED_EDGE ( 'NONE', *, *, #1021, .T. ) ;
#139 = DIRECTION ( 'NONE',  ( 0.000000000000000000, 0.000000000000000000, -1.000000000000000000 ) ) ;
#140 = DIRECTION ( 'NONE',  ( 1.000000000000000000, 0.000000000000000000, 0.000000000000000000 ) ) ;
#141 = ORIENTED_EDGE ( 'NONE', *, *, #287, .F. ) ;
#142 = EDGE_CURVE ( 'NONE', #1908, #1919, #877, .T. ) ;
#143 = FACE_OUTER_BOUND ( 'NONE', #1400, .T. ) ;
#144 = ORIENTED_EDGE ( 'NONE', *, *, #1871, .T. ) ;
#145 = DIRECTION ( 'NONE',  ( 0.000000000000000000, -1.000000000000000000, 0.000000000000000000 ) ) ;
#146 = PLANE ( 'NONE',  #879 ) ;
#147 = DIRECTION ( 'NONE',  ( 1.000000000000000000, 0.000000000000000000, 0.000000000000000000 ) ) ;
#148 = VERTEX_POINT ( 'NONE', #1019 ) ;
#149 = EDGE_CURVE ( 'NONE', #932, #540, #1171, .T. ) ;
#150 = EDGE_CURVE ( 'NONE', #1179, #694, #152, .T. ) ;
#151 = DIRECTION ( 'NONE',  ( 0.000000000000000000, 1.000000000000000000, 0.000000000000000000 ) ) ;
#152 = LINE ( 'NONE', #1290, #1276 ) ;
#153 = ORIENTED_EDGE ( 'NONE', *, *, #872, .T. ) ;
#154 = CARTESIAN_POINT ( 'NONE',  ( -1.389999999999999902, -5.139999999999999680, -0.1399999999999999856 ) ) ;
#155 = ADVANCED_FACE ( 'NONE', ( #1000 ), #1445, .T. ) ;
#156 = LINE ( 'NONE', #885, #913 ) ;
#157 = PRODUCT_DEFINITION_CONTEXT ( 'detailed design', #1761, 'design' ) ;
#158 = ORIENTED_EDGE ( 'NONE', *, *, #366, .F. ) ;
#159 = AXIS2_PLACEMENT_3D ( 'NONE', #1598, #716, #1397 ) ;
#160 = VECTOR ( 'NONE', #1102, 1000.000000000000000 ) ;
#161 = VECTOR ( 'NONE', #1132, 1000.000000000000000 ) ;
#162 = CARTESIAN_POINT ( 'NONE',  ( -1.270000000000000018, 6.317986928012000014, -1.899999999999999911 ) ) ;
#163 = DIRECTION ( 'NONE',  ( 0.000000000000000000, 0.000000000000000000, -1.000000000000000000 ) ) ;
#164 = EDGE_LOOP ( 'NONE', ( #34, #514, #939, #568 ) ) ;
#165 = CARTESIAN_POINT ( 'NONE',  ( -0.4299999999999999933, -1.580000000000000071, 2.899999999999999911 ) ) ;
#166 = ADVANCED_FACE ( 'NONE', ( #115 ), #426, .F. ) ;
#167 = VECTOR ( 'NONE', #625, 999.9999999999998863 ) ;
#168 = LINE ( 'NONE', #776, #1590 ) ;
#169 = DIRECTION ( 'NONE',  ( -0.000000000000000000, 1.000000000000000000, 0.000000000000000000 ) ) ;
#170 = DIRECTION ( 'NONE',  ( 1.000000000000000000, 0.000000000000000000, 0.000000000000000000 ) ) ;
#171 = ORIENTED_EDGE ( 'NONE', *, *, #789, .F. ) ;
#172 = ORIENTED_EDGE ( 'NONE', *, *, #255, .F. ) ;
#173 = LINE ( 'NONE', #162, #602 ) ;
#174 = LINE ( 'NONE', #1635, #1180 ) ;
#175 = ORIENTED_EDGE ( 'NONE', *, *, #826, .T. ) ;
#176 = FACE_OUTER_BOUND ( 'NONE', #1773, .T. ) ;
#177 = CARTESIAN_POINT ( 'NONE',  ( 1.590000000000000080, -4.639999999999999680, -0.3400000000000000244 ) ) ;
#178 = EDGE_CURVE ( 'NONE', #363, #1076, #174, .T. ) ;
#179 = CARTESIAN_POINT ( 'NONE',  ( 2.540000000000000036, -1.580000000000000071, 2.899999999999999911 ) ) ;
#180 = DIRECTION ( 'NONE',  ( 0.000000000000000000, 1.000000000000000000, 0.000000000000000000 ) ) ;
#181 = ORIENTED_EDGE ( 'NONE', *, *, #433, .F. ) ;
#182 = EDGE_CURVE ( 'NONE', #660, #1206, #49, .T. ) ;
#183 = LINE ( 'NONE', #324, #1560 ) ;
#184 = VERTEX_POINT ( 'NONE', #1336 ) ;
#185 = DIRECTION ( 'NONE',  ( 0.000000000000000000, 1.000000000000000000, 0.000000000000000000 ) ) ;
#186 = DIRECTION ( 'NONE',  ( 1.000000000000000000, 0.000000000000000000, 0.000000000000000000 ) ) ;
#187 = DIRECTION ( 'NONE',  ( 0.000000000000000000, -0.3713906763540865685, 0.9284766908852662981 ) ) ;
#188 = CARTESIAN_POINT ( 'NONE',  ( -1.270000000000000018, 3.870000000000000107, -1.899999999999999911 ) ) ;
#189 = VERTEX_POINT ( 'NONE', #485 ) ;
#190 = ORIENTED_EDGE ( 'NONE', *, *, #560, .T. ) ;
#191 = ADVANCED_FACE ( 'NONE', ( #1538 ), #1521, .F. ) ;
#192 = VECTOR ( 'NONE', #1746, 1000.000000000000000 ) ;
#193 = CARTESIAN_POINT ( 'NONE',  ( -1.149999999999999911, 9.080000000000000071, 0.09999999999998999967 ) ) ;
#194 = ORIENTED_EDGE ( 'NONE', *, *, #373, .F. ) ;
#195 = VECTOR ( 'NONE', #1101, 1000.000000000000000 ) ;
#196 = CARTESIAN_POINT ( 'NONE',  ( -1.590000000000000080, -5.139999999999999680, -0.3400000000000000244 ) ) ;
#197 = AXIS2_PLACEMENT_3D ( 'NONE', #498, #1078, #1669 ) ;
#198 = CARTESIAN_POINT ( 'NONE',  ( 0.9499999999999999556, 1.580000000000000071, 0.2999999999999999889 ) ) ;
#199 = VECTOR ( 'NONE', #137, 1000.000000000000000 ) ;
#200 = AXIS2_PLACEMENT_3D ( 'NONE', #1402, #1240, #680 ) ;
#201 = CARTESIAN_POINT ( 'NONE',  ( 0.3049999999999999933, 1.580000000000000071, -0.7699999999999999067 ) ) ;
#202 = LINE ( 'NONE', #1378, #1214 ) ;
#203 = EDGE_LOOP ( 'NONE', ( #1555, #1655, #1401, #1697 ) ) ;
#204 = ORIENTED_EDGE ( 'NONE', *, *, #1121, .F. ) ;
#205 = CARTESIAN_POINT ( 'NONE',  ( -2.540000000000000036, 1.580000000000000071, 2.899999999999999911 ) ) ;
#206 = EDGE_CURVE ( 'NONE', #1617, #112, #944, .T. ) ;
#207 = LINE ( 'NONE', #1539, #1866 ) ;
#208 = DIRECTION ( 'NONE',  ( 1.000000000000000000, 0.000000000000000000, 0.000000000000000000 ) ) ;
#209 = CARTESIAN_POINT ( 'NONE',  ( -1.590000000000000080, 9.080000000000000071, -0.3400000000000000244 ) ) ;
#210 = PLANE ( 'NONE',  #1769 ) ;
#211 = ORIENTED_EDGE ( 'NONE', *, *, #869, .F. ) ;
#212 = EDGE_LOOP ( 'NONE', ( #1862, #1847, #1424, #237 ) ) ;
#213 = FACE_OUTER_BOUND ( 'NONE', #698, .T. ) ;
#214 = DIRECTION ( 'NONE',  ( 0.000000000000000000, 0.000000000000000000, -1.000000000000000000 ) ) ;
#215 = EDGE_CURVE ( 'NONE', #1908, #822, #1075, .T. ) ;
#216 = EDGE_CURVE ( 'NONE', #1919, #1614, #1360, .T. ) ;
#217 = CARTESIAN_POINT ( 'NONE',  ( 0.9499999999999999556, -4.639999999999999680, -0.3400000000000000244 ) ) ;
#218 = CARTESIAN_POINT ( 'NONE',  ( 0.9499999999999999556, -0.9399999999999999467, -0.3400000000000000244 ) ) ;
#219 = LINE ( 'NONE', #1406, #1339 ) ;
#220 = EDGE_CURVE ( 'NONE', #421, #1529, #1348, .T. ) ;
#221 = ORIENTED_EDGE ( 'NONE', *, *, #1721, .T. ) ;
#222 = CARTESIAN_POINT ( 'NONE',  ( -2.109999999999999876, -1.580000000000000071, 2.899999999999999911 ) ) ;
#223 = EDGE_CURVE ( 'NONE', #836, #1311, #1676, .T. ) ;
#224 = AXIS2_PLACEMENT_3D ( 'NONE', #1541, #1321, #1907 ) ;
#225 = FACE_OUTER_BOUND ( 'NONE', #779, .T. ) ;
#226 = ORIENTED_EDGE ( 'NONE', *, *, #1825, .F. ) ;
#227 = AXIS2_PLACEMENT_3D ( 'NONE', #1377, #1542, #44 ) ;
#228 = DIRECTION ( 'NONE',  ( 0.000000000000000000, 1.000000000000000000, 0.000000000000000000 ) ) ;
#229 = DIRECTION ( 'NONE',  ( 0.000000000000000000, 0.000000000000000000, -1.000000000000000000 ) ) ;
#230 = ORIENTED_EDGE ( 'NONE', *, *, #500, .F. ) ;
#231 = AXIS2_PLACEMENT_3D ( 'NONE', #980, #546, #1262 ) ;
#232 = VECTOR ( 'NONE', #316, 1000.000000000000000 ) ;
#233 = EDGE_LOOP ( 'NONE', ( #1356, #1875, #442, #931 ) ) ;
#234 =( GEOMETRIC_REPRESENTATION_CONTEXT ( 3 ) GLOBAL_UNCERTAINTY_ASSIGNED_CONTEXT ( ( #1306 ) ) GLOBAL_UNIT_ASSIGNED_CONTEXT ( ( #858, #1443, #1146 ) ) REPRESENTATION_CONTEXT ( 'NONE', 'WORKASPACE' ) );
#235 = LINE ( 'NONE', #1269, #1713 ) ;
#236 = LINE ( 'NONE', #1099, #574 ) ;
#237 = ORIENTED_EDGE ( 'NONE', *, *, #445, .F. ) ;
#238 = EDGE_CURVE ( 'NONE', #1503, #437, #1056, .T. ) ;
#239 = DIRECTION ( 'NONE',  ( 0.3481553119113956485, -0.8703882797784894265, -0.3481553119113956485 ) ) ;
#240 = DIRECTION ( 'NONE',  ( -1.000000000000000000, 0.000000000000000000, 0.000000000000000000 ) ) ;
#241 = ORIENTED_EDGE ( 'NONE', *, *, #766, .F. ) ;
#242 = ADVANCED_FACE ( 'NONE', ( #342 ), #1210, .T. ) ;
#243 = ORIENTED_EDGE ( 'NONE', *, *, #149, .F. ) ;
#244 = CARTESIAN_POINT ( 'NONE',  ( -0.9499999999999999556, 8.580000000000000071, -0.3400000000000000244 ) ) ;
#245 = PLANE ( 'NONE',  #664 ) ;
#246 = ORIENTED_EDGE ( 'NONE', *, *, #1506, .T. ) ;
#247 = CYLINDRICAL_SURFACE ( 'NONE', #1250, 0.5999999999999998668 ) ;
#248 = CARTESIAN_POINT ( 'NONE',  ( 0.4299999999999999933, -1.580000000000000071, 2.899999999999999911 ) ) ;
#249 = ADVANCED_BREP_SHAPE_REPRESENTATION ( '139594', ( #1242, #1346 ), #234 ) ;
#250 = VERTEX_POINT ( 'NONE', #1231 ) ;
#251 = VERTEX_POINT ( 'NONE', #761 ) ;
#252 = EDGE_CURVE ( 'NONE', #780, #61, #1068, .T. ) ;
#253 = ADVANCED_FACE ( 'NONE', ( #635 ), #1644, .T. ) ;
#254 = DIRECTION ( 'NONE',  ( -1.000000000000000000, 0.000000000000000000, 0.000000000000000000 ) ) ;
#255 = EDGE_CURVE ( 'NONE', #1747, #1417, #924, .T. ) ;
#256 = DIRECTION ( 'NONE',  ( 0.000000000000000000, -1.000000000000000000, 0.000000000000000000 ) ) ;
#257 = VERTEX_POINT ( 'NONE', #1199 ) ;
#258 = VECTOR ( 'NONE', #312, 1000.000000000000000 ) ;
#259 = CARTESIAN_POINT ( 'NONE',  ( -2.540000000000000036, 1.580000000000000071, -2.899999999999999911 ) ) ;
#260 = CARTESIAN_POINT ( 'NONE',  ( 0.4299999999999999933, -0.9399999999999999467, 2.899999999999999911 ) ) ;
#261 = ORIENTED_EDGE ( 'NONE', *, *, #621, .T. ) ;
#262 = AXIS2_PLACEMENT_3D ( 'NONE', #1737, #854, #1577 ) ;
#263 = VECTOR ( 'NONE', #1649, 1000.000000000000000 ) ;
#264 = ORIENTED_EDGE ( 'NONE', *, *, #255, .T. ) ;
#265 = VECTOR ( 'NONE', #1055, 1000.000000000000000 ) ;
#266 = EDGE_CURVE ( 'NONE', #1757, #1287, #183, .T. ) ;
#267 = CARTESIAN_POINT ( 'NONE',  ( 0.3049999999999999933, 1.580000000000000071, -0.7699999999999999067 ) ) ;
#268 =( GEOMETRIC_REPRESENTATION_CONTEXT ( 3 ) GLOBAL_UNCERTAINTY_ASSIGNED_CONTEXT ( ( #710 ) ) GLOBAL_UNIT_ASSIGNED_CONTEXT ( ( #1017, #847, #1066 ) ) REPRESENTATION_CONTEXT ( 'NONE', 'WORKASPACE' ) );
#269 = DIRECTION ( 'NONE',  ( 0.000000000000000000, 0.000000000000000000, -1.000000000000000000 ) ) ;
#270 = DIRECTION ( 'NONE',  ( 1.000000000000000000, 0.000000000000000000, 0.000000000000000000 ) ) ;
#271 = EDGE_LOOP ( 'NONE', ( #1600, #787, #1810, #496, #54, #391, #636, #878 ) ) ;
#272 = PLANE ( 'NONE',  #942 ) ;
#273 = ORIENTED_EDGE ( 'NONE', *, *, #702, .T. ) ;
#274 = VERTEX_POINT ( 'NONE', #1223 ) ;
#275 = PLANE ( 'NONE',  #1497 ) ;
#276 = ORIENTED_EDGE ( 'NONE', *, *, #705, .T. ) ;
#277 = ADVANCED_FACE ( 'NONE', ( #1822 ), #1812, .F. ) ;
#278 = EDGE_CURVE ( 'NONE', #1614, #822, #5, .T. ) ;
#279 = LINE ( 'NONE', #1612, #1770 ) ;
#280 = EDGE_LOOP ( 'NONE', ( #1300, #386, #480, #1238 ) ) ;
#281 = PLANE ( 'NONE',  #358 ) ;
#282 = CARTESIAN_POINT ( 'NONE',  ( -2.109999999999999876, -1.580000000000000071, -2.899999999999999911 ) ) ;
#283 = DIRECTION ( 'NONE',  ( 0.000000000000000000, -0.7071067811865474617, -0.7071067811865474617 ) ) ;
#284 = LINE ( 'NONE', #1170, #1410 ) ;
#285 = CARTESIAN_POINT ( 'NONE',  ( 0.9499999999999999556, -0.9399999999999999467, 0.2999999999999999889 ) ) ;
#286 = ORIENTED_EDGE ( 'NONE', *, *, #410, .T. ) ;
#287 = EDGE_CURVE ( 'NONE', #61, #540, #1781, .T. ) ;
#288 = DIRECTION ( 'NONE',  ( 0.000000000000000000, -1.000000000000000000, 0.000000000000000000 ) ) ;
#289 = CLOSED_SHELL ( 'NONE', ( #1392, #1208, #70, #1381, #1358, #309, #191, #1104, #443, #595, #1892, #1395, #92, #1788, #1717, #1515, #1008, #1726, #914, #469, #458, #1480, #1385, #691, #791, #1532, #1787, #620, #1258, #894, #1144, #364, #1570, #509, #631, #484, #1694, #1642, #253, #1042, #1811, #105, #1493, #513, #765, #608, #741, #48, #1848, #982, #544, #1036, #1472, #155, #1369, #1259, #1067, #584, #1368, #242, #1687, #310, #166, #1868, #277 ) ) ;
#290 = CARTESIAN_POINT ( 'NONE',  ( 2.109999999999999876, -0.9399999999999999467, 2.899999999999999911 ) ) ;
#291 = ORIENTED_EDGE ( 'NONE', *, *, #1623, .F. ) ;
#292 = VECTOR ( 'NONE', #180, 1000.000000000000000 ) ;
#293 = VECTOR ( 'NONE', #1898, 1000.000000000000000 ) ;
#294 = VECTOR ( 'NONE', #1018, 1000.000000000000000 ) ;
#295 = LINE ( 'NONE', #888, #488 ) ;
#296 = ORIENTED_EDGE ( 'NONE', *, *, #475, .F. ) ;
#297 = DIRECTION ( 'NONE',  ( -1.000000000000000000, 0.000000000000000000, 0.000000000000000000 ) ) ;
#298 = DIRECTION ( 'NONE',  ( -0.3481553119113956485, 0.8703882797784894265, -0.3481553119113956485 ) ) ;
#299 = EDGE_CURVE ( 'NONE', #1035, #1499, #804, .T. ) ;
#300 = DIRECTION ( 'NONE',  ( 0.000000000000000000, 0.000000000000000000, -1.000000000000000000 ) ) ;
#301 = ORIENTED_EDGE ( 'NONE', *, *, #1222, .F. ) ;
#302 = EDGE_CURVE ( 'NONE', #1887, #1503, #1393, .T. ) ;
#303 = CARTESIAN_POINT ( 'NONE',  ( 1.050000000000000044, -4.890000000000000568, -0.02000000000000999936 ) ) ;
#304 = LINE ( 'NONE', #285, #482 ) ;
#305 = ORIENTED_EDGE ( 'NONE', *, *, #845, .F. ) ;
#306 = LINE ( 'NONE', #752, #420 ) ;
#307 = DIRECTION ( 'NONE',  ( 0.9284766908852662981, 0.3713906763540865685, 0.000000000000000000 ) ) ;
#308 = ORIENTED_EDGE ( 'NONE', *, *, #278, .T. ) ;
#309 = ADVANCED_FACE ( 'NONE', ( #950 ), #210, .T. ) ;
#310 = ADVANCED_FACE ( 'NONE', ( #1073 ), #1399, .F. ) ;
#311 = DIRECTION ( 'NONE',  ( 0.000000000000000000, 0.000000000000000000, -1.000000000000000000 ) ) ;
#312 = DIRECTION ( 'NONE',  ( 0.000000000000000000, 0.000000000000000000, -1.000000000000000000 ) ) ;
#313 = ORIENTED_EDGE ( 'NONE', *, *, #1009, .F. ) ;
#314 = CARTESIAN_POINT ( 'NONE',  ( -0.3049999999999999933, 1.580000000000000071, -0.7699999999999999067 ) ) ;
#315 = CARTESIAN_POINT ( 'NONE',  ( -1.590000000000000080, 1.580000000000000071, -0.3400000000000000244 ) ) ;
#316 = DIRECTION ( 'NONE',  ( 0.000000000000000000, 0.000000000000000000, 1.000000000000000000 ) ) ;
#317 = ORIENTED_EDGE ( 'NONE', *, *, #299, .F. ) ;
#318 = ORIENTED_EDGE ( 'NONE', *, *, #130, .F. ) ;
#319 = VECTOR ( 'NONE', #27, 1000.000000000000000 ) ;
#320 = AXIS2_PLACEMENT_3D ( 'NONE', #1414, #79, #557 ) ;
#321 = EDGE_CURVE ( 'NONE', #1519, #251, #1355, .T. ) ;
#322 = AXIS2_PLACEMENT_3D ( 'NONE', #396, #1689, #989 ) ;
#323 = LINE ( 'NONE', #1198, #265 ) ;
#324 = CARTESIAN_POINT ( 'NONE',  ( 0.9499999999999999556, 1.580000000000000071, -0.3400000000000000244 ) ) ;
#325 = ORIENTED_EDGE ( 'NONE', *, *, #883, .T. ) ;
#326 = CARTESIAN_POINT ( 'NONE',  ( -1.389999999999999902, 9.080000000000000071, 0.09999999999998999967 ) ) ;
#327 = VECTOR ( 'NONE', #269, 1000.000000000000000 ) ;
#328 = LINE ( 'NONE', #1363, #852 ) ;
#329 = CARTESIAN_POINT ( 'NONE',  ( 1.590000000000000080, 8.580000000000000071, 0.2999999999999999889 ) ) ;
#330 = LINE ( 'NONE', #360, #1863 ) ;
#331 = CARTESIAN_POINT ( 'NONE',  ( -0.3049999999999999933, 1.580000000000000071, 0.7299999999999999822 ) ) ;
#332 = ORIENTED_EDGE ( 'NONE', *, *, #1031, .T. ) ;
#333 = EDGE_LOOP ( 'NONE', ( #362, #619, #1257, #1107 ) ) ;
#334 = DIRECTION ( 'NONE',  ( -1.000000000000000000, 0.000000000000000000, 0.000000000000000000 ) ) ;
#335 = ORIENTED_EDGE ( 'NONE', *, *, #266, .F. ) ;
#336 = FACE_OUTER_BOUND ( 'NONE', #750, .T. ) ;
#337 = CARTESIAN_POINT ( 'NONE',  ( -0.9499999999999999556, 8.580000000000000071, -0.3400000000000000244 ) ) ;
#338 = CARTESIAN_POINT ( 'NONE',  ( 1.149999999999999911, -5.139999999999999680, -0.1399999999999999856 ) ) ;
#339 = CARTESIAN_POINT ( 'NONE',  ( -1.149999999999999911, -5.139999999999999680, 0.09999999999998999967 ) ) ;
#340 = ORIENTED_EDGE ( 'NONE', *, *, #1903, .T. ) ;
#341 = ORIENTED_EDGE ( 'NONE', *, *, #1084, .T. ) ;
#342 = FACE_OUTER_BOUND ( 'NONE', #987, .T. ) ;
#343 = VERTEX_POINT ( 'NONE', #659 ) ;
#344 = DIRECTION ( 'NONE',  ( 0.000000000000000000, 1.000000000000000000, 0.000000000000000000 ) ) ;
#345 = FACE_OUTER_BOUND ( 'NONE', #435, .T. ) ;
#346 = EDGE_CURVE ( 'NONE', #1747, #770, #1517, .T. ) ;
#347 = LINE ( 'NONE', #937, #1030 ) ;
#348 = CARTESIAN_POINT ( 'NONE',  ( 0.3049999999999999933, 1.580000000000000071, 0.7299999999999999822 ) ) ;
#349 = ORIENTED_EDGE ( 'NONE', *, *, #35, .F. ) ;
#350 = VERTEX_POINT ( 'NONE', #1216 ) ;
#351 = EDGE_CURVE ( 'NONE', #1083, #1738, #23, .T. ) ;
#352 = VECTOR ( 'NONE', #1371, 1000.000000000000114 ) ;
#353 = DIRECTION ( 'NONE',  ( 0.000000000000000000, -1.000000000000000000, 0.000000000000000000 ) ) ;
#354 = VECTOR ( 'NONE', #929, 1000.000000000000000 ) ;
#355 = LINE ( 'NONE', #1823, #43 ) ;
#356 = AXIS2_PLACEMENT_3D ( 'NONE', #1916, #1032, #1323 ) ;
#357 = CARTESIAN_POINT ( 'NONE',  ( -1.270000000000000018, 4.400000000000000355, -1.369999999999999885 ) ) ;
#358 = AXIS2_PLACEMENT_3D ( 'NONE', #1156, #1910, #755 ) ;
#359 = AXIS2_PLACEMENT_3D ( 'NONE', #381, #1552, #689 ) ;
#360 = CARTESIAN_POINT ( 'NONE',  ( -1.270000000000000018, 2.180000000000000160, -1.899999999999999911 ) ) ;
#361 = DIRECTION ( 'NONE',  ( 0.000000000000000000, -1.000000000000000000, 0.000000000000000000 ) ) ;
#362 = ORIENTED_EDGE ( 'NONE', *, *, #433, .T. ) ;
#363 = VERTEX_POINT ( 'NONE', #768 ) ;
#364 = ADVANCED_FACE ( 'NONE', ( #617 ), #1808, .F. ) ;
#365 = AXIS2_PLACEMENT_3D ( 'NONE', #1883, #1169, #577 ) ;
#366 = EDGE_CURVE ( 'NONE', #1311, #1586, #1244, .T. ) ;
#367 = CARTESIAN_POINT ( 'NONE',  ( 0.9499999999999999556, 1.580000000000000071, 0.2999999999999999889 ) ) ;
#368 = LINE ( 'NONE', #404, #1651 ) ;
#369 = CARTESIAN_POINT ( 'NONE',  ( -0.9499999999999999556, 1.580000000000000071, -0.3400000000000000244 ) ) ;
#370 = CARTESIAN_POINT ( 'NONE',  ( 2.540000000000000036, -1.580000000000000071, 2.899999999999999911 ) ) ;
#371 = VERTEX_POINT ( 'NONE', #628 ) ;
#372 = EDGE_CURVE ( 'NONE', #653, #1750, #1389, .T. ) ;
#373 = EDGE_CURVE ( 'NONE', #1260, #570, #1795, .T. ) ;
#374 = CARTESIAN_POINT ( 'NONE',  ( -0.9499999999999999556, -4.639999999999999680, -0.3400000000000000244 ) ) ;
#375 = CARTESIAN_POINT ( 'NONE',  ( -0.4299999999999999933, -0.9399999999999999467, 2.899999999999999911 ) ) ;
#376 = VERTEX_POINT ( 'NONE', #511 ) ;
#377 = CARTESIAN_POINT ( 'NONE',  ( -0.9499999999999999556, -4.639999999999999680, -0.3400000000000000244 ) ) ;
#378 = DIRECTION ( 'NONE',  ( 0.000000000000000000, 0.000000000000000000, -1.000000000000000000 ) ) ;
#379 = ORIENTED_EDGE ( 'NONE', *, *, #813, .T. ) ;
#380 = EDGE_LOOP ( 'NONE', ( #243, #1040, #893, #1367 ) ) ;
#381 = CARTESIAN_POINT ( 'NONE',  ( 0.9499999999999999556, 9.080000000000000071, -0.3400000000000000244 ) ) ;
#382 = VECTOR ( 'NONE', #1772, 1000.000000000000000 ) ;
#383 = EDGE_CURVE ( 'NONE', #473, #1384, #1663, .T. ) ;
#384 = VECTOR ( 'NONE', #361, 1000.000000000000000 ) ;
#385 = LINE ( 'NONE', #972, #72 ) ;
#386 = ORIENTED_EDGE ( 'NONE', *, *, #533, .F. ) ;
#387 = EDGE_CURVE ( 'NONE', #250, #1267, #202, .T. ) ;
#388 = VECTOR ( 'NONE', #297, 1000.000000000000000 ) ;
#389 = DIRECTION ( 'NONE',  ( -0.3481553119113956485, -0.8703882797784894265, 0.3481553119113956485 ) ) ;
#390 = LINE ( 'NONE', #833, #1181 ) ;
#391 = ORIENTED_EDGE ( 'NONE', *, *, #1857, .T. ) ;
#392 = CIRCLE ( 'NONE', #634, 0.5999999999999998668 ) ;
#393 = VECTOR ( 'NONE', #1225, 1000.000000000000000 ) ;
#394 = EDGE_LOOP ( 'NONE', ( #89, #1725, #1176, #1315 ) ) ;
#395 = CARTESIAN_POINT ( 'NONE',  ( -0.9499999999999999556, -0.9399999999999999467, 0.2999999999999999889 ) ) ;
#396 = CARTESIAN_POINT ( 'NONE',  ( 2.540000000000000036, 0.000000000000000000, 0.000000000000000000 ) ) ;
#397 = ORIENTED_EDGE ( 'NONE', *, *, #1903, .F. ) ;
#398 = CARTESIAN_POINT ( 'NONE',  ( 1.270000000000000018, 0.000000000000000000, 0.000000000000000000 ) ) ;
#399 = FACE_OUTER_BOUND ( 'NONE', #995, .T. ) ;
#400 = EDGE_CURVE ( 'NONE', #1083, #38, #45, .T. ) ;
#401 = ORIENTED_EDGE ( 'NONE', *, *, #1888, .T. ) ;
#402 = EDGE_LOOP ( 'NONE', ( #1902, #1786, #642, #563 ) ) ;
#403 = DIRECTION ( 'NONE',  ( -0.3713906763540865130, 0.9284766908852661871, 0.000000000000000000 ) ) ;
#404 = CARTESIAN_POINT ( 'NONE',  ( 0.9499999999999999556, -0.9399999999999999467, 0.2999999999999999889 ) ) ;
#405 = ORIENTED_EDGE ( 'NONE', *, *, #445, .T. ) ;
#406 = LINE ( 'NONE', #1584, #1648 ) ;
#407 = DIRECTION ( 'NONE',  ( 1.000000000000000000, 0.000000000000000000, 0.000000000000000000 ) ) ;
#408 = ORIENTED_EDGE ( 'NONE', *, *, #1413, .F. ) ;
#409 = ORIENTED_EDGE ( 'NONE', *, *, #150, .T. ) ;
#410 = EDGE_CURVE ( 'NONE', #1206, #371, #1081, .T. ) ;
#411 = PLANE ( 'NONE',  #365 ) ;
#412 = PLANE ( 'NONE',  #1281 ) ;
#413 = DIRECTION ( 'NONE',  ( 0.000000000000000000, 1.000000000000000000, 0.000000000000000000 ) ) ;
#414 = ORIENTED_EDGE ( 'NONE', *, *, #1292, .F. ) ;
#415 = VECTOR ( 'NONE', #1027, 1000.000000000000000 ) ;
#416 = FACE_OUTER_BOUND ( 'NONE', #468, .T. ) ;
#417 = DIRECTION ( 'NONE',  ( 0.9396926207858973257, -0.3420201433256991330, 0.000000000000000000 ) ) ;
#418 = VERTEX_POINT ( 'NONE', #930 ) ;
#419 = AXIS2_PLACEMENT_3D ( 'NONE', #1109, #1116, #1880 ) ;
#420 = VECTOR ( 'NONE', #10, 1000.000000000000000 ) ;
#421 = VERTEX_POINT ( 'NONE', #938 ) ;
#422 = VECTOR ( 'NONE', #586, 999.9999999999998863 ) ;
#423 = EDGE_CURVE ( 'NONE', #780, #1545, #521, .T. ) ;
#424 = EDGE_CURVE ( 'NONE', #1838, #376, #799, .T. ) ;
#425 = CARTESIAN_POINT ( 'NONE',  ( -1.270000000000000018, 1.580000000000000071, -2.899999999999999911 ) ) ;
#426 = PLANE ( 'NONE',  #690 ) ;
#427 = EDGE_LOOP ( 'NONE', ( #138, #624, #1431, #857 ) ) ;
#428 = CARTESIAN_POINT ( 'NONE',  ( -0.4299999999999999933, -1.580000000000000071, 2.899999999999999911 ) ) ;
#429 = ORIENTED_EDGE ( 'NONE', *, *, #1871, .F. ) ;
#430 = CARTESIAN_POINT ( 'NONE',  ( -2.540000000000000036, -1.580000000000000071, 2.899999999999999911 ) ) ;
#431 = ORIENTED_EDGE ( 'NONE', *, *, #1704, .T. ) ;
#432 = LINE ( 'NONE', #1038, #1748 ) ;
#433 = EDGE_CURVE ( 'NONE', #1617, #1851, #1827, .T. ) ;
#434 = CARTESIAN_POINT ( 'NONE',  ( 1.489999999999999991, -4.890000000000000568, -0.02000000000000000042 ) ) ;
#435 = EDGE_LOOP ( 'NONE', ( #613, #1796, #153, #1103 ) ) ;
#436 = LINE ( 'NONE', #870, #1151 ) ;
#437 = VERTEX_POINT ( 'NONE', #370 ) ;
#438 = LINE ( 'NONE', #1621, #232 ) ;
#439 = VERTEX_POINT ( 'NONE', #956 ) ;
#440 = DIRECTION ( 'NONE',  ( 0.000000000000000000, 0.000000000000000000, 1.000000000000000000 ) ) ;
#441 = CARTESIAN_POINT ( 'NONE',  ( 0.3049999999999999933, 1.580000000000000071, 0.7299999999999999822 ) ) ;
#442 = ORIENTED_EDGE ( 'NONE', *, *, #1825, .T. ) ;
#443 = ADVANCED_FACE ( 'NONE', ( #550 ), #685, .T. ) ;
#444 = DIRECTION ( 'NONE',  ( 0.3481553119113956485, -0.8703882797784894265, -0.3481553119113956485 ) ) ;
#445 = EDGE_CURVE ( 'NONE', #1828, #24, #1569, .T. ) ;
#446 = EDGE_CURVE ( 'NONE', #1267, #1287, #1708, .T. ) ;
#447 = PLANE ( 'NONE',  #9 ) ;
#448 = EDGE_LOOP ( 'NONE', ( #226, #175, #1117, #782 ) ) ;
#449 = VECTOR ( 'NONE', #1255, 1000.000000000000000 ) ;
#450 = VECTOR ( 'NONE', #145, 1000.000000000000000 ) ;
#451 = AXIS2_PLACEMENT_3D ( 'NONE', #611, #16, #311 ) ;
#452 = CARTESIAN_POINT ( 'NONE',  ( 2.540000000000000036, 1.580000000000000071, -2.899999999999999911 ) ) ;
#453 = VECTOR ( 'NONE', #837, 999.9999999999998863 ) ;
#454 = CARTESIAN_POINT ( 'NONE',  ( -2.109999999999999876, -0.9399999999999999467, 2.899999999999999911 ) ) ;
#455 = ORIENTED_EDGE ( 'NONE', *, *, #142, .F. ) ;
#456 = CARTESIAN_POINT ( 'NONE',  ( -2.540000000000000036, 1.580000000000000071, -2.899999999999999911 ) ) ;
#457 = LINE ( 'NONE', #1485, #1891 ) ;
#458 = ADVANCED_FACE ( 'NONE', ( #707 ), #1430, .F. ) ;
#459 = EDGE_CURVE ( 'NONE', #1829, #522, #97, .T. ) ;
#460 = FACE_OUTER_BOUND ( 'NONE', #402, .T. ) ;
#461 = ORIENTED_EDGE ( 'NONE', *, *, #103, .T. ) ;
#462 = FACE_OUTER_BOUND ( 'NONE', #788, .T. ) ;
#463 = CARTESIAN_POINT ( 'NONE',  ( -1.590000000000000080, -4.639999999999999680, 0.2999999999999999889 ) ) ;
#464 = VERTEX_POINT ( 'NONE', #1294 ) ;
#465 = DIRECTION ( 'NONE',  ( 0.000000000000000000, -1.000000000000000000, 0.000000000000000000 ) ) ;
#466 = PLANE ( 'NONE',  #197 ) ;
#467 = DIRECTION ( 'NONE',  ( 0.000000000000000000, 1.000000000000000000, 0.000000000000000000 ) ) ;
#468 = EDGE_LOOP ( 'NONE', ( #900, #71, #1044, #1442, #1603, #871 ) ) ;
#469 = ADVANCED_FACE ( 'NONE', ( #1585 ), #1853, .F. ) ;
#470 = EDGE_CURVE ( 'NONE', #112, #774, #1422, .T. ) ;
#471 = FACE_OUTER_BOUND ( 'NONE', #600, .T. ) ;
#472 = DIRECTION ( 'NONE',  ( -1.000000000000000000, 0.000000000000000000, 0.000000000000000000 ) ) ;
#473 = VERTEX_POINT ( 'NONE', #697 ) ;
#474 = PLANE ( 'NONE',  #1122 ) ;
#475 = EDGE_CURVE ( 'NONE', #371, #1738, #390, .T. ) ;
#476 = DIRECTION ( 'NONE',  ( -1.000000000000000000, 0.000000000000000000, 0.000000000000000000 ) ) ;
#477 = CARTESIAN_POINT ( 'NONE',  ( 0.9970223243002999114, 10.12000000000000099, -1.899999999999999911 ) ) ;
#478 = CARTESIAN_POINT ( 'NONE',  ( 1.270000000000000018, 5.400000000000000355, -1.369999999999999885 ) ) ;
#479 = ORIENTED_EDGE ( 'NONE', *, *, #220, .F. ) ;
#480 = ORIENTED_EDGE ( 'NONE', *, *, #470, .F. ) ;
#481 = AXIS2_PLACEMENT_3D ( 'NONE', #1502, #1666, #1085 ) ;
#482 = VECTOR ( 'NONE', #896, 1000.000000000000000 ) ;
#483 = VECTOR ( 'NONE', #110, 1000.000000000000000 ) ;
#484 = ADVANCED_FACE ( 'NONE', ( #816 ), #676, .T. ) ;
#485 = CARTESIAN_POINT ( 'NONE',  ( -1.270000000000000018, 5.400000000000000355, -1.369999999999999885 ) ) ;
#486 = ORIENTED_EDGE ( 'NONE', *, *, #1912, .T. ) ;
#487 = DIRECTION ( 'NONE',  ( -1.000000000000000000, 0.000000000000000000, 0.000000000000000000 ) ) ;
#488 = VECTOR ( 'NONE', #1473, 1000.000000000000000 ) ;
#489 = FACE_OUTER_BOUND ( 'NONE', #643, .T. ) ;
#490 = LINE ( 'NONE', #649, #1248 ) ;
#491 = PLANE ( 'NONE',  #790 ) ;
#492 = DIRECTION ( 'NONE',  ( 0.000000000000000000, -1.000000000000000000, 0.000000000000000000 ) ) ;
#493 = ORIENTED_EDGE ( 'NONE', *, *, #960, .F. ) ;
#494 = ORIENTED_EDGE ( 'NONE', *, *, #813, .F. ) ;
#495 = DIRECTION ( 'NONE',  ( 0.000000000000000000, -0.9284766908852661871, 0.3713906763540865130 ) ) ;
#496 = ORIENTED_EDGE ( 'NONE', *, *, #1872, .F. ) ;
#497 = CARTESIAN_POINT ( 'NONE',  ( 2.109999999999999876, -0.9399999999999999467, 2.899999999999999911 ) ) ;
#498 = CARTESIAN_POINT ( 'NONE',  ( 1.270000000000000018, 8.830000000000000071, 0.2000000000000000111 ) ) ;
#499 = DIRECTION ( 'NONE',  ( 1.000000000000000000, 0.000000000000000000, 0.000000000000000000 ) ) ;
#500 = EDGE_CURVE ( 'NONE', #1035, #951, #80, .T. ) ;
#501 = FACE_OUTER_BOUND ( 'NONE', #844, .T. ) ;
#502 = DIRECTION ( 'NONE',  ( 0.000000000000000000, 0.000000000000000000, -1.000000000000000000 ) ) ;
#503 = ORIENTED_EDGE ( 'NONE', *, *, #206, .T. ) ;
#504 = VERTEX_POINT ( 'NONE', #1550 ) ;
#505 = DIRECTION ( 'NONE',  ( 1.000000000000000000, 0.000000000000000000, 0.000000000000000000 ) ) ;
#506 = CARTESIAN_POINT ( 'NONE',  ( -1.590000000000000080, -5.139999999999999680, -0.3400000000000000244 ) ) ;
#507 = CARTESIAN_POINT ( 'NONE',  ( -1.270000000000000018, 4.400000000000000355, -1.369999999999999885 ) ) ;
#508 = FACE_OUTER_BOUND ( 'NONE', #1474, .T. ) ;
#509 = ADVANCED_FACE ( 'NONE', ( #1265 ), #1128, .T. ) ;
#510 = FACE_OUTER_BOUND ( 'NONE', #1379, .T. ) ;
#511 = CARTESIAN_POINT ( 'NONE',  ( 2.540000000000000036, 1.580000000000000071, -2.899999999999999911 ) ) ;
#512 = EDGE_LOOP ( 'NONE', ( #934, #669, #1111, #922 ) ) ;
#513 = ADVANCED_FACE ( 'NONE', ( #399 ), #1728, .T. ) ;
#514 = ORIENTED_EDGE ( 'NONE', *, *, #459, .T. ) ;
#515 = AXIS2_PLACEMENT_3D ( 'NONE', #964, #417, #229 ) ;
#516 = CARTESIAN_POINT ( 'NONE',  ( -0.4299999999999999933, -0.9399999999999999467, 2.899999999999999911 ) ) ;
#517 = VECTOR ( 'NONE', #139, 1000.000000000000000 ) ;
#518 = CARTESIAN_POINT ( 'NONE',  ( 0.9499999999999999556, -4.639999999999999680, -0.3400000000000000244 ) ) ;
#519 = AXIS2_PLACEMENT_3D ( 'NONE', #748, #1481, #904 ) ;
#520 = CARTESIAN_POINT ( 'NONE',  ( 0.9970223243002999114, 10.12000000000000099, -2.899999999999999911 ) ) ;
#521 = LINE ( 'NONE', #1228, #160 ) ;
#522 = VERTEX_POINT ( 'NONE', #1286 ) ;
#523 = ORIENTED_EDGE ( 'NONE', *, *, #657, .T. ) ;
#524 = EDGE_CURVE ( 'NONE', #889, #1838, #1874, .T. ) ;
#525 = PRODUCT_DEFINITION_FORMATION_WITH_SPECIFIED_SOURCE ( 'ANY', '', #1163, .NOT_KNOWN. ) ;
#526 = FACE_OUTER_BOUND ( 'NONE', #1572, .T. ) ;
#527 =( LENGTH_UNIT ( ) NAMED_UNIT ( * ) SI_UNIT ( .MILLI., .METRE. ) );
#528 = ORIENTED_EDGE ( 'NONE', *, *, #679, .T. ) ;
#529 = DIRECTION ( 'NONE',  ( 0.000000000000000000, 0.000000000000000000, -1.000000000000000000 ) ) ;
#530 = DIRECTION ( 'NONE',  ( 0.000000000000000000, 0.000000000000000000, -1.000000000000000000 ) ) ;
#531 = ORIENTED_EDGE ( 'NONE', *, *, #321, .T. ) ;
#532 = ORIENTED_EDGE ( 'NONE', *, *, #729, .F. ) ;
#533 = EDGE_CURVE ( 'NONE', #774, #756, #992, .T. ) ;
#534 = EDGE_CURVE ( 'NONE', #1076, #350, #219, .T. ) ;
#535 = FACE_OUTER_BOUND ( 'NONE', #1322, .T. ) ;
#536 = FILL_AREA_STYLE ('',( #1574 ) ) ;
#537 = VERTEX_POINT ( 'NONE', #668 ) ;
#538 = DIRECTION ( 'NONE',  ( 0.000000000000000000, 0.000000000000000000, 1.000000000000000000 ) ) ;
#539 = CARTESIAN_POINT ( 'NONE',  ( -2.540000000000000036, -1.580000000000000071, -2.899999999999999911 ) ) ;
#540 = VERTEX_POINT ( 'NONE', #1256 ) ;
#541 = ORIENTED_EDGE ( 'NONE', *, *, #299, .T. ) ;
#542 = VERTEX_POINT ( 'NONE', #1845 ) ;
#543 = DIRECTION ( 'NONE',  ( 0.000000000000000000, -1.000000000000000000, 0.000000000000000000 ) ) ;
#544 = ADVANCED_FACE ( 'NONE', ( #213 ), #943, .T. ) ;
#545 = VECTOR ( 'NONE', #55, 999.9999999999998863 ) ;
#546 = DIRECTION ( 'NONE',  ( 0.000000000000000000, 0.000000000000000000, 1.000000000000000000 ) ) ;
#547 = ORIENTED_EDGE ( 'NONE', *, *, #1353, .F. ) ;
#548 = VECTOR ( 'NONE', #1285, 1000.000000000000000 ) ;
#549 = CARTESIAN_POINT ( 'NONE',  ( -1.270000000000000018, -4.890000000000000568, 0.2000000000000000111 ) ) ;
#550 = FACE_OUTER_BOUND ( 'NONE', #897, .T. ) ;
#551 = ORIENTED_EDGE ( 'NONE', *, *, #534, .T. ) ;
#552 = AXIS2_PLACEMENT_3D ( 'NONE', #1830, #958, #1112 ) ;
#553 = LINE ( 'NONE', #719, #1029 ) ;
#554 = CARTESIAN_POINT ( 'NONE',  ( -1.489999999999999991, -4.890000000000000568, -0.02000000000002000178 ) ) ;
#555 = CARTESIAN_POINT ( 'NONE',  ( -2.540000000000000036, -1.580000000000000071, -2.899999999999999911 ) ) ;
#556 = ORIENTED_EDGE ( 'NONE', *, *, #1447, .F. ) ;
#557 = DIRECTION ( 'NONE',  ( 0.000000000000000000, 0.000000000000000000, -1.000000000000000000 ) ) ;
#558 = CARTESIAN_POINT ( 'NONE',  ( 2.109999999999999876, -1.580000000000000071, -2.899999999999999911 ) ) ;
#559 = ORIENTED_EDGE ( 'NONE', *, *, #1834, .T. ) ;
#560 = EDGE_CURVE ( 'NONE', #1428, #1599, #1235, .T. ) ;
#561 = ORIENTED_EDGE ( 'NONE', *, *, #1021, .F. ) ;
#562 = PLANE ( 'NONE',  #1184 ) ;
#563 = ORIENTED_EDGE ( 'NONE', *, *, #400, .T. ) ;
#564 = LINE ( 'NONE', #955, #633 ) ;
#565 = DIRECTION ( 'NONE',  ( -1.000000000000000000, 0.000000000000000000, 0.000000000000000000 ) ) ;
#566 = ORIENTED_EDGE ( 'NONE', *, *, #903, .F. ) ;
#567 = EDGE_CURVE ( 'NONE', #709, #687, #1807, .T. ) ;
#568 = ORIENTED_EDGE ( 'NONE', *, *, #846, .F. ) ;
#569 = LINE ( 'NONE', #425, #294 ) ;
#570 = VERTEX_POINT ( 'NONE', #201 ) ;
#571 = CARTESIAN_POINT ( 'NONE',  ( 2.109999999999999876, -1.580000000000000071, -2.899999999999999911 ) ) ;
#572 = ORIENTED_EDGE ( 'NONE', *, *, #1556, .T. ) ;
#573 = AXIS2_PLACEMENT_3D ( 'NONE', #549, #1293, #1557 ) ;
#574 = VECTOR ( 'NONE', #256, 1000.000000000000000 ) ;
#575 = PLANE ( 'NONE',  #1840 ) ;
#576 = VERTEX_POINT ( 'NONE', #1516 ) ;
#577 = DIRECTION ( 'NONE',  ( 0.000000000000000000, 1.000000000000000000, 0.000000000000000000 ) ) ;
#578 = ORIENTED_EDGE ( 'NONE', *, *, #142, .T. ) ;
#579 = FACE_BOUND ( 'NONE', #1579, .T. ) ;
#580 = DIRECTION ( 'NONE',  ( 0.000000000000000000, 0.000000000000000000, -1.000000000000000000 ) ) ;
#581 = ORIENTED_EDGE ( 'NONE', *, *, #902, .T. ) ;
#582 = DIRECTION ( 'NONE',  ( 0.000000000000000000, 0.000000000000000000, -1.000000000000000000 ) ) ;
#583 = LINE ( 'NONE', #1168, #129 ) ;
#584 = ADVANCED_FACE ( 'NONE', ( #1653 ), #1826, .T. ) ;
#585 = LINE ( 'NONE', #866, #1188 ) ;
#586 = DIRECTION ( 'NONE',  ( -0.3481553119113956485, -0.8703882797784894265, 0.3481553119113956485 ) ) ;
#587 = LINE ( 'NONE', #722, #192 ) ;
#588 = ORIENTED_EDGE ( 'NONE', *, *, #960, .T. ) ;
#589 = CARTESIAN_POINT ( 'NONE',  ( 2.109999999999999876, -0.9399999999999999467, -2.899999999999999911 ) ) ;
#590 = CARTESIAN_POINT ( 'NONE',  ( -1.590000000000000080, -0.9399999999999999467, -0.3400000000000000244 ) ) ;
#591 = ORIENTED_EDGE ( 'NONE', *, *, #36, .F. ) ;
#592 = CARTESIAN_POINT ( 'NONE',  ( -0.9970223243002999114, 10.12000000000000099, -1.899999999999999911 ) ) ;
#593 = PLANE ( 'NONE',  #1006 ) ;
#594 = ORIENTED_EDGE ( 'NONE', *, *, #1580, .T. ) ;
#595 = ADVANCED_FACE ( 'NONE', ( #510, #1818 ), #491, .F. ) ;
#596 = CARTESIAN_POINT ( 'NONE',  ( -1.590000000000000080, 1.580000000000000071, 0.2999999999999999889 ) ) ;
#597 = DIRECTION ( 'NONE',  ( 0.000000000000000000, 0.000000000000000000, 1.000000000000000000 ) ) ;
#598 = VECTOR ( 'NONE', #122, 1000.000000000000000 ) ;
#599 = LINE ( 'NONE', #1052, #1316 ) ;
#600 = EDGE_LOOP ( 'NONE', ( #1675, #547, #1450, #1870 ) ) ;
#601 = VECTOR ( 'NONE', #492, 1000.000000000000000 ) ;
#602 = VECTOR ( 'NONE', #1359, 1000.000000000000114 ) ;
#603 = PLANE ( 'NONE',  #759 ) ;
#604 = CARTESIAN_POINT ( 'NONE',  ( -1.389999999999999902, 9.080000000000000071, 0.09999999999998999967 ) ) ;
#605 = ORIENTED_EDGE ( 'NONE', *, *, #1126, .T. ) ;
#606 = DIRECTION ( 'NONE',  ( 0.000000000000000000, 0.000000000000000000, -1.000000000000000000 ) ) ;
#607 = LINE ( 'NONE', #589, #293 ) ;
#608 = ADVANCED_FACE ( 'NONE', ( #1088 ), #1388, .T. ) ;
#609 = FACE_OUTER_BOUND ( 'NONE', #1641, .T. ) ;
#610 = VERTEX_POINT ( 'NONE', #1061 ) ;
#611 = CARTESIAN_POINT ( 'NONE',  ( -2.540000000000000036, -1.580000000000000071, 2.899999999999999911 ) ) ;
#612 = DIRECTION ( 'NONE',  ( 0.000000000000000000, 1.000000000000000000, 0.000000000000000000 ) ) ;
#613 = ORIENTED_EDGE ( 'NONE', *, *, #35, .T. ) ;
#614 = CARTESIAN_POINT ( 'NONE',  ( 1.590000000000000080, -4.639999999999999680, -0.3400000000000000244 ) ) ;
#615 = FACE_OUTER_BOUND ( 'NONE', #1150, .T. ) ;
#616 = PLANE ( 'NONE',  #227 ) ;
#617 = FACE_OUTER_BOUND ( 'NONE', #861, .T. ) ;
#618 = ORIENTED_EDGE ( 'NONE', *, *, #1703, .T. ) ;
#619 = ORIENTED_EDGE ( 'NONE', *, *, #1328, .T. ) ;
#620 = ADVANCED_FACE ( 'NONE', ( #767 ), #616, .T. ) ;
#621 = EDGE_CURVE ( 'NONE', #704, #439, #1681, .T. ) ;
#622 = CARTESIAN_POINT ( 'NONE',  ( -0.3049999999999999933, -1.580000000000000071, 0.7299999999999999822 ) ) ;
#623 = CARTESIAN_POINT ( 'NONE',  ( 2.540000000000000036, 1.580000000000000071, 2.899999999999999911 ) ) ;
#624 = ORIENTED_EDGE ( 'NONE', *, *, #410, .F. ) ;
#625 = DIRECTION ( 'NONE',  ( -0.3481553119113956485, -0.8703882797784894265, 0.3481553119113956485 ) ) ;
#626 = DIRECTION ( 'NONE',  ( 0.3420201433256990775, 0.9396926207858972147, 0.000000000000000000 ) ) ;
#627 = DIRECTION ( 'NONE',  ( 0.3420201433256990775, -0.9396926207858972147, 0.000000000000000000 ) ) ;
#628 = CARTESIAN_POINT ( 'NONE',  ( 1.270000000000000018, 4.400000000000000355, -1.369999999999999885 ) ) ;
#629 = ORIENTED_EDGE ( 'NONE', *, *, #8, .T. ) ;
#630 = ORIENTED_EDGE ( 'NONE', *, *, #1126, .F. ) ;
#631 = ADVANCED_FACE ( 'NONE', ( #501 ), #1835, .T. ) ;
#632 = VECTOR ( 'NONE', #240, 1000.000000000000000 ) ;
#633 = VECTOR ( 'NONE', #96, 1000.000000000000000 ) ;
#634 = AXIS2_PLACEMENT_3D ( 'NONE', #19, #487, #1637 ) ;
#635 = FACE_OUTER_BOUND ( 'NONE', #1186, .T. ) ;
#636 = ORIENTED_EDGE ( 'NONE', *, *, #1721, .F. ) ;
#637 = CARTESIAN_POINT ( 'NONE',  ( -1.590000000000000080, 0.000000000000000000, 0.000000000000000000 ) ) ;
#638 = VECTOR ( 'NONE', #655, 1000.000000000000000 ) ;
#639 = CARTESIAN_POINT ( 'NONE',  ( -0.9499999999999999556, 8.580000000000000071, 0.2999999999999999889 ) ) ;
#640 = DIRECTION ( 'NONE',  ( 1.000000000000000000, 0.000000000000000000, 0.000000000000000000 ) ) ;
#641 = DIRECTION ( 'NONE',  ( -1.000000000000000000, 0.000000000000000000, 0.000000000000000000 ) ) ;
#642 = ORIENTED_EDGE ( 'NONE', *, *, #351, .F. ) ;
#643 = EDGE_LOOP ( 'NONE', ( #906, #111, #572, #78 ) ) ;
#644 = EDGE_CURVE ( 'NONE', #38, #1454, #330, .T. ) ;
#645 = CARTESIAN_POINT ( 'NONE',  ( -1.590000000000000080, 1.580000000000000071, 0.2999999999999999889 ) ) ;
#646 = CARTESIAN_POINT ( 'NONE',  ( 1.590000000000000080, -0.9399999999999999467, 0.2999999999999999889 ) ) ;
#647 = EDGE_CURVE ( 'NONE', #1143, #376, #808, .T. ) ;
#648 = LINE ( 'NONE', #784, #263 ) ;
#649 = CARTESIAN_POINT ( 'NONE',  ( -1.590000000000000080, 8.580000000000000071, -0.3400000000000000244 ) ) ;
#650 = DIRECTION ( 'NONE',  ( -0.000000000000000000, 1.000000000000000000, 0.000000000000000000 ) ) ;
#651 = DIRECTION ( 'NONE',  ( 0.000000000000000000, 1.000000000000000000, 0.000000000000000000 ) ) ;
#652 = ORIENTED_EDGE ( 'NONE', *, *, #383, .T. ) ;
#653 = VERTEX_POINT ( 'NONE', #1671 ) ;
#654 = CARTESIAN_POINT ( 'NONE',  ( -0.9499999999999999556, 8.580000000000000071, 0.2999999999999999889 ) ) ;
#655 = DIRECTION ( 'NONE',  ( 0.000000000000000000, -1.000000000000000000, 0.000000000000000000 ) ) ;
#656 = DIRECTION ( 'NONE',  ( 1.000000000000000000, 0.000000000000000000, 0.000000000000000000 ) ) ;
#657 = EDGE_CURVE ( 'NONE', #24, #1587, #1398, .T. ) ;
#658 = LINE ( 'NONE', #179, #1277 ) ;
#659 = CARTESIAN_POINT ( 'NONE',  ( 0.9499999999999999556, -0.9399999999999999467, 0.2999999999999999889 ) ) ;
#660 = VERTEX_POINT ( 'NONE', #1364 ) ;
#661 = VECTOR ( 'NONE', #793, 1000.000000000000000 ) ;
#662 = VECTOR ( 'NONE', #627, 1000.000000000000227 ) ;
#663 = LINE ( 'NONE', #1120, #700 ) ;
#664 = AXIS2_PLACEMENT_3D ( 'NONE', #375, #1548, #1566 ) ;
#665 = PLANE ( 'NONE',  #231 ) ;
#666 = EDGE_CURVE ( 'NONE', #437, #1838, #658, .T. ) ;
#667 = DIRECTION ( 'NONE',  ( 0.000000000000000000, 0.000000000000000000, -1.000000000000000000 ) ) ;
#668 = CARTESIAN_POINT ( 'NONE',  ( -1.270000000000000018, 9.369999999999999218, -1.899999999999999911 ) ) ;
#669 = ORIENTED_EDGE ( 'NONE', *, *, #838, .T. ) ;
#670 = EDGE_CURVE ( 'NONE', #653, #1287, #347, .T. ) ;
#671 = EDGE_LOOP ( 'NONE', ( #141, #917, #1124, #1211 ) ) ;
#672 = CARTESIAN_POINT ( 'NONE',  ( -0.9499999999999999556, 8.580000000000000071, -0.3400000000000000244 ) ) ;
#673 = CARTESIAN_POINT ( 'NONE',  ( 0.4299999999999999933, -1.580000000000000071, 2.899999999999999911 ) ) ;
#674 = ORIENTED_EDGE ( 'NONE', *, *, #1506, .F. ) ;
#675 = CARTESIAN_POINT ( 'NONE',  ( -1.270000000000000018, 2.180000000000000160, -1.300000000000000044 ) ) ;
#676 = PLANE ( 'NONE',  #1710 ) ;
#677 = ORIENTED_EDGE ( 'NONE', *, *, #12, .F. ) ;
#678 = ORIENTED_EDGE ( 'NONE', *, *, #252, .T. ) ;
#679 = EDGE_CURVE ( 'NONE', #1076, #1428, #1243, .T. ) ;
#680 = DIRECTION ( 'NONE',  ( -1.000000000000000000, 0.000000000000000000, 0.000000000000000000 ) ) ;
#681 = EDGE_CURVE ( 'NONE', #537, #1911, #1690, .T. ) ;
#682 = LINE ( 'NONE', #518, #821 ) ;
#683 = EDGE_LOOP ( 'NONE', ( #1656, #1166, #1053, #588 ) ) ;
#684 = CARTESIAN_POINT ( 'NONE',  ( 1.389999999999999902, -5.139999999999999680, 0.09999999999998999967 ) ) ;
#685 = PLANE ( 'NONE',  #1615 ) ;
#686 = ORIENTED_EDGE ( 'NONE', *, *, #802, .T. ) ;
#687 = VERTEX_POINT ( 'NONE', #1498 ) ;
#688 = EDGE_CURVE ( 'NONE', #189, #1063, #1354, .T. ) ;
#689 = DIRECTION ( 'NONE',  ( 1.000000000000000000, 0.000000000000000000, 0.000000000000000000 ) ) ;
#690 = AXIS2_PLACEMENT_3D ( 'NONE', #713, #1299, #1011 ) ;
#691 = ADVANCED_FACE ( 'NONE', ( #1568 ), #1718, .T. ) ;
#692 = VECTOR ( 'NONE', #667, 1000.000000000000000 ) ;
#693 = LINE ( 'NONE', #673, #161 ) ;
#694 = VERTEX_POINT ( 'NONE', #218 ) ;
#695 = VECTOR ( 'NONE', #1152, 1000.000000000000000 ) ;
#696 = CARTESIAN_POINT ( 'NONE',  ( -1.149999999999999911, -5.139999999999999680, 0.09999999999998999967 ) ) ;
#697 = CARTESIAN_POINT ( 'NONE',  ( -1.149999999999999911, -5.139999999999999680, 0.09999999999998999967 ) ) ;
#698 = EDGE_LOOP ( 'NONE', ( #1012, #630, #47, #1110 ) ) ;
#699 = AXIS2_PLACEMENT_3D ( 'NONE', #746, #873, #1175 ) ;
#700 = VECTOR ( 'NONE', #1695, 1000.000000000000000 ) ;
#701 = EDGE_LOOP ( 'NONE', ( #629, #81, #286, #1518, #1706, #1607, #794, #1800, #1667 ) ) ;
#702 = EDGE_CURVE ( 'NONE', #1614, #1499, #991, .T. ) ;
#703 = DIRECTION ( 'NONE',  ( -0.3713906763540865130, 0.9284766908852661871, 0.000000000000000000 ) ) ;
#704 = VERTEX_POINT ( 'NONE', #259 ) ;
#705 = EDGE_CURVE ( 'NONE', #251, #687, #1844, .T. ) ;
#706 = LINE ( 'NONE', #983, #819 ) ;
#707 = FACE_OUTER_BOUND ( 'NONE', #1716, .T. ) ;
#708 = ORIENTED_EDGE ( 'NONE', *, *, #734, .F. ) ;
#709 = VERTEX_POINT ( 'NONE', #1405 ) ;
#710 = UNCERTAINTY_MEASURE_WITH_UNIT (LENGTH_MEASURE( 1.000000000000000082E-05 ), #1017, 'distance_accuracy_value', 'NONE');
#711 = DIRECTION ( 'NONE',  ( 0.000000000000000000, 0.000000000000000000, -1.000000000000000000 ) ) ;
#712 = LINE ( 'NONE', #1178, #1155 ) ;
#713 = CARTESIAN_POINT ( 'NONE',  ( 0.3049999999999999933, 1.580000000000000071, 0.7299999999999999822 ) ) ;
#714 = ORIENTED_EDGE ( 'NONE', *, *, #1329, .F. ) ;
#715 = CARTESIAN_POINT ( 'NONE',  ( -1.590000000000000080, -0.9399999999999999467, 0.2999999999999999889 ) ) ;
#716 = DIRECTION ( 'NONE',  ( 1.000000000000000000, 0.000000000000000000, 0.000000000000000000 ) ) ;
#717 = ORIENTED_EDGE ( 'NONE', *, *, #1547, .T. ) ;
#718 = LINE ( 'NONE', #1304, #1806 ) ;
#719 = CARTESIAN_POINT ( 'NONE',  ( -1.590000000000000080, -0.9399999999999999467, 0.2999999999999999889 ) ) ;
#720 = FILL_AREA_STYLE ('',( #123 ) ) ;
#721 = LINE ( 'NONE', #895, #1033 ) ;
#722 = CARTESIAN_POINT ( 'NONE',  ( 0.4299999999999999933, -1.580000000000000071, -2.899999999999999911 ) ) ;
#723 = ORIENTED_EDGE ( 'NONE', *, *, #986, .T. ) ;
#724 = VECTOR ( 'NONE', #127, 1000.000000000000000 ) ;
#725 = VECTOR ( 'NONE', #1239, 1000.000000000000000 ) ;
#726 = CARTESIAN_POINT ( 'NONE',  ( -0.4299999999999999933, -0.9399999999999999467, -2.899999999999999911 ) ) ;
#727 = EDGE_LOOP ( 'NONE', ( #341, #397, #978, #1416 ) ) ;
#728 = VECTOR ( 'NONE', #1662, 1000.000000000000000 ) ;
#729 = EDGE_CURVE ( 'NONE', #740, #1302, #975, .T. ) ;
#730 = VECTOR ( 'NONE', #656, 1000.000000000000000 ) ;
#731 = LINE ( 'NONE', #1024, #1774 ) ;
#732 = DIRECTION ( 'NONE',  ( 0.000000000000000000, 1.000000000000000000, 0.000000000000000000 ) ) ;
#733 = AXIS2_PLACEMENT_3D ( 'NONE', #1196, #1458, #1317 ) ;
#734 = EDGE_CURVE ( 'NONE', #740, #687, #1421, .T. ) ;
#735 = STYLED_ITEM ( 'NONE', ( #1138 ), #249 ) ;
#736 = DIRECTION ( 'NONE',  ( 0.000000000000000000, 0.000000000000000000, -1.000000000000000000 ) ) ;
#737 = ORIENTED_EDGE ( 'NONE', *, *, #533, .T. ) ;
#738 = LINE ( 'NONE', #1736, #968 ) ;
#739 = FACE_OUTER_BOUND ( 'NONE', #394, .T. ) ;
#740 = VERTEX_POINT ( 'NONE', #1134 ) ;
#741 = ADVANCED_FACE ( 'NONE', ( #1141 ), #1727, .T. ) ;
#742 = CARTESIAN_POINT ( 'NONE',  ( 1.590000000000000080, -4.639999999999999680, -0.3400000000000000244 ) ) ;
#743 = VERTEX_POINT ( 'NONE', #369 ) ;
#744 = PLANE ( 'NONE',  #356 ) ;
#745 = CARTESIAN_POINT ( 'NONE',  ( 0.4299999999999999933, -0.9399999999999999467, 2.899999999999999911 ) ) ;
#746 = CARTESIAN_POINT ( 'NONE',  ( 1.270000000000000018, 8.830000000000000071, -0.2400000000000000189 ) ) ;
#747 = EDGE_LOOP ( 'NONE', ( #1423, #678, #827, #1412 ) ) ;
#748 = CARTESIAN_POINT ( 'NONE',  ( -2.540000000000000036, 0.000000000000000000, 0.000000000000000000 ) ) ;
#749 = DIRECTION ( 'NONE',  ( 0.000000000000000000, -0.3713906763540865685, -0.9284766908852662981 ) ) ;
#750 = EDGE_LOOP ( 'NONE', ( #1016, #1876, #349, #1896 ) ) ;
#751 = EDGE_CURVE ( 'NONE', #1545, #952, #1127, .T. ) ;
#752 = CARTESIAN_POINT ( 'NONE',  ( 2.109999999999999876, -1.580000000000000071, 2.899999999999999911 ) ) ;
#753 = DIRECTION ( 'NONE',  ( 0.000000000000000000, 1.000000000000000000, 0.000000000000000000 ) ) ;
#754 = VECTOR ( 'NONE', #732, 1000.000000000000000 ) ;
#755 = DIRECTION ( 'NONE',  ( 1.000000000000000000, 0.000000000000000000, 0.000000000000000000 ) ) ;
#756 = VERTEX_POINT ( 'NONE', #824 ) ;
#757 = AXIS2_PLACEMENT_3D ( 'NONE', #798, #187, #1227 ) ;
#758 = AXIS2_PLACEMENT_3D ( 'NONE', #1375, #947, #936 ) ;
#759 = AXIS2_PLACEMENT_3D ( 'NONE', #1798, #1643, #1335 ) ;
#760 = LINE ( 'NONE', #622, #1564 ) ;
#761 = CARTESIAN_POINT ( 'NONE',  ( 0.9499999999999999556, -4.639999999999999680, 0.2999999999999999889 ) ) ;
#762 = ORIENTED_EDGE ( 'NONE', *, *, #567, .F. ) ;
#763 = CARTESIAN_POINT ( 'NONE',  ( -1.590000000000000080, 8.580000000000000071, -0.3400000000000000244 ) ) ;
#764 = CARTESIAN_POINT ( 'NONE',  ( 1.590000000000000080, -4.639999999999999680, 0.2999999999999999889 ) ) ;
#765 = ADVANCED_FACE ( 'NONE', ( #1860 ), #1873, .T. ) ;
#766 = EDGE_CURVE ( 'NONE', #473, #780, #406, .T. ) ;
#767 = FACE_OUTER_BOUND ( 'NONE', #427, .T. ) ;
#768 = CARTESIAN_POINT ( 'NONE',  ( -0.9970223243002999114, 10.12000000000000099, -2.899999999999999911 ) ) ;
#769 = EDGE_LOOP ( 'NONE', ( #1140, #204, #1271, #308 ) ) ;
#770 = VERTEX_POINT ( 'NONE', #109 ) ;
#771 = PRODUCT_CONTEXT ( 'NONE', #1665, 'mechanical' ) ;
#772 = PLANE ( 'NONE',  #823 ) ;
#773 = DIRECTION ( 'NONE',  ( 1.000000000000000000, 0.000000000000000000, 0.000000000000000000 ) ) ;
#774 = VERTEX_POINT ( 'NONE', #1439 ) ;
#775 = FACE_OUTER_BOUND ( 'NONE', #977, .T. ) ;
#776 = CARTESIAN_POINT ( 'NONE',  ( 1.389999999999999902, 9.080000000000000071, -0.1399999999999999856 ) ) ;
#777 = DIRECTION ( 'NONE',  ( 0.000000000000000000, 1.000000000000000000, 0.000000000000000000 ) ) ;
#778 = DIRECTION ( 'NONE',  ( 1.000000000000000000, 0.000000000000000000, 0.000000000000000000 ) ) ;
#779 = EDGE_LOOP ( 'NONE', ( #291, #1820, #1885, #1130, #993, #594, #618, #851, #1791, #181, #503, #119 ) ) ;
#780 = VERTEX_POINT ( 'NONE', #1698 ) ;
#781 = DIRECTION ( 'NONE',  ( 1.000000000000000000, 0.000000000000000000, 0.000000000000000000 ) ) ;
#782 = ORIENTED_EDGE ( 'NONE', *, *, #1849, .F. ) ;
#783 = DIRECTION ( 'NONE',  ( -1.000000000000000000, 0.000000000000000000, 0.000000000000000000 ) ) ;
#784 = CARTESIAN_POINT ( 'NONE',  ( -0.3049999999999999933, 1.580000000000000071, -0.7699999999999999067 ) ) ;
#785 = CARTESIAN_POINT ( 'NONE',  ( -1.590000000000000080, -5.139999999999999680, 0.2999999999999999889 ) ) ;
#786 = CARTESIAN_POINT ( 'NONE',  ( -1.270000000000000018, 3.870000000000000107, -1.899999999999999911 ) ) ;
#787 = ORIENTED_EDGE ( 'NONE', *, *, #82, .T. ) ;
#788 = EDGE_LOOP ( 'NONE', ( #335, #1645, #1813, #116 ) ) ;
#789 = EDGE_CURVE ( 'NONE', #1337, #537, #706, .T. ) ;
#790 = AXIS2_PLACEMENT_3D ( 'NONE', #1507, #169, #1072 ) ;
#791 = ADVANCED_FACE ( 'NONE', ( #1576 ), #247, .F. ) ;
#792 = VECTOR ( 'NONE', #476, 1000.000000000000000 ) ;
#793 = DIRECTION ( 'NONE',  ( -1.000000000000000000, 0.000000000000000000, 0.000000000000000000 ) ) ;
#794 = ORIENTED_EDGE ( 'NONE', *, *, #1857, .F. ) ;
#795 = FACE_OUTER_BOUND ( 'NONE', #1391, .T. ) ;
#796 = AXIS2_PLACEMENT_3D ( 'NONE', #506, #1362, #29 ) ;
#797 = DIRECTION ( 'NONE',  ( 0.000000000000000000, 0.000000000000000000, -1.000000000000000000 ) ) ;
#798 = CARTESIAN_POINT ( 'NONE',  ( 1.270000000000000018, -4.890000000000000568, 0.2000000000000000111 ) ) ;
#799 = LINE ( 'NONE', #53, #1680 ) ;
#800 = ORIENTED_EDGE ( 'NONE', *, *, #1222, .T. ) ;
#801 = ORIENTED_EDGE ( 'NONE', *, *, #1060, .F. ) ;
#802 = EDGE_CURVE ( 'NONE', #1575, #1522, #1264, .T. ) ;
#803 = EDGE_CURVE ( 'NONE', #836, #951, #564, .T. ) ;
#804 = LINE ( 'NONE', #654, #725 ) ;
#805 = DIRECTION ( 'NONE',  ( 1.000000000000000000, 0.000000000000000000, 0.000000000000000000 ) ) ;
#806 = DIRECTION ( 'NONE',  ( 0.000000000000000000, 0.000000000000000000, -1.000000000000000000 ) ) ;
#807 = EDGE_CURVE ( 'NONE', #473, #540, #1115, .T. ) ;
#808 = LINE ( 'NONE', #920, #728 ) ;
#809 = DIRECTION ( 'NONE',  ( 0.000000000000000000, -1.000000000000000000, 0.000000000000000000 ) ) ;
#810 = ORIENTED_EDGE ( 'NONE', *, *, #1403, .F. ) ;
#811 = ORIENTED_EDGE ( 'NONE', *, *, #215, .T. ) ;
#812 = LINE ( 'NONE', #1565, #1382 ) ;
#813 = EDGE_CURVE ( 'NONE', #1287, #1529, #1549, .T. ) ;
#814 = LINE ( 'NONE', #85, #1893 ) ;
#815 = CARTESIAN_POINT ( 'NONE',  ( 0.9499999999999999556, 8.580000000000000071, -0.3400000000000000244 ) ) ;
#816 = FACE_OUTER_BOUND ( 'NONE', #973, .T. ) ;
#817 = ORIENTED_EDGE ( 'NONE', *, *, #278, .F. ) ;
#818 = AXIS2_PLACEMENT_3D ( 'NONE', #1383, #781, #612 ) ;
#819 = VECTOR ( 'NONE', #538, 1000.000000000000000 ) ;
#820 = PLANE ( 'NONE',  #946 ) ;
#821 = VECTOR ( 'NONE', #1419, 1000.000000000000000 ) ;
#822 = VERTEX_POINT ( 'NONE', #881 ) ;
#823 = AXIS2_PLACEMENT_3D ( 'NONE', #1488, #4, #26 ) ;
#824 = CARTESIAN_POINT ( 'NONE',  ( 0.4299999999999999933, -0.9399999999999999467, -2.899999999999999911 ) ) ;
#825 = DIRECTION ( 'NONE',  ( 0.000000000000000000, -1.000000000000000000, 0.000000000000000000 ) ) ;
#826 = EDGE_CURVE ( 'NONE', #570, #148, #1765, .T. ) ;
#827 = ORIENTED_EDGE ( 'NONE', *, *, #287, .T. ) ;
#828 = ORIENTED_EDGE ( 'NONE', *, *, #1329, .T. ) ;
#829 = LINE ( 'NONE', #1702, #1037 ) ;
#830 = LINE ( 'NONE', #77, #1742 ) ;
#831 = ORIENTED_EDGE ( 'NONE', *, *, #1045, .T. ) ;
#832 = CARTESIAN_POINT ( 'NONE',  ( 1.389999999999999902, -5.139999999999999680, 0.09999999999998999967 ) ) ;
#833 = CARTESIAN_POINT ( 'NONE',  ( 1.270000000000000018, 4.400000000000000355, -1.369999999999999885 ) ) ;
#834 = ORIENTED_EDGE ( 'NONE', *, *, #387, .T. ) ;
#835 = EDGE_CURVE ( 'NONE', #537, #1325, #1597, .T. ) ;
#836 = VERTEX_POINT ( 'NONE', #596 ) ;
#837 = DIRECTION ( 'NONE',  ( -0.3481553119113956485, -0.8703882797784894265, 0.3481553119113956485 ) ) ;
#838 = EDGE_CURVE ( 'NONE', #1384, #932, #738, .T. ) ;
#839 = SURFACE_STYLE_USAGE ( .BOTH. , #1842 ) ;
#840 = ORIENTED_EDGE ( 'NONE', *, *, #12, .T. ) ;
#841 = DIRECTION ( 'NONE',  ( 1.000000000000000000, 0.000000000000000000, 0.000000000000000000 ) ) ;
#842 = CARTESIAN_POINT ( 'NONE',  ( -0.9499999999999999556, 8.580000000000000071, 0.2999999999999999889 ) ) ;
#843 = EDGE_LOOP ( 'NONE', ( #83, #1266, #1217, #75 ) ) ;
#844 = EDGE_LOOP ( 'NONE', ( #817, #1915, #455, #811 ) ) ;
#845 = EDGE_CURVE ( 'NONE', #1821, #1829, #890, .T. ) ;
#846 = EDGE_CURVE ( 'NONE', #1821, #1133, #126, .T. ) ;
#847 =( NAMED_UNIT ( * ) PLANE_ANGLE_UNIT ( ) SI_UNIT ( $, .RADIAN. ) );
#848 = VECTOR ( 'NONE', #580, 1000.000000000000000 ) ;
#849 = VECTOR ( 'NONE', #778, 1000.000000000000000 ) ;
#850 = LINE ( 'NONE', #1270, #1065 ) ;
#851 = ORIENTED_EDGE ( 'NONE', *, *, #91, .T. ) ;
#852 = VECTOR ( 'NONE', #1213, 1000.000000000000000 ) ;
#853 = DIRECTION ( 'NONE',  ( 0.3481553119113956485, 0.8703882797784894265, 0.3481553119113956485 ) ) ;
#854 = DIRECTION ( 'NONE',  ( 0.000000000000000000, 0.000000000000000000, 1.000000000000000000 ) ) ;
#855 = ORIENTED_EDGE ( 'NONE', *, *, #1674, .T. ) ;
#856 =( GEOMETRIC_REPRESENTATION_CONTEXT ( 3 ) GLOBAL_UNCERTAINTY_ASSIGNED_CONTEXT ( ( #1768 ) ) GLOBAL_UNIT_ASSIGNED_CONTEXT ( ( #527, #961, #1298 ) ) REPRESENTATION_CONTEXT ( 'NONE', 'WORKASPACE' ) );
#857 = ORIENTED_EDGE ( 'NONE', *, *, #688, .T. ) ;
#858 =( LENGTH_UNIT ( ) NAMED_UNIT ( * ) SI_UNIT ( .MILLI., .METRE. ) );
#859 = EDGE_CURVE ( 'NONE', #1908, #1735, #1475, .T. ) ;
#860 = DIRECTION ( 'NONE',  ( 0.000000000000000000, 1.000000000000000000, 0.000000000000000000 ) ) ;
#861 = EDGE_LOOP ( 'NONE', ( #158, #1729, #86, #1275 ) ) ;
#862 = DIRECTION ( 'NONE',  ( 0.000000000000000000, -1.000000000000000000, 0.000000000000000000 ) ) ;
#863 = LINE ( 'NONE', #1476, #848 ) ;
#864 = ORIENTED_EDGE ( 'NONE', *, *, #1046, .T. ) ;
#865 = ORIENTED_EDGE ( 'NONE', *, *, #93, .T. ) ;
#866 = CARTESIAN_POINT ( 'NONE',  ( 1.389999999999999902, -5.139999999999999680, -0.1399999999999999856 ) ) ;
#867 = CARTESIAN_POINT ( 'NONE',  ( -2.540000000000000036, -1.580000000000000071, 2.899999999999999911 ) ) ;
#868 = ORIENTED_EDGE ( 'NONE', *, *, #1670, .T. ) ;
#869 = EDGE_CURVE ( 'NONE', #504, #1260, #436, .T. ) ;
#870 = CARTESIAN_POINT ( 'NONE',  ( -0.3049999999999999933, 1.580000000000000071, 0.7299999999999999822 ) ) ;
#871 = ORIENTED_EDGE ( 'NONE', *, *, #681, .F. ) ;
#872 = EDGE_CURVE ( 'NONE', #1829, #780, #1484, .T. ) ;
#873 = DIRECTION ( 'NONE',  ( 0.000000000000000000, 0.3713906763540865685, -0.9284766908852662981 ) ) ;
#874 = EDGE_LOOP ( 'NONE', ( #528, #190, #1562, #98 ) ) ;
#875 = DIRECTION ( 'NONE',  ( -1.000000000000000000, 0.000000000000000000, 0.000000000000000000 ) ) ;
#876 = LINE ( 'NONE', #454, #1592 ) ;
#877 = LINE ( 'NONE', #1482, #415 ) ;
#878 = ORIENTED_EDGE ( 'NONE', *, *, #1326, .F. ) ;
#879 = AXIS2_PLACEMENT_3D ( 'NONE', #745, #1756, #1917 ) ;
#880 = VECTOR ( 'NONE', #1682, 1000.000000000000000 ) ;
#881 = CARTESIAN_POINT ( 'NONE',  ( -1.389999999999999902, 9.080000000000000071, -0.1399999999999999856 ) ) ;
#882 = CARTESIAN_POINT ( 'NONE',  ( -1.590000000000000080, -4.639999999999999680, 0.2999999999999999889 ) ) ;
#883 = EDGE_CURVE ( 'NONE', #770, #1587, #1886, .T. ) ;
#884 = AXIS2_PLACEMENT_3D ( 'NONE', #1350, #926, #918 ) ;
#885 = CARTESIAN_POINT ( 'NONE',  ( -1.270000000000000018, 6.317986928012000014, -1.899999999999999911 ) ) ;
#886 = ORIENTED_EDGE ( 'NONE', *, *, #1079, .T. ) ;
#887 = APPLICATION_PROTOCOL_DEFINITION ( 'draft international standard', 'automotive_design', 1998, #1665 ) ;
#888 = CARTESIAN_POINT ( 'NONE',  ( -2.540000000000000036, -1.580000000000000071, -2.899999999999999911 ) ) ;
#889 = VERTEX_POINT ( 'NONE', #571 ) ;
#890 = LINE ( 'NONE', #1301, #695 ) ;
#891 = CARTESIAN_POINT ( 'NONE',  ( -1.270000000000000018, -4.890000000000000568, -0.2400000000000000189 ) ) ;
#892 = DIRECTION ( 'NONE',  ( -0.000000000000000000, 1.000000000000000000, 0.000000000000000000 ) ) ;
#893 = ORIENTED_EDGE ( 'NONE', *, *, #383, .F. ) ;
#894 = ADVANCED_FACE ( 'NONE', ( #416 ), #744, .T. ) ;
#895 = CARTESIAN_POINT ( 'NONE',  ( 1.590000000000000080, 8.580000000000000071, 0.2999999999999999889 ) ) ;
#896 = DIRECTION ( 'NONE',  ( 0.000000000000000000, -1.000000000000000000, 0.000000000000000000 ) ) ;
#897 = EDGE_LOOP ( 'NONE', ( #172, #1571, #325, #1247, #1701, #1673, #261, #800, #925, #1357, #551, #1881, #1640, #1069, #965, #108, #1683, #1407 ) ) ;
#898 = DIRECTION ( 'NONE',  ( -1.000000000000000000, 0.000000000000000000, 0.000000000000000000 ) ) ;
#899 = PLANE ( 'NONE',  #733 ) ;
#900 = ORIENTED_EDGE ( 'NONE', *, *, #835, .T. ) ;
#901 = SHAPE_DEFINITION_REPRESENTATION ( #1627, #249 ) ;
#902 = EDGE_CURVE ( 'NONE', #952, #61, #1909, .T. ) ;
#903 = EDGE_CURVE ( 'NONE', #257, #756, #607, .T. ) ;
#904 = DIRECTION ( 'NONE',  ( 0.000000000000000000, 1.000000000000000000, 0.000000000000000000 ) ) ;
#905 = CARTESIAN_POINT ( 'NONE',  ( -0.4299999999999999933, -1.580000000000000071, -2.899999999999999911 ) ) ;
#906 = ORIENTED_EDGE ( 'NONE', *, *, #1553, .T. ) ;
#907 = CARTESIAN_POINT ( 'NONE',  ( -2.540000000000000036, 1.580000000000000071, 2.899999999999999911 ) ) ;
#908 = DIRECTION ( 'NONE',  ( 1.000000000000000000, 0.000000000000000000, 0.000000000000000000 ) ) ;
#909 = VECTOR ( 'NONE', #353, 1000.000000000000000 ) ;
#910 = DIRECTION ( 'NONE',  ( 0.3420201433256990775, 0.9396926207858972147, 0.000000000000000000 ) ) ;
#911 = ORIENTED_EDGE ( 'NONE', *, *, #1303, .T. ) ;
#912 = AXIS2_PLACEMENT_3D ( 'NONE', #398, #841, #228 ) ;
#913 = VECTOR ( 'NONE', #1469, 1000.000000000000000 ) ;
#914 = ADVANCED_FACE ( 'NONE', ( #1455, #1775, #1174, #579 ), #272, .T. ) ;
#915 = CARTESIAN_POINT ( 'NONE',  ( -1.149999999999999911, -5.139999999999999680, -0.1399999999999999856 ) ) ;
#916 = DIRECTION ( 'NONE',  ( 0.000000000000000000, 1.000000000000000000, 0.000000000000000000 ) ) ;
#917 = ORIENTED_EDGE ( 'NONE', *, *, #902, .F. ) ;
#918 = DIRECTION ( 'NONE',  ( 0.000000000000000000, 0.000000000000000000, -1.000000000000000000 ) ) ;
#919 = PLANE ( 'NONE',  #758 ) ;
#920 = CARTESIAN_POINT ( 'NONE',  ( 1.270000000000000018, 1.580000000000000071, -2.899999999999999911 ) ) ;
#921 = DIRECTION ( 'NONE',  ( 0.000000000000000000, 1.000000000000000000, 0.000000000000000000 ) ) ;
#922 = ORIENTED_EDGE ( 'NONE', *, *, #751, .F. ) ;
#923 = ORIENTED_EDGE ( 'NONE', *, *, #216, .T. ) ;
#924 = LINE ( 'NONE', #905, #1338 ) ;
#925 = ORIENTED_EDGE ( 'NONE', *, *, #997, .T. ) ;
#926 = DIRECTION ( 'NONE',  ( -1.000000000000000000, 0.000000000000000000, 0.000000000000000000 ) ) ;
#927 = DIRECTION ( 'NONE',  ( 0.000000000000000000, 0.000000000000000000, -1.000000000000000000 ) ) ;
#928 = EDGE_CURVE ( 'NONE', #1617, #1747, #1628, .T. ) ;
#929 = DIRECTION ( 'NONE',  ( 0.000000000000000000, 0.000000000000000000, 1.000000000000000000 ) ) ;
#930 = CARTESIAN_POINT ( 'NONE',  ( 1.389999999999999902, 9.080000000000000071, -0.1399999999999999856 ) ) ;
#931 = ORIENTED_EDGE ( 'NONE', *, *, #67, .F. ) ;
#932 = VERTEX_POINT ( 'NONE', #154 ) ;
#933 = DIRECTION ( 'NONE',  ( 0.000000000000000000, 0.000000000000000000, 1.000000000000000000 ) ) ;
#934 = ORIENTED_EDGE ( 'NONE', *, *, #1764, .T. ) ;
#935 = PLANE ( 'NONE',  #1220 ) ;
#936 = DIRECTION ( 'NONE',  ( 0.000000000000000000, 0.000000000000000000, -1.000000000000000000 ) ) ;
#937 = CARTESIAN_POINT ( 'NONE',  ( 0.9499999999999999556, 8.580000000000000071, 0.2999999999999999889 ) ) ;
#938 = CARTESIAN_POINT ( 'NONE',  ( 1.149999999999999911, 9.080000000000000071, 0.09999999999998999967 ) ) ;
#939 = ORIENTED_EDGE ( 'NONE', *, *, #1471, .F. ) ;
#940 = VECTOR ( 'NONE', #1734, 1000.000000000000000 ) ;
#941 = VECTOR ( 'NONE', #777, 1000.000000000000000 ) ;
#942 = AXIS2_PLACEMENT_3D ( 'NONE', #456, #1041, #1618 ) ;
#943 = PLANE ( 'NONE',  #99 ) ;
#944 = LINE ( 'NONE', #1511, #319 ) ;
#945 = DIRECTION ( 'NONE',  ( -1.000000000000000000, 0.000000000000000000, 0.000000000000000000 ) ) ;
#946 = AXIS2_PLACEMENT_3D ( 'NONE', #969, #214, #1411 ) ;
#947 = DIRECTION ( 'NONE',  ( 0.000000000000000000, -1.000000000000000000, 0.000000000000000000 ) ) ;
#948 = PLANE ( 'NONE',  #224 ) ;
#949 = DIRECTION ( 'NONE',  ( 1.000000000000000000, 0.000000000000000000, 0.000000000000000000 ) ) ;
#950 = FACE_OUTER_BOUND ( 'NONE', #683, .T. ) ;
#951 = VERTEX_POINT ( 'NONE', #1340 ) ;
#952 = VERTEX_POINT ( 'NONE', #1164 ) ;
#953 = CARTESIAN_POINT ( 'NONE',  ( 1.389999999999999902, 9.080000000000000071, 0.09999999999998999967 ) ) ;
#954 = DIRECTION ( 'NONE',  ( 0.000000000000000000, -1.000000000000000000, 0.000000000000000000 ) ) ;
#955 = CARTESIAN_POINT ( 'NONE',  ( -1.590000000000000080, 1.580000000000000071, 0.2999999999999999889 ) ) ;
#956 = CARTESIAN_POINT ( 'NONE',  ( -1.270000000000000018, 1.580000000000000071, -2.899999999999999911 ) ) ;
#957 = ORIENTED_EDGE ( 'NONE', *, *, #872, .F. ) ;
#958 = DIRECTION ( 'NONE',  ( -0.9284766908852662981, 0.3713906763540865685, 0.000000000000000000 ) ) ;
#959 = EDGE_CURVE ( 'NONE', #148, #990, #279, .T. ) ;
#960 = EDGE_CURVE ( 'NONE', #1575, #889, #306, .T. ) ;
#961 =( NAMED_UNIT ( * ) PLANE_ANGLE_UNIT ( ) SI_UNIT ( $, .RADIAN. ) );
#962 = ORIENTED_EDGE ( 'NONE', *, *, #500, .T. ) ;
#963 = CARTESIAN_POINT ( 'NONE',  ( -1.270000000000000018, 5.400000000000000355, -1.369999999999999885 ) ) ;
#964 = CARTESIAN_POINT ( 'NONE',  ( -1.270000000000000018, 9.369999999999999218, -1.899999999999999911 ) ) ;
#965 = ORIENTED_EDGE ( 'NONE', *, *, #524, .F. ) ;
#966 = ORIENTED_EDGE ( 'NONE', *, *, #36, .T. ) ;
#967 = VECTOR ( 'NONE', #921, 1000.000000000000000 ) ;
#968 = VECTOR ( 'NONE', #898, 1000.000000000000000 ) ;
#969 = CARTESIAN_POINT ( 'NONE',  ( 0.9499999999999999556, -5.139999999999999680, -0.3400000000000000244 ) ) ;
#970 = PRODUCT_RELATED_PRODUCT_CATEGORY ( 'part', '', ( #1163 ) ) ;
#971 = MECHANICAL_DESIGN_GEOMETRIC_PRESENTATION_REPRESENTATION (  '', ( #134 ), #856 ) ;
#972 = CARTESIAN_POINT ( 'NONE',  ( -1.590000000000000080, 8.580000000000000071, 0.2999999999999999889 ) ) ;
#973 = EDGE_LOOP ( 'NONE', ( #1567, #559, #865, #1882 ) ) ;
#974 = VECTOR ( 'NONE', #1783, 1000.000000000000000 ) ;
#975 = LINE ( 'NONE', #832, #692 ) ;
#976 = DIRECTION ( 'NONE',  ( 0.000000000000000000, -1.000000000000000000, 0.000000000000000000 ) ) ;
#977 = EDGE_LOOP ( 'NONE', ( #1230, #1740, #1020, #46 ) ) ;
#978 = ORIENTED_EDGE ( 'NONE', *, *, #803, .F. ) ;
#979 = CARTESIAN_POINT ( 'NONE',  ( -1.590000000000000080, -0.9399999999999999467, 0.2999999999999999889 ) ) ;
#980 = CARTESIAN_POINT ( 'NONE',  ( -2.540000000000000036, 1.580000000000000071, 2.899999999999999911 ) ) ;
#981 = ORIENTED_EDGE ( 'NONE', *, *, #1194, .F. ) ;
#982 = ADVANCED_FACE ( 'NONE', ( #1003 ), #1448, .T. ) ;
#983 = CARTESIAN_POINT ( 'NONE',  ( -1.270000000000000018, 9.369999999999999218, -2.899999999999999911 ) ) ;
#984 = CARTESIAN_POINT ( 'NONE',  ( 1.590000000000000080, 8.580000000000000071, -0.3400000000000000244 ) ) ;
#985 = ORIENTED_EDGE ( 'NONE', *, *, #182, .F. ) ;
#986 = EDGE_CURVE ( 'NONE', #990, #184, #1540, .T. ) ;
#987 = EDGE_LOOP ( 'NONE', ( #911, #401, #966, #313 ) ) ;
#988 = LINE ( 'NONE', #1581, #1619 ) ;
#989 = DIRECTION ( 'NONE',  ( 0.000000000000000000, 1.000000000000000000, 0.000000000000000000 ) ) ;
#990 = VERTEX_POINT ( 'NONE', #1679 ) ;
#991 = LINE ( 'NONE', #1707, #66 ) ;
#992 = LINE ( 'NONE', #260, #483 ) ;
#993 = ORIENTED_EDGE ( 'NONE', *, *, #302, .F. ) ;
#994 = EDGE_CURVE ( 'NONE', #1575, #437, #328, .T. ) ;
#995 = EDGE_LOOP ( 'NONE', ( #957, #305, #840, #1432 ) ) ;
#996 = DIRECTION ( 'NONE',  ( 0.000000000000000000, 0.000000000000000000, -1.000000000000000000 ) ) ;
#997 = EDGE_CURVE ( 'NONE', #1337, #363, #1804, .T. ) ;
#998 = AXIS2_PLACEMENT_3D ( 'NONE', #785, #52, #1794 ) ;
#999 = CARTESIAN_POINT ( 'NONE',  ( 1.590000000000000080, 0.000000000000000000, 0.000000000000000000 ) ) ;
#1000 = FACE_OUTER_BOUND ( 'NONE', #1544, .T. ) ;
#1001 = ORIENTED_EDGE ( 'NONE', *, *, #1536, .T. ) ;
#1002 = VECTOR ( 'NONE', #908, 1000.000000000000000 ) ;
#1003 = FACE_OUTER_BOUND ( 'NONE', #1118, .T. ) ;
#1004 = CARTESIAN_POINT ( 'NONE',  ( -1.270000000000000018, 2.180000000000000160, -1.899999999999999911 ) ) ;
#1005 = ORIENTED_EDGE ( 'NONE', *, *, #220, .T. ) ;
#1006 = AXIS2_PLACEMENT_3D ( 'NONE', #1444, #1884, #1771 ) ;
#1007 = ORIENTED_EDGE ( 'NONE', *, *, #705, .F. ) ;
#1008 = ADVANCED_FACE ( 'NONE', ( #30 ), #1638, .T. ) ;
#1009 = EDGE_CURVE ( 'NONE', #1318, #1179, #1514, .T. ) ;
#1010 = CARTESIAN_POINT ( 'NONE',  ( -0.4299999999999999933, -0.9399999999999999467, 2.899999999999999911 ) ) ;
#1011 = DIRECTION ( 'NONE',  ( 0.000000000000000000, 1.000000000000000000, 0.000000000000000000 ) ) ;
#1012 = ORIENTED_EDGE ( 'NONE', *, *, #1589, .F. ) ;
#1013 = DIRECTION ( 'NONE',  ( 0.000000000000000000, 0.000000000000000000, 1.000000000000000000 ) ) ;
#1014 = ORIENTED_EDGE ( 'NONE', *, *, #1904, .T. ) ;
#1015 = CARTESIAN_POINT ( 'NONE',  ( 1.590000000000000080, -0.9399999999999999467, 0.2999999999999999889 ) ) ;
#1016 = ORIENTED_EDGE ( 'NONE', *, *, #1413, .T. ) ;
#1017 =( LENGTH_UNIT ( ) NAMED_UNIT ( * ) SI_UNIT ( .MILLI., .METRE. ) );
#1018 = DIRECTION ( 'NONE',  ( 0.000000000000000000, 0.000000000000000000, 1.000000000000000000 ) ) ;
#1019 = CARTESIAN_POINT ( 'NONE',  ( -0.3049999999999999933, 1.580000000000000071, -0.7699999999999999067 ) ) ;
#1020 = ORIENTED_EDGE ( 'NONE', *, *, #1815, .T. ) ;
#1021 = EDGE_CURVE ( 'NONE', #1063, #371, #1824, .T. ) ;
#1022 = CARTESIAN_POINT ( 'NONE',  ( 0.3049999999999999933, 1.580000000000000071, -0.7699999999999999067 ) ) ;
#1023 = LINE ( 'NONE', #1456, #724 ) ;
#1024 = CARTESIAN_POINT ( 'NONE',  ( -0.9499999999999999556, 1.580000000000000071, -0.3400000000000000244 ) ) ;
#1025 = ORIENTED_EDGE ( 'NONE', *, *, #67, .T. ) ;
#1026 = CARTESIAN_POINT ( 'NONE',  ( -1.270000000000000018, 6.317986928012000014, -1.899999999999999911 ) ) ;
#1027 = DIRECTION ( 'NONE',  ( 0.000000000000000000, 0.000000000000000000, 1.000000000000000000 ) ) ;
#1028 = ORIENTED_EDGE ( 'NONE', *, *, #21, .F. ) ;
#1029 = VECTOR ( 'NONE', #1305, 1000.000000000000000 ) ;
#1030 = VECTOR ( 'NONE', #1215, 1000.000000000000000 ) ;
#1031 = EDGE_CURVE ( 'NONE', #1035, #1919, #41, .T. ) ;
#1032 = DIRECTION ( 'NONE',  ( 0.000000000000000000, 0.000000000000000000, 1.000000000000000000 ) ) ;
#1033 = VECTOR ( 'NONE', #1593, 1000.000000000000000 ) ;
#1034 = CARTESIAN_POINT ( 'NONE',  ( -0.4299999999999999933, -0.9399999999999999467, 2.899999999999999911 ) ) ;
#1035 = VERTEX_POINT ( 'NONE', #639 ) ;
#1036 = ADVANCED_FACE ( 'NONE', ( #489 ), #466, .T. ) ;
#1037 = VECTOR ( 'NONE', #56, 1000.000000000000000 ) ;
#1038 = CARTESIAN_POINT ( 'NONE',  ( 1.389999999999999902, -5.139999999999999680, 0.09999999999998999967 ) ) ;
#1039 = CARTESIAN_POINT ( 'NONE',  ( 1.389999999999999902, -5.139999999999999680, -0.1399999999999999856 ) ) ;
#1040 = ORIENTED_EDGE ( 'NONE', *, *, #838, .F. ) ;
#1041 = DIRECTION ( 'NONE',  ( -0.000000000000000000, 1.000000000000000000, 0.000000000000000000 ) ) ;
#1042 = ADVANCED_FACE ( 'NONE', ( #345 ), #1351, .T. ) ;
#1043 = CARTESIAN_POINT ( 'NONE',  ( 0.9970223243002999114, 10.12000000000000099, -1.899999999999999911 ) ) ;
#1044 = ORIENTED_EDGE ( 'NONE', *, *, #8, .F. ) ;
#1045 = EDGE_CURVE ( 'NONE', #1735, #1035, #1660, .T. ) ;
#1046 = EDGE_CURVE ( 'NONE', #1519, #1318, #1059, .T. ) ;
#1047 = FACE_OUTER_BOUND ( 'NONE', #874, .T. ) ;
#1048 = CARTESIAN_POINT ( 'NONE',  ( -1.149999999999999911, 9.080000000000000071, -0.1399999999999999856 ) ) ;
#1049 = EDGE_LOOP ( 'NONE', ( #523, #1446, #1420, #405 ) ) ;
#1050 = LINE ( 'NONE', #1513, #1343 ) ;
#1051 = DIRECTION ( 'NONE',  ( 0.000000000000000000, 0.000000000000000000, 1.000000000000000000 ) ) ;
#1052 = CARTESIAN_POINT ( 'NONE',  ( -1.270000000000000018, 5.400000000000000355, -1.369999999999999885 ) ) ;
#1053 = ORIENTED_EDGE ( 'NONE', *, *, #994, .F. ) ;
#1054 = EDGE_CURVE ( 'NONE', #148, #504, #648, .T. ) ;
#1055 = DIRECTION ( 'NONE',  ( 0.000000000000000000, 1.000000000000000000, 0.000000000000000000 ) ) ;
#1056 = LINE ( 'NONE', #623, #909 ) ;
#1057 = VERTEX_POINT ( 'NONE', #20 ) ;
#1058 = FACE_OUTER_BOUND ( 'NONE', #1711, .T. ) ;
#1059 = LINE ( 'NONE', #764, #1531 ) ;
#1060 = EDGE_CURVE ( 'NONE', #418, #1267, #168, .T. ) ;
#1061 = CARTESIAN_POINT ( 'NONE',  ( 0.3049999999999999933, -1.580000000000000071, 0.7299999999999999822 ) ) ;
#1062 = CARTESIAN_POINT ( 'NONE',  ( -1.590000000000000080, 0.000000000000000000, 0.000000000000000000 ) ) ;
#1063 = VERTEX_POINT ( 'NONE', #357 ) ;
#1064 = VECTOR ( 'NONE', #825, 1000.000000000000000 ) ;
#1065 = VECTOR ( 'NONE', #954, 1000.000000000000000 ) ;
#1066 =( NAMED_UNIT ( * ) SI_UNIT ( $, .STERADIAN. ) SOLID_ANGLE_UNIT ( ) );
#1067 = ADVANCED_FACE ( 'NONE', ( #615 ), #919, .T. ) ;
#1068 = LINE ( 'NONE', #1657, #1308 ) ;
#1069 = ORIENTED_EDGE ( 'NONE', *, *, #424, .F. ) ;
#1070 = CARTESIAN_POINT ( 'NONE',  ( 1.270000000000000018, 9.369999999999999218, -2.899999999999999911 ) ) ;
#1071 = CARTESIAN_POINT ( 'NONE',  ( -0.9499999999999999556, 0.000000000000000000, 0.000000000000000000 ) ) ;
#1072 = DIRECTION ( 'NONE',  ( 1.000000000000000000, 0.000000000000000000, 0.000000000000000000 ) ) ;
#1073 = FACE_OUTER_BOUND ( 'NONE', #1595, .T. ) ;
#1074 = ORIENTED_EDGE ( 'NONE', *, *, #1520, .T. ) ;
#1075 = LINE ( 'NONE', #1048, #661 ) ;
#1076 = VERTEX_POINT ( 'NONE', #1505 ) ;
#1077 = LINE ( 'NONE', #646, #974 ) ;
#1078 = DIRECTION ( 'NONE',  ( -0.000000000000000000, 0.3713906763540865685, 0.9284766908852662981 ) ) ;
#1079 = EDGE_CURVE ( 'NONE', #1750, #1757, #1525, .T. ) ;
#1080 = DIRECTION ( 'NONE',  ( 1.000000000000000000, 0.000000000000000000, 0.000000000000000000 ) ) ;
#1081 = LINE ( 'NONE', #478, #1801 ) ;
#1082 = EDGE_LOOP ( 'NONE', ( #855, #1809, #90, #864 ) ) ;
#1083 = VERTEX_POINT ( 'NONE', #1193 ) ;
#1084 = EDGE_CURVE ( 'NONE', #1311, #743, #1784, .T. ) ;
#1085 = DIRECTION ( 'NONE',  ( 0.000000000000000000, 1.000000000000000000, 0.000000000000000000 ) ) ;
#1086 = DIRECTION ( 'NONE',  ( 1.000000000000000000, 0.000000000000000000, 0.000000000000000000 ) ) ;
#1087 = DIRECTION ( 'NONE',  ( 0.3481553119113956485, -0.8703882797784894265, -0.3481553119113956485 ) ) ;
#1088 = FACE_OUTER_BOUND ( 'NONE', #380, .T. ) ;
#1089 = CARTESIAN_POINT ( 'NONE',  ( -0.4299999999999999933, -1.580000000000000071, 2.899999999999999911 ) ) ;
#1090 = ORIENTED_EDGE ( 'NONE', *, *, #1194, .T. ) ;
#1091 = ORIENTED_EDGE ( 'NONE', *, *, #1195, .T. ) ;
#1092 = VECTOR ( 'NONE', #37, 1000.000000000000000 ) ;
#1093 = EDGE_CURVE ( 'NONE', #112, #1417, #693, .T. ) ;
#1094 = VECTOR ( 'NONE', #502, 1000.000000000000000 ) ;
#1095 = VECTOR ( 'NONE', #1182, 1000.000000000000000 ) ;
#1096 = VECTOR ( 'NONE', #1659, 1000.000000000000000 ) ;
#1097 = LINE ( 'NONE', #76, #638 ) ;
#1098 = CARTESIAN_POINT ( 'NONE',  ( 0.9499999999999999556, 9.080000000000000071, 0.2999999999999999889 ) ) ;
#1099 = CARTESIAN_POINT ( 'NONE',  ( -1.590000000000000080, 8.580000000000000071, 0.2999999999999999889 ) ) ;
#1100 = PRESENTATION_LAYER_ASSIGNMENT (  '', '', ( #735 ) ) ;
#1101 = DIRECTION ( 'NONE',  ( 0.000000000000000000, 0.000000000000000000, 1.000000000000000000 ) ) ;
#1102 = DIRECTION ( 'NONE',  ( 0.000000000000000000, 0.000000000000000000, -1.000000000000000000 ) ) ;
#1103 = ORIENTED_EDGE ( 'NONE', *, *, #423, .T. ) ;
#1104 = ADVANCED_FACE ( 'NONE', ( #1554, #1832 ), #245, .F. ) ;
#1105 = EDGE_CURVE ( 'NONE', #418, #1529, #830, .T. ) ;
#1106 = DIRECTION ( 'NONE',  ( 0.000000000000000000, 0.000000000000000000, -1.000000000000000000 ) ) ;
#1107 = ORIENTED_EDGE ( 'NONE', *, *, #928, .F. ) ;
#1108 = DIRECTION ( 'NONE',  ( -1.000000000000000000, 0.000000000000000000, 0.000000000000000000 ) ) ;
#1109 = CARTESIAN_POINT ( 'NONE',  ( -1.270000000000000018, 0.000000000000000000, 0.000000000000000000 ) ) ;
#1110 = ORIENTED_EDGE ( 'NONE', *, *, #321, .F. ) ;
#1111 = ORIENTED_EDGE ( 'NONE', *, *, #1739, .T. ) ;
#1112 = DIRECTION ( 'NONE',  ( 0.000000000000000000, 0.000000000000000000, 1.000000000000000000 ) ) ;
#1113 = DIRECTION ( 'NONE',  ( 0.000000000000000000, 1.000000000000000000, 0.000000000000000000 ) ) ;
#1114 = ORIENTED_EDGE ( 'NONE', *, *, #567, .T. ) ;
#1115 = LINE ( 'NONE', #696, #548 ) ;
#1116 = DIRECTION ( 'NONE',  ( 1.000000000000000000, 0.000000000000000000, 0.000000000000000000 ) ) ;
#1117 = ORIENTED_EDGE ( 'NONE', *, *, #959, .T. ) ;
#1118 = EDGE_LOOP ( 'NONE', ( #1296, #246, #62, #1283 ) ) ;
#1119 = AXIS2_PLACEMENT_3D ( 'NONE', #331, #60, #170 ) ;
#1120 = CARTESIAN_POINT ( 'NONE',  ( 0.3049999999999999933, 1.580000000000000071, -0.7699999999999999067 ) ) ;
#1121 = EDGE_CURVE ( 'NONE', #1499, #1586, #385, .T. ) ;
#1122 = AXIS2_PLACEMENT_3D ( 'NONE', #314, #783, #1201 ) ;
#1123 = FACE_OUTER_BOUND ( 'NONE', #1263, .T. ) ;
#1124 = ORIENTED_EDGE ( 'NONE', *, *, #1739, .F. ) ;
#1125 = VECTOR ( 'NONE', #94, 1000.000000000000000 ) ;
#1126 = EDGE_CURVE ( 'NONE', #343, #1611, #368, .T. ) ;
#1127 = LINE ( 'NONE', #377, #1408 ) ;
#1128 = PLANE ( 'NONE',  #1494 ) ;
#1129 = ORIENTED_EDGE ( 'NONE', *, *, #734, .T. ) ;
#1130 = ORIENTED_EDGE ( 'NONE', *, *, #238, .F. ) ;
#1131 = FACE_OUTER_BOUND ( 'NONE', #671, .T. ) ;
#1132 = DIRECTION ( 'NONE',  ( 0.000000000000000000, 0.000000000000000000, -1.000000000000000000 ) ) ;
#1133 = VERTEX_POINT ( 'NONE', #1869 ) ;
#1134 = CARTESIAN_POINT ( 'NONE',  ( 1.389999999999999902, -5.139999999999999680, 0.09999999999998999967 ) ) ;
#1135 = CARTESIAN_POINT ( 'NONE',  ( -1.270000000000000018, 8.830000000000000071, -0.2400000000000000189 ) ) ;
#1136 = EDGE_LOOP ( 'NONE', ( #1361, #1025, #1626, #723 ) ) ;
#1137 = ORIENTED_EDGE ( 'NONE', *, *, #883, .F. ) ;
#1138 = PRESENTATION_STYLE_ASSIGNMENT (( #1894 ) ) ;
#1139 = FACE_OUTER_BOUND ( 'NONE', #203, .T. ) ;
#1140 = ORIENTED_EDGE ( 'NONE', *, *, #93, .F. ) ;
#1141 = FACE_OUTER_BOUND ( 'NONE', #1692, .T. ) ;
#1142 = DIRECTION ( 'NONE',  ( 0.000000000000000000, 0.000000000000000000, 1.000000000000000000 ) ) ;
#1143 = VERTEX_POINT ( 'NONE', #1253 ) ;
#1144 = ADVANCED_FACE ( 'NONE', ( #1696 ), #1582, .T. ) ;
#1145 = ORIENTED_EDGE ( 'NONE', *, *, #1105, .F. ) ;
#1146 =( NAMED_UNIT ( * ) SI_UNIT ( $, .STERADIAN. ) SOLID_ANGLE_UNIT ( ) );
#1147 = VECTOR ( 'NONE', #1108, 1000.000000000000000 ) ;
#1148 = CARTESIAN_POINT ( 'NONE',  ( 0.9499999999999999556, 8.580000000000000071, -0.3400000000000000244 ) ) ;
#1149 = LINE ( 'NONE', #1161, #382 ) ;
#1150 = EDGE_LOOP ( 'NONE', ( #762, #1622, #532, #1129 ) ) ;
#1151 = VECTOR ( 'NONE', #1467, 1000.000000000000000 ) ;
#1152 = DIRECTION ( 'NONE',  ( 1.000000000000000000, 0.000000000000000000, 0.000000000000000000 ) ) ;
#1153 = DIRECTION ( 'NONE',  ( 0.000000000000000000, -0.9284766908852661871, 0.3713906763540865130 ) ) ;
#1154 = ORIENTED_EDGE ( 'NONE', *, *, #1425, .T. ) ;
#1155 = VECTOR ( 'NONE', #1745, 1000.000000000000000 ) ;
#1156 = CARTESIAN_POINT ( 'NONE',  ( -1.590000000000000080, 9.080000000000000071, 0.2999999999999999889 ) ) ;
#1157 = ORIENTED_EDGE ( 'NONE', *, *, #1620, .F. ) ;
#1158 = EDGE_CURVE ( 'NONE', #1499, #836, #236, .T. ) ;
#1159 = CARTESIAN_POINT ( 'NONE',  ( 1.590000000000000080, 8.580000000000000071, 0.2999999999999999889 ) ) ;
#1160 = CARTESIAN_POINT ( 'NONE',  ( -1.590000000000000080, 1.580000000000000071, -0.3400000000000000244 ) ) ;
#1161 = CARTESIAN_POINT ( 'NONE',  ( 0.9499999999999999556, -0.9399999999999999467, 0.2999999999999999889 ) ) ;
#1162 = EDGE_LOOP ( 'NONE', ( #605, #1154, #1878, #1438 ) ) ;
#1163 = PRODUCT ( '139594', '139594', '', ( #771 ) ) ;
#1164 = CARTESIAN_POINT ( 'NONE',  ( -1.590000000000000080, -4.639999999999999680, -0.3400000000000000244 ) ) ;
#1165 = FACE_OUTER_BOUND ( 'NONE', #280, .T. ) ;
#1166 = ORIENTED_EDGE ( 'NONE', *, *, #666, .F. ) ;
#1167 = CARTESIAN_POINT ( 'NONE',  ( 2.540000000000000036, 1.580000000000000071, 2.899999999999999911 ) ) ;
#1168 = CARTESIAN_POINT ( 'NONE',  ( 1.149999999999999911, -5.139999999999999680, -0.1399999999999999856 ) ) ;
#1169 = DIRECTION ( 'NONE',  ( 1.000000000000000000, 0.000000000000000000, 0.000000000000000000 ) ) ;
#1170 = CARTESIAN_POINT ( 'NONE',  ( 1.590000000000000080, 1.580000000000000071, 0.2999999999999999889 ) ) ;
#1171 = LINE ( 'NONE', #1464, #940 ) ;
#1172 = ORIENTED_EDGE ( 'NONE', *, *, #266, .T. ) ;
#1173 = EDGE_CURVE ( 'NONE', #1179, #251, #682, .T. ) ;
#1174 = FACE_BOUND ( 'NONE', #1559, .T. ) ;
#1175 = DIRECTION ( 'NONE',  ( -1.000000000000000000, 0.000000000000000000, 0.000000000000000000 ) ) ;
#1176 = ORIENTED_EDGE ( 'NONE', *, *, #178, .F. ) ;
#1177 = CARTESIAN_POINT ( 'NONE',  ( -1.149999999999999911, 9.080000000000000071, 0.09999999999998999967 ) ) ;
#1178 = CARTESIAN_POINT ( 'NONE',  ( 1.270000000000000018, 1.580000000000000071, -2.899999999999999911 ) ) ;
#1179 = VERTEX_POINT ( 'NONE', #217 ) ;
#1180 = VECTOR ( 'NONE', #773, 1000.000000000000000 ) ;
#1181 = VECTOR ( 'NONE', #1273, 1000.000000000000114 ) ;
#1182 = DIRECTION ( 'NONE',  ( -1.000000000000000000, 0.000000000000000000, 0.000000000000000000 ) ) ;
#1183 = VECTOR ( 'NONE', #51, 1000.000000000000000 ) ;
#1184 = AXIS2_PLACEMENT_3D ( 'NONE', #303, #107, #703 ) ;
#1185 = CARTESIAN_POINT ( 'NONE',  ( 1.590000000000000080, -4.639999999999999680, 0.2999999999999999889 ) ) ;
#1186 = EDGE_LOOP ( 'NONE', ( #962, #340, #717, #831 ) ) ;
#1187 = AXIS2_PLACEMENT_3D ( 'NONE', #267, #711, #1913 ) ;
#1188 = VECTOR ( 'NONE', #875, 1000.000000000000000 ) ;
#1189 = DIRECTION ( 'NONE',  ( 1.000000000000000000, 0.000000000000000000, 0.000000000000000000 ) ) ;
#1190 = DIRECTION ( 'NONE',  ( 0.000000000000000000, 0.000000000000000000, -1.000000000000000000 ) ) ;
#1191 = ORIENTED_EDGE ( 'NONE', *, *, #835, .F. ) ;
#1192 = LINE ( 'NONE', #907, #1096 ) ;
#1193 = CARTESIAN_POINT ( 'NONE',  ( -1.270000000000000018, 3.870000000000000107, -1.899999999999999911 ) ) ;
#1194 = EDGE_CURVE ( 'NONE', #418, #1763, #814, .T. ) ;
#1195 = EDGE_CURVE ( 'NONE', #1260, #610, #850, .T. ) ;
#1196 = CARTESIAN_POINT ( 'NONE',  ( -1.270000000000000018, 3.870000000000000107, -1.899999999999999911 ) ) ;
#1197 = ORIENTED_EDGE ( 'NONE', *, *, #206, .F. ) ;
#1198 = CARTESIAN_POINT ( 'NONE',  ( -1.590000000000000080, -4.639999999999999680, -0.3400000000000000244 ) ) ;
#1199 = CARTESIAN_POINT ( 'NONE',  ( 2.109999999999999876, -0.9399999999999999467, -2.899999999999999911 ) ) ;
#1200 = ORIENTED_EDGE ( 'NONE', *, *, #1370, .T. ) ;
#1201 = DIRECTION ( 'NONE',  ( 0.000000000000000000, 0.000000000000000000, 1.000000000000000000 ) ) ;
#1202 = DIRECTION ( 'NONE',  ( 0.000000000000000000, 0.000000000000000000, 1.000000000000000000 ) ) ;
#1203 = CARTESIAN_POINT ( 'NONE',  ( -1.270000000000000018, 9.369999999999999218, -1.899999999999999911 ) ) ;
#1204 = CARTESIAN_POINT ( 'NONE',  ( -1.590000000000000080, 1.580000000000000071, -0.3400000000000000244 ) ) ;
#1205 = ORIENTED_EDGE ( 'NONE', *, *, #1173, .T. ) ;
#1206 = VERTEX_POINT ( 'NONE', #1858 ) ;
#1207 = DIRECTION ( 'NONE',  ( 1.000000000000000000, 0.000000000000000000, 0.000000000000000000 ) ) ;
#1208 = ADVANCED_FACE ( 'NONE', ( #225 ), #665, .T. ) ;
#1209 = LINE ( 'NONE', #1015, #1744 ) ;
#1210 = PLANE ( 'NONE',  #64 ) ;
#1211 = ORIENTED_EDGE ( 'NONE', *, *, #149, .T. ) ;
#1212 = PLANE ( 'NONE',  #1436 ) ;
#1213 = DIRECTION ( 'NONE',  ( 1.000000000000000000, 0.000000000000000000, 0.000000000000000000 ) ) ;
#1214 = VECTOR ( 'NONE', #651, 1000.000000000000000 ) ;
#1215 = DIRECTION ( 'NONE',  ( 0.000000000000000000, 0.000000000000000000, -1.000000000000000000 ) ) ;
#1216 = CARTESIAN_POINT ( 'NONE',  ( 1.270000000000000018, 9.369999999999999218, -2.899999999999999911 ) ) ;
#1217 = ORIENTED_EDGE ( 'NONE', *, *, #1872, .T. ) ;
#1218 = EDGE_LOOP ( 'NONE', ( #1224, #1074, #28, #1137 ) ) ;
#1219 = VECTOR ( 'NONE', #1604, 1000.000000000000000 ) ;
#1220 = AXIS2_PLACEMENT_3D ( 'NONE', #196, #606, #465 ) ;
#1221 = MECHANICAL_DESIGN_GEOMETRIC_PRESENTATION_REPRESENTATION (  '', ( #735 ), #268 ) ;
#1222 = EDGE_CURVE ( 'NONE', #439, #1337, #1724, .T. ) ;
#1223 = CARTESIAN_POINT ( 'NONE',  ( 1.590000000000000080, 1.580000000000000071, 0.2999999999999999889 ) ) ;
#1224 = ORIENTED_EDGE ( 'NONE', *, *, #1328, .F. ) ;
#1225 = DIRECTION ( 'NONE',  ( 0.000000000000000000, 0.000000000000000000, 1.000000000000000000 ) ) ;
#1226 = CARTESIAN_POINT ( 'NONE',  ( -0.3049999999999999933, -1.580000000000000071, -0.7699999999999999067 ) ) ;
#1227 = DIRECTION ( 'NONE',  ( -1.000000000000000000, 0.000000000000000000, 0.000000000000000000 ) ) ;
#1228 = CARTESIAN_POINT ( 'NONE',  ( -0.9499999999999999556, -4.639999999999999680, 0.2999999999999999889 ) ) ;
#1229 = ORIENTED_EDGE ( 'NONE', *, *, #423, .F. ) ;
#1230 = ORIENTED_EDGE ( 'NONE', *, *, #959, .F. ) ;
#1231 = CARTESIAN_POINT ( 'NONE',  ( 1.590000000000000080, 1.580000000000000071, -0.3400000000000000244 ) ) ;
#1232 = LINE ( 'NONE', #1070, #393 ) ;
#1233 = CARTESIAN_POINT ( 'NONE',  ( -1.270000000000000018, 9.369999999999999218, -2.899999999999999911 ) ) ;
#1234 = EDGE_CURVE ( 'NONE', #576, #24, #1437, .T. ) ;
#1235 = LINE ( 'NONE', #477, #662 ) ;
#1236 = DIRECTION ( 'NONE',  ( 0.000000000000000000, 1.000000000000000000, 0.000000000000000000 ) ) ;
#1237 = ORIENTED_EDGE ( 'NONE', *, *, #1623, .T. ) ;
#1238 = ORIENTED_EDGE ( 'NONE', *, *, #1093, .T. ) ;
#1239 = DIRECTION ( 'NONE',  ( -1.000000000000000000, 0.000000000000000000, 0.000000000000000000 ) ) ;
#1240 = DIRECTION ( 'NONE',  ( 0.000000000000000000, -0.7071067811865475727, 0.7071067811865475727 ) ) ;
#1241 = PRESENTATION_STYLE_ASSIGNMENT (( #839 ) ) ;
#1242 = MANIFOLD_SOLID_BREP ( 'Imported1', #289 ) ;
#1243 = LINE ( 'NONE', #520, #195 ) ;
#1244 = LINE ( 'NONE', #1204, #292 ) ;
#1245 = EDGE_LOOP ( 'NONE', ( #1837, #1366, #801, #1090 ) ) ;
#1246 = EDGE_CURVE ( 'NONE', #1143, #350, #712, .T. ) ;
#1247 = ORIENTED_EDGE ( 'NONE', *, *, #657, .F. ) ;
#1248 = VECTOR ( 'NONE', #1650, 999.9999999999998863 ) ;
#1249 = VECTOR ( 'NONE', #1691, 1000.000000000000000 ) ;
#1250 = AXIS2_PLACEMENT_3D ( 'NONE', #675, #1879, #529 ) ;
#1251 = FACE_OUTER_BOUND ( 'NONE', #1797, .T. ) ;
#1252 = DIRECTION ( 'NONE',  ( 0.000000000000000000, 0.000000000000000000, 1.000000000000000000 ) ) ;
#1253 = CARTESIAN_POINT ( 'NONE',  ( 1.270000000000000018, 1.580000000000000071, -2.899999999999999911 ) ) ;
#1254 = ORIENTED_EDGE ( 'NONE', *, *, #1060, .T. ) ;
#1255 = DIRECTION ( 'NONE',  ( 0.000000000000000000, -1.000000000000000000, 0.000000000000000000 ) ) ;
#1256 = CARTESIAN_POINT ( 'NONE',  ( -1.389999999999999902, -5.139999999999999680, 0.09999999999998999967 ) ) ;
#1257 = ORIENTED_EDGE ( 'NONE', *, *, #346, .F. ) ;
#1258 = ADVANCED_FACE ( 'NONE', ( #1123 ), #593, .T. ) ;
#1259 = ADVANCED_FACE ( 'NONE', ( #1139 ), #1453, .T. ) ;
#1260 = VERTEX_POINT ( 'NONE', #441 ) ;
#1261 = CARTESIAN_POINT ( 'NONE',  ( 1.270000000000000018, 3.870000000000000107, -1.899999999999999911 ) ) ;
#1262 = DIRECTION ( 'NONE',  ( 1.000000000000000000, 0.000000000000000000, 0.000000000000000000 ) ) ;
#1263 = EDGE_LOOP ( 'NONE', ( #1380, #985, #556, #1200 ) ) ;
#1264 = LINE ( 'NONE', #1852, #1803 ) ;
#1265 = FACE_OUTER_BOUND ( 'NONE', #769, .T. ) ;
#1266 = ORIENTED_EDGE ( 'NONE', *, *, #424, .T. ) ;
#1267 = VERTEX_POINT ( 'NONE', #1762 ) ;
#1268 = EDGE_CURVE ( 'NONE', #464, #1587, #876, .T. ) ;
#1269 = CARTESIAN_POINT ( 'NONE',  ( -0.3049999999999999933, 1.580000000000000071, 0.7299999999999999822 ) ) ;
#1270 = CARTESIAN_POINT ( 'NONE',  ( 0.3049999999999999933, 1.580000000000000071, 0.7299999999999999822 ) ) ;
#1271 = ORIENTED_EDGE ( 'NONE', *, *, #702, .F. ) ;
#1272 = DIRECTION ( 'NONE',  ( -1.000000000000000000, 0.000000000000000000, 0.000000000000000000 ) ) ;
#1273 = DIRECTION ( 'NONE',  ( 0.000000000000000000, -0.7071067811865474617, -0.7071067811865474617 ) ) ;
#1274 = EDGE_LOOP ( 'NONE', ( #1291, #1700, #230, #541 ) ) ;
#1275 = ORIENTED_EDGE ( 'NONE', *, *, #1121, .T. ) ;
#1276 = VECTOR ( 'NONE', #413, 1000.000000000000000 ) ;
#1277 = VECTOR ( 'NONE', #31, 1000.000000000000000 ) ;
#1278 = VECTOR ( 'NONE', #1495, 1000.000000000000000 ) ;
#1279 = CARTESIAN_POINT ( 'NONE',  ( 2.540000000000000036, -1.580000000000000071, -2.899999999999999911 ) ) ;
#1280 = EDGE_CURVE ( 'NONE', #95, #653, #721, .T. ) ;
#1281 = AXIS2_PLACEMENT_3D ( 'NONE', #999, #1189, #151 ) ;
#1282 = DIRECTION ( 'NONE',  ( 1.000000000000000000, 0.000000000000000000, 0.000000000000000000 ) ) ;
#1283 = ORIENTED_EDGE ( 'NONE', *, *, #1280, .T. ) ;
#1284 = VECTOR ( 'NONE', #40, 1000.000000000000000 ) ;
#1285 = DIRECTION ( 'NONE',  ( -1.000000000000000000, 0.000000000000000000, 0.000000000000000000 ) ) ;
#1286 = CARTESIAN_POINT ( 'NONE',  ( -0.9499999999999999556, -0.9399999999999999467, -0.3400000000000000244 ) ) ;
#1287 = VERTEX_POINT ( 'NONE', #1148 ) ;
#1288 = EDGE_LOOP ( 'NONE', ( #25, #1500, #868, #221 ) ) ;
#1289 = FACE_OUTER_BOUND ( 'NONE', #1082, .T. ) ;
#1290 = CARTESIAN_POINT ( 'NONE',  ( 0.9499999999999999556, -4.639999999999999680, -0.3400000000000000244 ) ) ;
#1291 = ORIENTED_EDGE ( 'NONE', *, *, #1158, .T. ) ;
#1292 = EDGE_CURVE ( 'NONE', #889, #257, #1463, .T. ) ;
#1293 = DIRECTION ( 'NONE',  ( 0.000000000000000000, -0.3713906763540865685, 0.9284766908852662981 ) ) ;
#1294 = CARTESIAN_POINT ( 'NONE',  ( -2.109999999999999876, -0.9399999999999999467, 2.899999999999999911 ) ) ;
#1295 = VERTEX_POINT ( 'NONE', #1320 ) ;
#1296 = ORIENTED_EDGE ( 'NONE', *, *, #372, .T. ) ;
#1297 = DIRECTION ( 'NONE',  ( 0.000000000000000000, 0.000000000000000000, 1.000000000000000000 ) ) ;
#1298 =( NAMED_UNIT ( * ) SI_UNIT ( $, .STERADIAN. ) SOLID_ANGLE_UNIT ( ) );
#1299 = DIRECTION ( 'NONE',  ( 1.000000000000000000, 0.000000000000000000, 0.000000000000000000 ) ) ;
#1300 = ORIENTED_EDGE ( 'NONE', *, *, #120, .T. ) ;
#1301 = CARTESIAN_POINT ( 'NONE',  ( -1.590000000000000080, -0.9399999999999999467, 0.2999999999999999889 ) ) ;
#1302 = VERTEX_POINT ( 'NONE', #1039 ) ;
#1303 = EDGE_CURVE ( 'NONE', #1318, #1302, #1733, .T. ) ;
#1304 = CARTESIAN_POINT ( 'NONE',  ( 1.590000000000000080, 8.580000000000000071, 0.2999999999999999889 ) ) ;
#1305 = DIRECTION ( 'NONE',  ( 0.000000000000000000, -1.000000000000000000, 0.000000000000000000 ) ) ;
#1306 = UNCERTAINTY_MEASURE_WITH_UNIT (LENGTH_MEASURE( 1.000000000000000082E-05 ), #858, 'distance_accuracy_value', 'NONE');
#1307 = SURFACE_STYLE_FILL_AREA ( #720 ) ;
#1308 = VECTOR ( 'NONE', #334, 1000.000000000000000 ) ;
#1309 = VECTOR ( 'NONE', #949, 1000.000000000000000 ) ;
#1310 = DIRECTION ( 'NONE',  ( 0.000000000000000000, -1.000000000000000000, 0.000000000000000000 ) ) ;
#1311 = VERTEX_POINT ( 'NONE', #1160 ) ;
#1312 = VECTOR ( 'NONE', #1113, 1000.000000000000000 ) ;
#1313 = CARTESIAN_POINT ( 'NONE',  ( -1.590000000000000080, -4.639999999999999680, -0.3400000000000000244 ) ) ;
#1314 = FACE_OUTER_BOUND ( 'NONE', #512, .T. ) ;
#1315 = ORIENTED_EDGE ( 'NONE', *, *, #21, .T. ) ;
#1316 = VECTOR ( 'NONE', #1630, 1000.000000000000000 ) ;
#1317 = DIRECTION ( 'NONE',  ( 1.000000000000000000, 0.000000000000000000, 0.000000000000000000 ) ) ;
#1318 = VERTEX_POINT ( 'NONE', #1753 ) ;
#1319 = CARTESIAN_POINT ( 'NONE',  ( 1.270000000000000018, 1.580000000000000071, -2.899999999999999911 ) ) ;
#1320 = CARTESIAN_POINT ( 'NONE',  ( 0.3049999999999999933, -1.580000000000000071, -0.7699999999999999067 ) ) ;
#1321 = DIRECTION ( 'NONE',  ( -0.000000000000000000, 0.3713906763540865685, 0.9284766908852662981 ) ) ;
#1322 = EDGE_LOOP ( 'NONE', ( #1583, #125, #1465, #578 ) ) ;
#1323 = DIRECTION ( 'NONE',  ( 1.000000000000000000, 0.000000000000000000, 0.000000000000000000 ) ) ;
#1324 = FACE_OUTER_BOUND ( 'NONE', #1274, .T. ) ;
#1325 = VERTEX_POINT ( 'NONE', #1026 ) ;
#1326 = EDGE_CURVE ( 'NONE', #439, #1057, #569, .T. ) ;
#1327 = PLANE ( 'NONE',  #1187 ) ;
#1328 = EDGE_CURVE ( 'NONE', #1851, #770, #1609, .T. ) ;
#1329 = EDGE_CURVE ( 'NONE', #274, #250, #284, .T. ) ;
#1330 = FACE_BOUND ( 'NONE', #1136, .T. ) ;
#1331 = EDGE_LOOP ( 'NONE', ( #318, #1390, #1605, #1205 ) ) ;
#1332 = CARTESIAN_POINT ( 'NONE',  ( -1.270000000000000018, 9.369999999999999218, -1.899999999999999911 ) ) ;
#1333 = CARTESIAN_POINT ( 'NONE',  ( 0.9499999999999999556, 1.580000000000000071, 0.2999999999999999889 ) ) ;
#1334 = ORIENTED_EDGE ( 'NONE', *, *, #1084, .F. ) ;
#1335 = DIRECTION ( 'NONE',  ( -0.3420201433256991330, 0.9396926207858973257, 0.000000000000000000 ) ) ;
#1336 = CARTESIAN_POINT ( 'NONE',  ( -0.3049999999999999933, -1.580000000000000071, 0.7299999999999999822 ) ) ;
#1337 = VERTEX_POINT ( 'NONE', #1895 ) ;
#1338 = VECTOR ( 'NONE', #505, 1000.000000000000000 ) ;
#1339 = VECTOR ( 'NONE', #69, 1000.000000000000227 ) ;
#1340 = CARTESIAN_POINT ( 'NONE',  ( -0.9499999999999999556, 1.580000000000000071, 0.2999999999999999889 ) ) ;
#1341 = FACE_OUTER_BOUND ( 'NONE', #1331, .T. ) ;
#1342 = VECTOR ( 'NONE', #68, 999.9999999999998863 ) ;
#1343 = VECTOR ( 'NONE', #1523, 1000.000000000000000 ) ;
#1344 = LINE ( 'NONE', #430, #1466 ) ;
#1345 = ORIENTED_EDGE ( 'NONE', *, *, #1326, .T. ) ;
#1346 = AXIS2_PLACEMENT_3D ( 'NONE', #1633, #15, #1207 ) ;
#1347 = DIRECTION ( 'NONE',  ( 1.000000000000000000, 0.000000000000000000, 0.000000000000000000 ) ) ;
#1348 = LINE ( 'NONE', #17, #258 ) ;
#1349 = ORIENTED_EDGE ( 'NONE', *, *, #846, .T. ) ;
#1350 = CARTESIAN_POINT ( 'NONE',  ( -1.270000000000000018, 2.180000000000000160, -1.300000000000000044 ) ) ;
#1351 = PLANE ( 'NONE',  #3 ) ;
#1352 = LINE ( 'NONE', #1817, #1524 ) ;
#1353 = EDGE_CURVE ( 'NONE', #576, #704, #295, .T. ) ;
#1354 = LINE ( 'NONE', #963, #449 ) ;
#1355 = LINE ( 'NONE', #1819, #1376 ) ;
#1356 = ORIENTED_EDGE ( 'NONE', *, *, #1195, .F. ) ;
#1357 = ORIENTED_EDGE ( 'NONE', *, *, #178, .T. ) ;
#1358 = ADVANCED_FACE ( 'NONE', ( #143, #1330 ), #275, .T. ) ;
#1359 = DIRECTION ( 'NONE',  ( 0.000000000000000000, -0.8660254037844288266, 0.5000000000000169864 ) ) ;
#1360 = LINE ( 'NONE', #193, #1092 ) ;
#1361 = ORIENTED_EDGE ( 'NONE', *, *, #1403, .T. ) ;
#1362 = DIRECTION ( 'NONE',  ( 0.000000000000000000, 0.000000000000000000, -1.000000000000000000 ) ) ;
#1363 = CARTESIAN_POINT ( 'NONE',  ( 2.109999999999999876, -1.580000000000000071, 2.899999999999999911 ) ) ;
#1364 = CARTESIAN_POINT ( 'NONE',  ( 1.270000000000000018, 6.317986928012000014, -1.899999999999999911 ) ) ;
#1365 = DIRECTION ( 'NONE',  ( 1.000000000000000000, 0.000000000000000000, 0.000000000000000000 ) ) ;
#1366 = ORIENTED_EDGE ( 'NONE', *, *, #1536, .F. ) ;
#1367 = ORIENTED_EDGE ( 'NONE', *, *, #807, .T. ) ;
#1368 = ADVANCED_FACE ( 'NONE', ( #1624 ), #562, .T. ) ;
#1369 = ADVANCED_FACE ( 'NONE', ( #1289 ), #412, .T. ) ;
#1370 = EDGE_CURVE ( 'NONE', #1325, #189, #173, .T. ) ;
#1371 = DIRECTION ( 'NONE',  ( 0.000000000000000000, -0.8660254037844288266, 0.5000000000000169864 ) ) ;
#1372 = ORIENTED_EDGE ( 'NONE', *, *, #400, .F. ) ;
#1373 = CARTESIAN_POINT ( 'NONE',  ( -2.540000000000000036, -1.580000000000000071, 2.899999999999999911 ) ) ;
#1374 = VECTOR ( 'NONE', #597, 1000.000000000000000 ) ;
#1375 = CARTESIAN_POINT ( 'NONE',  ( 0.9499999999999999556, -5.139999999999999680, 0.2999999999999999889 ) ) ;
#1376 = VECTOR ( 'NONE', #641, 1000.000000000000000 ) ;
#1377 = CARTESIAN_POINT ( 'NONE',  ( -1.270000000000000018, 5.400000000000000355, -1.369999999999999885 ) ) ;
#1378 = CARTESIAN_POINT ( 'NONE',  ( 1.590000000000000080, 1.580000000000000071, -0.3400000000000000244 ) ) ;
#1379 = EDGE_LOOP ( 'NONE', ( #1157, #1237, #737, #566 ) ) ;
#1380 = ORIENTED_EDGE ( 'NONE', *, *, #1468, .T. ) ;
#1381 = ADVANCED_FACE ( 'NONE', ( #1780 ), #1634, .T. ) ;
#1382 = VECTOR ( 'NONE', #1426, 999.9999999999998863 ) ;
#1383 = CARTESIAN_POINT ( 'NONE',  ( -0.9499999999999999556, 0.000000000000000000, 0.000000000000000000 ) ) ;
#1384 = VERTEX_POINT ( 'NONE', #915 ) ;
#1385 = ADVANCED_FACE ( 'NONE', ( #1047 ), #603, .F. ) ;
#1386 = PLANE ( 'NONE',  #359 ) ;
#1387 = CARTESIAN_POINT ( 'NONE',  ( 0.9499999999999999556, -5.139999999999999680, -0.3400000000000000244 ) ) ;
#1388 = PLANE ( 'NONE',  #998 ) ;
#1389 = LINE ( 'NONE', #1672, #601 ) ;
#1390 = ORIENTED_EDGE ( 'NONE', *, *, #117, .T. ) ;
#1391 = EDGE_LOOP ( 'NONE', ( #479, #6, #981, #1551 ) ) ;
#1392 = ADVANCED_FACE ( 'NONE', ( #471 ), #1789, .F. ) ;
#1393 = LINE ( 'NONE', #205, #849 ) ;
#1394 = CARTESIAN_POINT ( 'NONE',  ( -0.4299999999999999933, -1.580000000000000071, -2.899999999999999911 ) ) ;
#1395 = ADVANCED_FACE ( 'NONE', ( #462 ), #772, .F. ) ;
#1396 = DIRECTION ( 'NONE',  ( 0.000000000000000000, 1.000000000000000000, 0.000000000000000000 ) ) ;
#1397 = DIRECTION ( 'NONE',  ( 0.000000000000000000, 1.000000000000000000, 0.000000000000000000 ) ) ;
#1398 = LINE ( 'NONE', #59, #941 ) ;
#1399 = PLANE ( 'NONE',  #1119 ) ;
#1400 = EDGE_LOOP ( 'NONE', ( #1197, #1636, #264, #1843 ) ) ;
#1401 = ORIENTED_EDGE ( 'NONE', *, *, #1904, .F. ) ;
#1402 = CARTESIAN_POINT ( 'NONE',  ( -1.270000000000000018, 4.400000000000000355, -1.369999999999999885 ) ) ;
#1403 = EDGE_CURVE ( 'NONE', #184, #610, #760, .T. ) ;
#1404 = DIRECTION ( 'NONE',  ( 0.000000000000000000, 0.000000000000000000, -1.000000000000000000 ) ) ;
#1405 = CARTESIAN_POINT ( 'NONE',  ( 1.149999999999999911, -5.139999999999999680, -0.1399999999999999856 ) ) ;
#1406 = CARTESIAN_POINT ( 'NONE',  ( 0.9970223243002999114, 10.12000000000000099, -2.899999999999999911 ) ) ;
#1407 = ORIENTED_EDGE ( 'NONE', *, *, #120, .F. ) ;
#1408 = VECTOR ( 'NONE', #1272, 1000.000000000000000 ) ;
#1409 = VECTOR ( 'NONE', #626, 1000.000000000000227 ) ;
#1410 = VECTOR ( 'NONE', #1602, 1000.000000000000000 ) ;
#1411 = DIRECTION ( 'NONE',  ( 0.000000000000000000, -1.000000000000000000, 0.000000000000000000 ) ) ;
#1412 = ORIENTED_EDGE ( 'NONE', *, *, #807, .F. ) ;
#1413 = EDGE_CURVE ( 'NONE', #952, #1133, #323, .T. ) ;
#1414 = CARTESIAN_POINT ( 'NONE',  ( -1.050000000000000044, -4.890000000000000568, -0.02000000000000000042 ) ) ;
#1415 = CARTESIAN_POINT ( 'NONE',  ( -2.109999999999999876, -1.580000000000000071, 2.899999999999999911 ) ) ;
#1416 = ORIENTED_EDGE ( 'NONE', *, *, #223, .T. ) ;
#1417 = VERTEX_POINT ( 'NONE', #1501 ) ;
#1418 = PLANE ( 'NONE',  #1535 ) ;
#1419 = DIRECTION ( 'NONE',  ( 0.000000000000000000, 0.000000000000000000, 1.000000000000000000 ) ) ;
#1420 = ORIENTED_EDGE ( 'NONE', *, *, #91, .F. ) ;
#1421 = LINE ( 'NONE', #684, #1147 ) ;
#1422 = LINE ( 'NONE', #248, #1561 ) ;
#1423 = ORIENTED_EDGE ( 'NONE', *, *, #766, .T. ) ;
#1424 = ORIENTED_EDGE ( 'NONE', *, *, #1234, .T. ) ;
#1425 = EDGE_CURVE ( 'NONE', #1611, #128, #1209, .T. ) ;
#1426 = DIRECTION ( 'NONE',  ( -0.3481553119113956485, 0.8703882797784894265, -0.3481553119113956485 ) ) ;
#1427 = CARTESIAN_POINT ( 'NONE',  ( -1.270000000000000018, 1.580000000000000071, -2.899999999999999911 ) ) ;
#1428 = VERTEX_POINT ( 'NONE', #1043 ) ;
#1429 = DIRECTION ( 'NONE',  ( 0.000000000000000000, 1.000000000000000000, 0.000000000000000000 ) ) ;
#1430 = PLANE ( 'NONE',  #515 ) ;
#1431 = ORIENTED_EDGE ( 'NONE', *, *, #1468, .F. ) ;
#1432 = ORIENTED_EDGE ( 'NONE', *, *, #252, .F. ) ;
#1433 = VECTOR ( 'NONE', #407, 1000.000000000000000 ) ;
#1434 = VECTOR ( 'NONE', #288, 1000.000000000000000 ) ;
#1435 = DIRECTION ( 'NONE',  ( 0.000000000000000000, -1.000000000000000000, 0.000000000000000000 ) ) ;
#1436 = AXIS2_PLACEMENT_3D ( 'NONE', #637, #1086, #344 ) ;
#1437 = LINE ( 'NONE', #555, #730 ) ;
#1438 = ORIENTED_EDGE ( 'NONE', *, *, #117, .F. ) ;
#1439 = CARTESIAN_POINT ( 'NONE',  ( 0.4299999999999999933, -0.9399999999999999467, 2.899999999999999911 ) ) ;
#1440 = CARTESIAN_POINT ( 'NONE',  ( -0.9499999999999999556, -0.9399999999999999467, 0.2999999999999999889 ) ) ;
#1441 = ORIENTED_EDGE ( 'NONE', *, *, #670, .F. ) ;
#1442 = ORIENTED_EDGE ( 'NONE', *, *, #560, .F. ) ;
#1443 =( NAMED_UNIT ( * ) PLANE_ANGLE_UNIT ( ) SI_UNIT ( $, .RADIAN. ) );
#1444 = CARTESIAN_POINT ( 'NONE',  ( -1.270000000000000018, 6.317986928012000014, -1.899999999999999911 ) ) ;
#1445 = PLANE ( 'NONE',  #1491 ) ;
#1446 = ORIENTED_EDGE ( 'NONE', *, *, #1268, .F. ) ;
#1447 = EDGE_CURVE ( 'NONE', #1325, #660, #156, .T. ) ;
#1448 = PLANE ( 'NONE',  #1563 ) ;
#1449 = LINE ( 'NONE', #1629, #1374 ) ;
#1450 = ORIENTED_EDGE ( 'NONE', *, *, #1534, .F. ) ;
#1451 = FACE_OUTER_BOUND ( 'NONE', #1245, .T. ) ;
#1452 = CARTESIAN_POINT ( 'NONE',  ( 1.270000000000000018, 9.369999999999999218, -1.899999999999999911 ) ) ;
#1453 = PLANE ( 'NONE',  #1652 ) ;
#1454 = VERTEX_POINT ( 'NONE', #1606 ) ;
#1455 = FACE_OUTER_BOUND ( 'NONE', #271, .T. ) ;
#1456 = CARTESIAN_POINT ( 'NONE',  ( -0.9970223243002999114, 10.12000000000000099, -1.899999999999999911 ) ) ;
#1457 = ORIENTED_EDGE ( 'NONE', *, *, #1670, .F. ) ;
#1458 = DIRECTION ( 'NONE',  ( 0.000000000000000000, 0.000000000000000000, 1.000000000000000000 ) ) ;
#1459 = DIRECTION ( 'NONE',  ( 0.000000000000000000, 0.000000000000000000, 1.000000000000000000 ) ) ;
#1460 = FACE_OUTER_BOUND ( 'NONE', #1530, .T. ) ;
#1461 = VECTOR ( 'NONE', #378, 1000.000000000000000 ) ;
#1462 = COLOUR_RGB ( '',0.7921568627450980005, 0.8196078431372548767, 0.9333333333333333481 ) ;
#1463 = LINE ( 'NONE', #1906, #199 ) ;
#1464 = CARTESIAN_POINT ( 'NONE',  ( -1.389999999999999902, -5.139999999999999680, -0.1399999999999999856 ) ) ;
#1465 = ORIENTED_EDGE ( 'NONE', *, *, #859, .F. ) ;
#1466 = VECTOR ( 'NONE', #131, 1000.000000000000000 ) ;
#1467 = DIRECTION ( 'NONE',  ( 1.000000000000000000, 0.000000000000000000, 0.000000000000000000 ) ) ;
#1468 = EDGE_CURVE ( 'NONE', #189, #1206, #599, .T. ) ;
#1469 = DIRECTION ( 'NONE',  ( 1.000000000000000000, 0.000000000000000000, 0.000000000000000000 ) ) ;
#1470 = EDGE_LOOP ( 'NONE', ( #301, #1345, #1457, #1372, #429, #1720, #1900, #1191, #171 ) ) ;
#1471 = EDGE_CURVE ( 'NONE', #1133, #522, #1766, .T. ) ;
#1472 = ADVANCED_FACE ( 'NONE', ( #1451 ), #575, .T. ) ;
#1473 = DIRECTION ( 'NONE',  ( 0.000000000000000000, 1.000000000000000000, 0.000000000000000000 ) ) ;
#1474 = EDGE_LOOP ( 'NONE', ( #332, #923, #273, #317 ) ) ;
#1475 = LINE ( 'NONE', #1755, #1685 ) ;
#1476 = CARTESIAN_POINT ( 'NONE',  ( 0.3049999999999999933, -1.580000000000000071, 0.7299999999999999822 ) ) ;
#1477 = LINE ( 'NONE', #1333, #1533 ) ;
#1478 = EDGE_LOOP ( 'NONE', ( #1767, #1509, #1172, #1754 ) ) ;
#1479 = PRODUCT_DEFINITION ( 'UNKNOWN', '', #525, #157 ) ;
#1480 = ADVANCED_FACE ( 'NONE', ( #739 ), #447, .T. ) ;
#1481 = DIRECTION ( 'NONE',  ( 1.000000000000000000, 0.000000000000000000, 0.000000000000000000 ) ) ;
#1482 = CARTESIAN_POINT ( 'NONE',  ( -1.149999999999999911, 9.080000000000000071, -0.1399999999999999856 ) ) ;
#1483 = ORIENTED_EDGE ( 'NONE', *, *, #789, .T. ) ;
#1484 = LINE ( 'NONE', #1749, #450 ) ;
#1485 = CARTESIAN_POINT ( 'NONE',  ( -2.109999999999999876, -1.580000000000000071, 2.899999999999999911 ) ) ;
#1486 = PLANE ( 'NONE',  #699 ) ;
#1487 = ORIENTED_EDGE ( 'NONE', *, *, #1547, .F. ) ;
#1488 = CARTESIAN_POINT ( 'NONE',  ( 0.9499999999999999556, 0.000000000000000000, 0.000000000000000000 ) ) ;
#1489 = CARTESIAN_POINT ( 'NONE',  ( 1.270000000000000018, -4.890000000000000568, -0.2400000000000000189 ) ) ;
#1490 = ORIENTED_EDGE ( 'NONE', *, *, #351, .T. ) ;
#1491 = AXIS2_PLACEMENT_3D ( 'NONE', #1594, #270, #860 ) ;
#1492 = CARTESIAN_POINT ( 'NONE',  ( 1.270000000000000018, 9.369999999999999218, -1.899999999999999911 ) ) ;
#1493 = ADVANCED_FACE ( 'NONE', ( #1324 ), #281, .T. ) ;
#1494 = AXIS2_PLACEMENT_3D ( 'NONE', #1699, #1719, #1142 ) ;
#1495 = DIRECTION ( 'NONE',  ( 0.000000000000000000, 0.000000000000000000, 1.000000000000000000 ) ) ;
#1496 = VECTOR ( 'NONE', #1051, 1000.000000000000000 ) ;
#1497 = AXIS2_PLACEMENT_3D ( 'NONE', #867, #1310, #1914 ) ;
#1498 = CARTESIAN_POINT ( 'NONE',  ( 1.149999999999999911, -5.139999999999999680, 0.09999999999998999967 ) ) ;
#1499 = VERTEX_POINT ( 'NONE', #1901 ) ;
#1500 = ORIENTED_EDGE ( 'NONE', *, *, #644, .F. ) ;
#1501 = CARTESIAN_POINT ( 'NONE',  ( 0.4299999999999999933, -1.580000000000000071, -2.899999999999999911 ) ) ;
#1502 = CARTESIAN_POINT ( 'NONE',  ( -0.4299999999999999933, -1.580000000000000071, 2.899999999999999911 ) ) ;
#1503 = VERTEX_POINT ( 'NONE', #1167 ) ;
#1504 = LINE ( 'NONE', #614, #42 ) ;
#1505 = CARTESIAN_POINT ( 'NONE',  ( 0.9970223243002999114, 10.12000000000000099, -2.899999999999999911 ) ) ;
#1506 = EDGE_CURVE ( 'NONE', #1750, #274, #1477, .T. ) ;
#1507 = CARTESIAN_POINT ( 'NONE',  ( 2.109999999999999876, -0.9399999999999999467, 2.899999999999999911 ) ) ;
#1508 = DIRECTION ( 'NONE',  ( 1.000000000000000000, 0.000000000000000000, 0.000000000000000000 ) ) ;
#1509 = ORIENTED_EDGE ( 'NONE', *, *, #103, .F. ) ;
#1510 = ORIENTED_EDGE ( 'NONE', *, *, #1834, .F. ) ;
#1511 = CARTESIAN_POINT ( 'NONE',  ( -0.4299999999999999933, -1.580000000000000071, 2.899999999999999911 ) ) ;
#1512 = ORIENTED_EDGE ( 'NONE', *, *, #1815, .F. ) ;
#1513 = CARTESIAN_POINT ( 'NONE',  ( 2.109999999999999876, -0.9399999999999999467, 2.899999999999999911 ) ) ;
#1514 = LINE ( 'NONE', #177, #792 ) ;
#1515 = ADVANCED_FACE ( 'NONE', ( #609 ), #1486, .T. ) ;
#1516 = CARTESIAN_POINT ( 'NONE',  ( -2.540000000000000036, -1.580000000000000071, -2.899999999999999911 ) ) ;
#1517 = LINE ( 'NONE', #32, #967 ) ;
#1518 = ORIENTED_EDGE ( 'NONE', *, *, #475, .T. ) ;
#1519 = VERTEX_POINT ( 'NONE', #1185 ) ;
#1520 = EDGE_CURVE ( 'NONE', #1851, #464, #1758, .T. ) ;
#1521 = PLANE ( 'NONE',  #1 ) ;
#1522 = VERTEX_POINT ( 'NONE', #290 ) ;
#1523 = DIRECTION ( 'NONE',  ( 0.000000000000000000, 0.000000000000000000, -1.000000000000000000 ) ) ;
#1524 = VECTOR ( 'NONE', #499, 1000.000000000000000 ) ;
#1525 = LINE ( 'NONE', #198, #1839 ) ;
#1526 = VECTOR ( 'NONE', #239, 999.9999999999998863 ) ;
#1527 = DIRECTION ( 'NONE',  ( 1.000000000000000000, 0.000000000000000000, 0.000000000000000000 ) ) ;
#1528 = DIRECTION ( 'NONE',  ( 0.000000000000000000, 0.000000000000000000, -1.000000000000000000 ) ) ;
#1529 = VERTEX_POINT ( 'NONE', #1778 ) ;
#1530 = EDGE_LOOP ( 'NONE', ( #686, #33, #414, #493 ) ) ;
#1531 = VECTOR ( 'NONE', #927, 1000.000000000000000 ) ;
#1532 = ADVANCED_FACE ( 'NONE', ( #460 ), #899, .T. ) ;
#1533 = VECTOR ( 'NONE', #147, 1000.000000000000000 ) ;
#1534 = EDGE_CURVE ( 'NONE', #1578, #576, #1344, .T. ) ;
#1535 = AXIS2_PLACEMENT_3D ( 'NONE', #84, #1856, #1106 ) ;
#1536 = EDGE_CURVE ( 'NONE', #1267, #95, #438, .T. ) ;
#1537 = VECTOR ( 'NONE', #1435, 1000.000000000000000 ) ;
#1538 = FACE_OUTER_BOUND ( 'NONE', #1049, .T. ) ;
#1539 = CARTESIAN_POINT ( 'NONE',  ( 0.9499999999999999556, -0.9399999999999999467, -0.3400000000000000244 ) ) ;
#1540 = LINE ( 'NONE', #1226, #1496 ) ;
#1541 = CARTESIAN_POINT ( 'NONE',  ( -1.270000000000000018, 8.830000000000000071, 0.2000000000000000111 ) ) ;
#1542 = DIRECTION ( 'NONE',  ( 0.000000000000000000, 0.000000000000000000, 1.000000000000000000 ) ) ;
#1543 = DIRECTION ( 'NONE',  ( 0.000000000000000000, 1.000000000000000000, 0.000000000000000000 ) ) ;
#1544 = EDGE_LOOP ( 'NONE', ( #486, #828, #834, #1001 ) ) ;
#1545 = VERTEX_POINT ( 'NONE', #1785 ) ;
#1546 = LINE ( 'NONE', #374, #453 ) ;
#1547 = EDGE_CURVE ( 'NONE', #743, #1735, #731, .T. ) ;
#1548 = DIRECTION ( 'NONE',  ( -0.000000000000000000, 1.000000000000000000, 0.000000000000000000 ) ) ;
#1549 = LINE ( 'NONE', #815, #1342 ) ;
#1550 = CARTESIAN_POINT ( 'NONE',  ( -0.3049999999999999933, 1.580000000000000071, 0.7299999999999999822 ) ) ;
#1551 = ORIENTED_EDGE ( 'NONE', *, *, #1105, .T. ) ;
#1552 = DIRECTION ( 'NONE',  ( -0.000000000000000000, 1.000000000000000000, 0.000000000000000000 ) ) ;
#1553 = EDGE_CURVE ( 'NONE', #95, #1763, #718, .T. ) ;
#1554 = FACE_OUTER_BOUND ( 'NONE', #1218, .T. ) ;
#1555 = ORIENTED_EDGE ( 'NONE', *, *, #1303, .F. ) ;
#1556 = EDGE_CURVE ( 'NONE', #421, #653, #1889, .T. ) ;
#1557 = DIRECTION ( 'NONE',  ( -1.000000000000000000, 0.000000000000000000, 0.000000000000000000 ) ) ;
#1558 = DIRECTION ( 'NONE',  ( 0.000000000000000000, 0.000000000000000000, -1.000000000000000000 ) ) ;
#1559 = EDGE_LOOP ( 'NONE', ( #461, #714, #674, #886 ) ) ;
#1560 = VECTOR ( 'NONE', #916, 1000.000000000000000 ) ;
#1561 = VECTOR ( 'NONE', #88, 1000.000000000000000 ) ;
#1562 = ORIENTED_EDGE ( 'NONE', *, *, #1632, .F. ) ;
#1563 = AXIS2_PLACEMENT_3D ( 'NONE', #118, #1202, #208 ) ;
#1564 = VECTOR ( 'NONE', #1347, 1000.000000000000000 ) ;
#1565 = CARTESIAN_POINT ( 'NONE',  ( -1.389999999999999902, -5.139999999999999680, -0.1399999999999999856 ) ) ;
#1566 = DIRECTION ( 'NONE',  ( 1.000000000000000000, 0.000000000000000000, 0.000000000000000000 ) ) ;
#1567 = ORIENTED_EDGE ( 'NONE', *, *, #859, .T. ) ;
#1568 = FACE_OUTER_BOUND ( 'NONE', #701, .T. ) ;
#1569 = LINE ( 'NONE', #1415, #1461 ) ;
#1570 = ADVANCED_FACE ( 'NONE', ( #176 ), #1212, .F. ) ;
#1571 = ORIENTED_EDGE ( 'NONE', *, *, #346, .T. ) ;
#1572 = EDGE_LOOP ( 'NONE', ( #494, #1441, #1855, #1005 ) ) ;
#1573 = LINE ( 'NONE', #244, #1125 ) ;
#1574 = FILL_AREA_STYLE_COLOUR ( '', #1462 ) ;
#1575 = VERTEX_POINT ( 'NONE', #1677 ) ;
#1576 = FACE_OUTER_BOUND ( 'NONE', #1288, .T. ) ;
#1577 = DIRECTION ( 'NONE',  ( 1.000000000000000000, 0.000000000000000000, 0.000000000000000000 ) ) ;
#1578 = VERTEX_POINT ( 'NONE', #50 ) ;
#1579 = EDGE_LOOP ( 'NONE', ( #1731, #194, #211, #1658 ) ) ;
#1580 = EDGE_CURVE ( 'NONE', #1887, #1578, #1192, .T. ) ;
#1581 = CARTESIAN_POINT ( 'NONE',  ( 0.3049999999999999933, -1.580000000000000071, -0.7699999999999999067 ) ) ;
#1582 = PLANE ( 'NONE',  #322 ) ;
#1583 = ORIENTED_EDGE ( 'NONE', *, *, #1031, .F. ) ;
#1584 = CARTESIAN_POINT ( 'NONE',  ( -1.149999999999999911, -5.139999999999999680, 0.09999999999998999967 ) ) ;
#1585 = FACE_OUTER_BOUND ( 'NONE', #1470, .T. ) ;
#1586 = VERTEX_POINT ( 'NONE', #763 ) ;
#1587 = VERTEX_POINT ( 'NONE', #7 ) ;
#1588 = VECTOR ( 'NONE', #1558, 1000.000000000000000 ) ;
#1589 = EDGE_CURVE ( 'NONE', #1611, #1519, #1077, .T. ) ;
#1590 = VECTOR ( 'NONE', #1087, 999.9999999999998863 ) ;
#1591 = CARTESIAN_POINT ( 'NONE',  ( -1.270000000000000018, 4.400000000000000355, -1.369999999999999885 ) ) ;
#1592 = VECTOR ( 'NONE', #736, 1000.000000000000000 ) ;
#1593 = DIRECTION ( 'NONE',  ( -1.000000000000000000, 0.000000000000000000, 0.000000000000000000 ) ) ;
#1594 = CARTESIAN_POINT ( 'NONE',  ( 1.590000000000000080, 0.000000000000000000, 0.000000000000000000 ) ) ;
#1595 = EDGE_LOOP ( 'NONE', ( #1512, #1782, #1091, #810 ) ) ;
#1596 = VECTOR ( 'NONE', #996, 1000.000000000000000 ) ;
#1597 = LINE ( 'NONE', #1332, #1434 ) ;
#1598 = CARTESIAN_POINT ( 'NONE',  ( 0.9499999999999999556, 0.000000000000000000, 0.000000000000000000 ) ) ;
#1599 = VERTEX_POINT ( 'NONE', #1492 ) ;
#1600 = ORIENTED_EDGE ( 'NONE', *, *, #621, .F. ) ;
#1601 = SURFACE_SIDE_STYLE ('',( #1307 ) ) ;
#1602 = DIRECTION ( 'NONE',  ( 0.000000000000000000, 0.000000000000000000, -1.000000000000000000 ) ) ;
#1603 = ORIENTED_EDGE ( 'NONE', *, *, #58, .F. ) ;
#1604 = DIRECTION ( 'NONE',  ( 0.000000000000000000, 0.000000000000000000, -1.000000000000000000 ) ) ;
#1605 = ORIENTED_EDGE ( 'NONE', *, *, #150, .F. ) ;
#1606 = CARTESIAN_POINT ( 'NONE',  ( 1.270000000000000018, 2.180000000000000160, -1.899999999999999911 ) ) ;
#1607 = ORIENTED_EDGE ( 'NONE', *, *, #1661, .T. ) ;
#1608 = FACE_OUTER_BOUND ( 'NONE', #448, .T. ) ;
#1609 = LINE ( 'NONE', #1010, #327 ) ;
#1610 = CARTESIAN_POINT ( 'NONE',  ( 0.4299999999999999933, -1.580000000000000071, 2.899999999999999911 ) ) ;
#1611 = VERTEX_POINT ( 'NONE', #1802 ) ;
#1612 = CARTESIAN_POINT ( 'NONE',  ( -0.3049999999999999933, 1.580000000000000071, -0.7699999999999999067 ) ) ;
#1613 = DIRECTION ( 'NONE',  ( -0.3481553119113956485, 0.8703882797784894265, -0.3481553119113956485 ) ) ;
#1614 = VERTEX_POINT ( 'NONE', #326 ) ;
#1615 = AXIS2_PLACEMENT_3D ( 'NONE', #539, #530, #976 ) ;
#1616 = VECTOR ( 'NONE', #1013, 1000.000000000000000 ) ;
#1617 = VERTEX_POINT ( 'NONE', #165 ) ;
#1618 = DIRECTION ( 'NONE',  ( 1.000000000000000000, 0.000000000000000000, 0.000000000000000000 ) ) ;
#1619 = VECTOR ( 'NONE', #254, 1000.000000000000000 ) ;
#1620 = EDGE_CURVE ( 'NONE', #1522, #257, #1050, .T. ) ;
#1621 = CARTESIAN_POINT ( 'NONE',  ( 1.590000000000000080, 8.580000000000000071, -0.3400000000000000244 ) ) ;
#1622 = ORIENTED_EDGE ( 'NONE', *, *, #1888, .F. ) ;
#1623 = EDGE_CURVE ( 'NONE', #1522, #774, #1668, .T. ) ;
#1624 = FACE_OUTER_BOUND ( 'NONE', #1859, .T. ) ;
#1625 = CARTESIAN_POINT ( 'NONE',  ( 1.590000000000000080, -0.9399999999999999467, -0.3400000000000000244 ) ) ;
#1626 = ORIENTED_EDGE ( 'NONE', *, *, #1849, .T. ) ;
#1627 = PRODUCT_DEFINITION_SHAPE ( 'NONE', 'NONE',  #1479 ) ;
#1628 = LINE ( 'NONE', #428, #1219 ) ;
#1629 = CARTESIAN_POINT ( 'NONE',  ( -2.540000000000000036, 1.580000000000000071, -2.899999999999999911 ) ) ;
#1630 = DIRECTION ( 'NONE',  ( 1.000000000000000000, 0.000000000000000000, 0.000000000000000000 ) ) ;
#1631 = ORIENTED_EDGE ( 'NONE', *, *, #366, .T. ) ;
#1632 = EDGE_CURVE ( 'NONE', #350, #1599, #1232, .T. ) ;
#1633 = CARTESIAN_POINT ( 'NONE',  ( 0.000000000000000000, 0.000000000000000000, 0.000000000000000000 ) ) ;
#1634 = PLANE ( 'NONE',  #451 ) ;
#1635 = CARTESIAN_POINT ( 'NONE',  ( -0.9970223243002999114, 10.12000000000000099, -2.899999999999999911 ) ) ;
#1636 = ORIENTED_EDGE ( 'NONE', *, *, #928, .T. ) ;
#1637 = DIRECTION ( 'NONE',  ( 0.000000000000000000, 0.000000000000000000, -1.000000000000000000 ) ) ;
#1638 = PLANE ( 'NONE',  #100 ) ;
#1639 = DIRECTION ( 'NONE',  ( -1.000000000000000000, 0.000000000000000000, 0.000000000000000000 ) ) ;
#1640 = ORIENTED_EDGE ( 'NONE', *, *, #647, .T. ) ;
#1641 = EDGE_LOOP ( 'NONE', ( #1254, #1759, #379, #1145 ) ) ;
#1642 = ADVANCED_FACE ( 'NONE', ( #336 ), #935, .T. ) ;
#1643 = DIRECTION ( 'NONE',  ( -0.9396926207858973257, -0.3420201433256991330, 0.000000000000000000 ) ) ;
#1644 = PLANE ( 'NONE',  #818 ) ;
#1645 = ORIENTED_EDGE ( 'NONE', *, *, #1079, .F. ) ;
#1646 = VECTOR ( 'NONE', #163, 1000.000000000000000 ) ;
#1647 = PLANE ( 'NONE',  #796 ) ;
#1648 = VECTOR ( 'NONE', #853, 999.9999999999998863 ) ;
#1649 = DIRECTION ( 'NONE',  ( 0.000000000000000000, 0.000000000000000000, 1.000000000000000000 ) ) ;
#1650 = DIRECTION ( 'NONE',  ( 0.3481553119113956485, 0.8703882797784894265, 0.3481553119113956485 ) ) ;
#1651 = VECTOR ( 'NONE', #1282, 1000.000000000000000 ) ;
#1652 = AXIS2_PLACEMENT_3D ( 'NONE', #434, #114, #124 ) ;
#1653 = FACE_OUTER_BOUND ( 'NONE', #1779, .T. ) ;
#1654 = CARTESIAN_POINT ( 'NONE',  ( -2.540000000000000036, -1.580000000000000071, 2.899999999999999911 ) ) ;
#1655 = ORIENTED_EDGE ( 'NONE', *, *, #1046, .F. ) ;
#1656 = ORIENTED_EDGE ( 'NONE', *, *, #524, .T. ) ;
#1657 = CARTESIAN_POINT ( 'NONE',  ( -0.9499999999999999556, -4.639999999999999680, 0.2999999999999999889 ) ) ;
#1658 = ORIENTED_EDGE ( 'NONE', *, *, #1054, .F. ) ;
#1659 = DIRECTION ( 'NONE',  ( 0.000000000000000000, -1.000000000000000000, 0.000000000000000000 ) ) ;
#1660 = LINE ( 'NONE', #337, #1278 ) ;
#1661 = EDGE_CURVE ( 'NONE', #1454, #542, #392, .T. ) ;
#1662 = DIRECTION ( 'NONE',  ( 1.000000000000000000, 0.000000000000000000, 0.000000000000000000 ) ) ;
#1663 = LINE ( 'NONE', #339, #1094 ) ;
#1664 = ORIENTED_EDGE ( 'NONE', *, *, #681, .T. ) ;
#1665 = APPLICATION_CONTEXT ( 'automotive_design' ) ;
#1666 = DIRECTION ( 'NONE',  ( 1.000000000000000000, 0.000000000000000000, 0.000000000000000000 ) ) ;
#1667 = ORIENTED_EDGE ( 'NONE', *, *, #1632, .T. ) ;
#1668 = LINE ( 'NONE', #497, #136 ) ;
#1669 = DIRECTION ( 'NONE',  ( 1.000000000000000000, 0.000000000000000000, 0.000000000000000000 ) ) ;
#1670 = EDGE_CURVE ( 'NONE', #38, #1057, #1712, .T. ) ;
#1671 = CARTESIAN_POINT ( 'NONE',  ( 0.9499999999999999556, 8.580000000000000071, 0.2999999999999999889 ) ) ;
#1672 = CARTESIAN_POINT ( 'NONE',  ( 0.9499999999999999556, 8.580000000000000071, 0.2999999999999999889 ) ) ;
#1673 = ORIENTED_EDGE ( 'NONE', *, *, #1353, .T. ) ;
#1674 = EDGE_CURVE ( 'NONE', #1318, #128, #1504, .T. ) ;
#1675 = ORIENTED_EDGE ( 'NONE', *, *, #82, .F. ) ;
#1676 = LINE ( 'NONE', #645, #1646 ) ;
#1677 = CARTESIAN_POINT ( 'NONE',  ( 2.109999999999999876, -1.580000000000000071, 2.899999999999999911 ) ) ;
#1678 = AXIS2_PLACEMENT_3D ( 'NONE', #891, #1899, #1153 ) ;
#1679 = CARTESIAN_POINT ( 'NONE',  ( -0.3049999999999999933, -1.580000000000000071, -0.7699999999999999067 ) ) ;
#1680 = VECTOR ( 'NONE', #1236, 1000.000000000000000 ) ;
#1681 = LINE ( 'NONE', #22, #1309 ) ;
#1682 = DIRECTION ( 'NONE',  ( 0.000000000000000000, 0.000000000000000000, -1.000000000000000000 ) ) ;
#1683 = ORIENTED_EDGE ( 'NONE', *, *, #903, .T. ) ;
#1684 = ORIENTED_EDGE ( 'NONE', *, *, #1674, .F. ) ;
#1685 = VECTOR ( 'NONE', #444, 999.9999999999998863 ) ;
#1686 = COLOUR_RGB ( '',0.7921568627450980005, 0.8196078431372548767, 0.9333333333333333481 ) ;
#1687 = ADVANCED_FACE ( 'NONE', ( #775 ), #474, .F. ) ;
#1688 = LINE ( 'NONE', #1319, #102 ) ;
#1689 = DIRECTION ( 'NONE',  ( 1.000000000000000000, 0.000000000000000000, 0.000000000000000000 ) ) ;
#1690 = LINE ( 'NONE', #1203, #1741 ) ;
#1691 = DIRECTION ( 'NONE',  ( 0.000000000000000000, 1.000000000000000000, 0.000000000000000000 ) ) ;
#1692 = EDGE_LOOP ( 'NONE', ( #1854, #1229, #241, #652 ) ) ;
#1693 = EDGE_CURVE ( 'NONE', #1763, #421, #355, .T. ) ;
#1694 = ADVANCED_FACE ( 'NONE', ( #1058 ), #1647, .T. ) ;
#1695 = DIRECTION ( 'NONE',  ( 0.000000000000000000, -1.000000000000000000, 0.000000000000000000 ) ) ;
#1696 = FACE_OUTER_BOUND ( 'NONE', #843, .T. ) ;
#1697 = ORIENTED_EDGE ( 'NONE', *, *, #729, .T. ) ;
#1698 = CARTESIAN_POINT ( 'NONE',  ( -0.9499999999999999556, -4.639999999999999680, 0.2999999999999999889 ) ) ;
#1699 = CARTESIAN_POINT ( 'NONE',  ( -1.489999999999999991, 8.830000000000000071, -0.02000000000000000042 ) ) ;
#1700 = ORIENTED_EDGE ( 'NONE', *, *, #803, .T. ) ;
#1701 = ORIENTED_EDGE ( 'NONE', *, *, #1234, .F. ) ;
#1702 = CARTESIAN_POINT ( 'NONE',  ( -1.270000000000000018, 1.580000000000000071, -1.300000000000000044 ) ) ;
#1703 = EDGE_CURVE ( 'NONE', #1578, #1828, #1814, .T. ) ;
#1704 = EDGE_CURVE ( 'NONE', #694, #128, #207, .T. ) ;
#1705 = DIRECTION ( 'NONE',  ( -1.000000000000000000, 0.000000000000000000, 0.000000000000000000 ) ) ;
#1706 = ORIENTED_EDGE ( 'NONE', *, *, #1730, .T. ) ;
#1707 = CARTESIAN_POINT ( 'NONE',  ( -1.389999999999999902, 9.080000000000000071, 0.09999999999998999967 ) ) ;
#1708 = LINE ( 'NONE', #984, #632 ) ;
#1709 = ORIENTED_EDGE ( 'NONE', *, *, #1009, .T. ) ;
#1710 = AXIS2_PLACEMENT_3D ( 'NONE', #1135, #1861, #565 ) ;
#1711 = EDGE_LOOP ( 'NONE', ( #1487, #1334, #1631, #1510 ) ) ;
#1712 = CIRCLE ( 'NONE', #884, 0.5999999999999998668 ) ;
#1713 = VECTOR ( 'NONE', #543, 1000.000000000000000 ) ;
#1714 = FACE_OUTER_BOUND ( 'NONE', #14, .T. ) ;
#1715 = SURFACE_STYLE_FILL_AREA ( #536 ) ;
#1716 = EDGE_LOOP ( 'NONE', ( #1483, #1664, #1028, #1846 ) ) ;
#1717 = ADVANCED_FACE ( 'NONE', ( #795 ), #1386, .T. ) ;
#1718 = PLANE ( 'NONE',  #912 ) ;
#1719 = DIRECTION ( 'NONE',  ( -0.9284766908852662981, 0.3713906763540865685, 0.000000000000000000 ) ) ;
#1720 = ORIENTED_EDGE ( 'NONE', *, *, #688, .F. ) ;
#1721 = EDGE_CURVE ( 'NONE', #1057, #542, #829, .T. ) ;
#1722 = CARTESIAN_POINT ( 'NONE',  ( -0.9970223243002999114, 10.12000000000000099, -2.899999999999999911 ) ) ;
#1723 = DIRECTION ( 'NONE',  ( -0.9284766908852662981, -0.3713906763540865685, 0.000000000000000000 ) ) ;
#1724 = LINE ( 'NONE', #1427, #1312 ) ;
#1725 = ORIENTED_EDGE ( 'NONE', *, *, #679, .F. ) ;
#1726 = ADVANCED_FACE ( 'NONE', ( #1251 ), #820, .T. ) ;
#1727 = PLANE ( 'NONE',  #320 ) ;
#1728 = PLANE ( 'NONE',  #262 ) ;
#1729 = ORIENTED_EDGE ( 'NONE', *, *, #223, .F. ) ;
#1730 = EDGE_CURVE ( 'NONE', #1738, #1454, #1097, .T. ) ;
#1731 = ORIENTED_EDGE ( 'NONE', *, *, #826, .F. ) ;
#1732 = CARTESIAN_POINT ( 'NONE',  ( -2.540000000000000036, 1.580000000000000071, 2.899999999999999911 ) ) ;
#1733 = LINE ( 'NONE', #742, #422 ) ;
#1734 = DIRECTION ( 'NONE',  ( 0.000000000000000000, 0.000000000000000000, 1.000000000000000000 ) ) ;
#1735 = VERTEX_POINT ( 'NONE', #672 ) ;
#1736 = CARTESIAN_POINT ( 'NONE',  ( -1.149999999999999911, -5.139999999999999680, -0.1399999999999999856 ) ) ;
#1737 = CARTESIAN_POINT ( 'NONE',  ( -1.590000000000000080, 9.080000000000000071, 0.2999999999999999889 ) ) ;
#1738 = VERTEX_POINT ( 'NONE', #1261 ) ;
#1739 = EDGE_CURVE ( 'NONE', #932, #952, #812, .T. ) ;
#1740 = ORIENTED_EDGE ( 'NONE', *, *, #1054, .T. ) ;
#1741 = VECTOR ( 'NONE', #910, 1000.000000000000227 ) ;
#1742 = VECTOR ( 'NONE', #1705, 1000.000000000000000 ) ;
#1743 = LINE ( 'NONE', #1877, #1596 ) ;
#1744 = VECTOR ( 'NONE', #300, 1000.000000000000000 ) ;
#1745 = DIRECTION ( 'NONE',  ( 0.000000000000000000, 1.000000000000000000, 0.000000000000000000 ) ) ;
#1746 = DIRECTION ( 'NONE',  ( 0.000000000000000000, 1.000000000000000000, 0.000000000000000000 ) ) ;
#1747 = VERTEX_POINT ( 'NONE', #1394 ) ;
#1748 = VECTOR ( 'NONE', #1760, 999.9999999999998863 ) ;
#1749 = CARTESIAN_POINT ( 'NONE',  ( -0.9499999999999999556, -0.9399999999999999467, 0.2999999999999999889 ) ) ;
#1750 = VERTEX_POINT ( 'NONE', #367 ) ;
#1751 = CARTESIAN_POINT ( 'NONE',  ( 1.149999999999999911, 9.080000000000000071, 0.09999999999998999967 ) ) ;
#1752 = LINE ( 'NONE', #1722, #1831 ) ;
#1753 = CARTESIAN_POINT ( 'NONE',  ( 1.590000000000000080, -4.639999999999999680, -0.3400000000000000244 ) ) ;
#1754 = ORIENTED_EDGE ( 'NONE', *, *, #446, .F. ) ;
#1755 = CARTESIAN_POINT ( 'NONE',  ( -1.149999999999999911, 9.080000000000000071, -0.1399999999999999856 ) ) ;
#1756 = DIRECTION ( 'NONE',  ( -1.000000000000000000, 0.000000000000000000, 0.000000000000000000 ) ) ;
#1757 = VERTEX_POINT ( 'NONE', #1850 ) ;
#1758 = LINE ( 'NONE', #1034, #74 ) ;
#1759 = ORIENTED_EDGE ( 'NONE', *, *, #446, .T. ) ;
#1760 = DIRECTION ( 'NONE',  ( 0.3481553119113956485, 0.8703882797784894265, 0.3481553119113956485 ) ) ;
#1761 = APPLICATION_CONTEXT ( 'automotive_design' ) ;
#1762 = CARTESIAN_POINT ( 'NONE',  ( 1.590000000000000080, 8.580000000000000071, -0.3400000000000000244 ) ) ;
#1763 = VERTEX_POINT ( 'NONE', #953 ) ;
#1764 = EDGE_CURVE ( 'NONE', #1545, #1384, #1546, .T. ) ;
#1765 = LINE ( 'NONE', #1022, #388 ) ;
#1766 = LINE ( 'NONE', #590, #101 ) ;
#1767 = ORIENTED_EDGE ( 'NONE', *, *, #387, .F. ) ;
#1768 = UNCERTAINTY_MEASURE_WITH_UNIT (LENGTH_MEASURE( 1.000000000000000082E-05 ), #527, 'distance_accuracy_value', 'NONE');
#1769 = AXIS2_PLACEMENT_3D ( 'NONE', #1654, #809, #1528 ) ;
#1770 = VECTOR ( 'NONE', #862, 1000.000000000000000 ) ;
#1771 = DIRECTION ( 'NONE',  ( 1.000000000000000000, 0.000000000000000000, 0.000000000000000000 ) ) ;
#1772 = DIRECTION ( 'NONE',  ( 0.000000000000000000, 0.000000000000000000, -1.000000000000000000 ) ) ;
#1773 = EDGE_LOOP ( 'NONE', ( #677, #1349, #408, #581 ) ) ;
#1774 = VECTOR ( 'NONE', #467, 1000.000000000000000 ) ;
#1775 = FACE_BOUND ( 'NONE', #727, .T. ) ;
#1776 = PLANE ( 'NONE',  #1678 ) ;
#1777 = AXIS2_PLACEMENT_3D ( 'NONE', #554, #1723, #403 ) ;
#1778 = CARTESIAN_POINT ( 'NONE',  ( 1.149999999999999911, 9.080000000000000071, -0.1399999999999999856 ) ) ;
#1779 = EDGE_LOOP ( 'NONE', ( #1014, #531, #276, #708 ) ) ;
#1780 = FACE_OUTER_BOUND ( 'NONE', #212, .T. ) ;
#1781 = LINE ( 'NONE', #463, #545 ) ;
#1782 = ORIENTED_EDGE ( 'NONE', *, *, #869, .T. ) ;
#1783 = DIRECTION ( 'NONE',  ( 0.000000000000000000, -1.000000000000000000, 0.000000000000000000 ) ) ;
#1784 = LINE ( 'NONE', #315, #1002 ) ;
#1785 = CARTESIAN_POINT ( 'NONE',  ( -0.9499999999999999556, -4.639999999999999680, -0.3400000000000000244 ) ) ;
#1786 = ORIENTED_EDGE ( 'NONE', *, *, #1730, .F. ) ;
#1787 = ADVANCED_FACE ( 'NONE', ( #1714 ), #1841, .T. ) ;
#1788 = ADVANCED_FACE ( 'NONE', ( #526 ), #63, .T. ) ;
#1789 = PLANE ( 'NONE',  #519 ) ;
#1790 = CARTESIAN_POINT ( 'NONE',  ( -2.109999999999999876, -0.9399999999999999467, 2.899999999999999911 ) ) ;
#1791 = ORIENTED_EDGE ( 'NONE', *, *, #1520, .F. ) ;
#1792 = DIRECTION ( 'NONE',  ( -1.000000000000000000, 0.000000000000000000, 0.000000000000000000 ) ) ;
#1793 = DIRECTION ( 'NONE',  ( -0.3481553119113956485, 0.8703882797784894265, -0.3481553119113956485 ) ) ;
#1794 = DIRECTION ( 'NONE',  ( 0.000000000000000000, 0.000000000000000000, -1.000000000000000000 ) ) ;
#1795 = LINE ( 'NONE', #348, #880 ) ;
#1796 = ORIENTED_EDGE ( 'NONE', *, *, #459, .F. ) ;
#1797 = EDGE_LOOP ( 'NONE', ( #409, #431, #1684, #1709 ) ) ;
#1798 = CARTESIAN_POINT ( 'NONE',  ( 0.9970223243002999114, 10.12000000000000099, -1.899999999999999911 ) ) ;
#1799 = CARTESIAN_POINT ( 'NONE',  ( 1.270000000000000018, 6.317986928012000014, -1.899999999999999911 ) ) ;
#1800 = ORIENTED_EDGE ( 'NONE', *, *, #1246, .T. ) ;
#1801 = VECTOR ( 'NONE', #1836, 1000.000000000000000 ) ;
#1802 = CARTESIAN_POINT ( 'NONE',  ( 1.590000000000000080, -0.9399999999999999467, 0.2999999999999999889 ) ) ;
#1803 = VECTOR ( 'NONE', #1429, 1000.000000000000000 ) ;
#1804 = LINE ( 'NONE', #1233, #1409 ) ;
#1805 = PRESENTATION_LAYER_ASSIGNMENT (  '', '', ( #134 ) ) ;
#1806 = VECTOR ( 'NONE', #1613, 999.9999999999998863 ) ;
#1807 = LINE ( 'NONE', #338, #354 ) ;
#1808 = PLANE ( 'NONE',  #133 ) ;
#1809 = ORIENTED_EDGE ( 'NONE', *, *, #1425, .F. ) ;
#1810 = ORIENTED_EDGE ( 'NONE', *, *, #302, .T. ) ;
#1811 = ADVANCED_FACE ( 'NONE', ( #535 ), #1418, .T. ) ;
#1812 = PLANE ( 'NONE',  #481 ) ;
#1813 = ORIENTED_EDGE ( 'NONE', *, *, #372, .F. ) ;
#1814 = LINE ( 'NONE', #1373, #1284 ) ;
#1815 = EDGE_CURVE ( 'NONE', #504, #184, #235, .T. ) ;
#1816 = DIRECTION ( 'NONE',  ( 0.000000000000000000, -1.000000000000000000, 0.000000000000000000 ) ) ;
#1817 = CARTESIAN_POINT ( 'NONE',  ( 0.9499999999999999556, 1.580000000000000071, -0.3400000000000000244 ) ) ;
#1818 = FACE_BOUND ( 'NONE', #1162, .T. ) ;
#1819 = CARTESIAN_POINT ( 'NONE',  ( 1.590000000000000080, -4.639999999999999680, 0.2999999999999999889 ) ) ;
#1820 = ORIENTED_EDGE ( 'NONE', *, *, #802, .F. ) ;
#1821 = VERTEX_POINT ( 'NONE', #979 ) ;
#1822 = FACE_OUTER_BOUND ( 'NONE', #333, .T. ) ;
#1823 = CARTESIAN_POINT ( 'NONE',  ( 1.389999999999999902, 9.080000000000000071, 0.09999999999998999967 ) ) ;
#1824 = LINE ( 'NONE', #507, #1183 ) ;
#1825 = EDGE_CURVE ( 'NONE', #570, #1295, #663, .T. ) ;
#1826 = PLANE ( 'NONE',  #757 ) ;
#1827 = LINE ( 'NONE', #1089, #1249 ) ;
#1828 = VERTEX_POINT ( 'NONE', #222 ) ;
#1829 = VERTEX_POINT ( 'NONE', #395 ) ;
#1830 = CARTESIAN_POINT ( 'NONE',  ( 1.050000000000000044, 8.830000000000000071, -0.02000000000000000042 ) ) ;
#1831 = VECTOR ( 'NONE', #1459, 1000.000000000000000 ) ;
#1832 = FACE_BOUND ( 'NONE', #164, .T. ) ;
#1833 = VECTOR ( 'NONE', #1190, 1000.000000000000000 ) ;
#1834 = EDGE_CURVE ( 'NONE', #1735, #1586, #1573, .T. ) ;
#1835 = PLANE ( 'NONE',  #39 ) ;
#1836 = DIRECTION ( 'NONE',  ( 0.000000000000000000, -1.000000000000000000, 0.000000000000000000 ) ) ;
#1837 = ORIENTED_EDGE ( 'NONE', *, *, #1553, .F. ) ;
#1838 = VERTEX_POINT ( 'NONE', #1279 ) ;
#1839 = VECTOR ( 'NONE', #806, 1000.000000000000000 ) ;
#1840 = AXIS2_PLACEMENT_3D ( 'NONE', #1918, #307, #582 ) ;
#1841 = PLANE ( 'NONE',  #200 ) ;
#1842 = SURFACE_SIDE_STYLE ('',( #1715 ) ) ;
#1843 = ORIENTED_EDGE ( 'NONE', *, *, #1093, .F. ) ;
#1844 = LINE ( 'NONE', #87, #1526 ) ;
#1845 = CARTESIAN_POINT ( 'NONE',  ( 1.270000000000000018, 1.580000000000000071, -1.300000000000000044 ) ) ;
#1846 = ORIENTED_EDGE ( 'NONE', *, *, #997, .F. ) ;
#1847 = ORIENTED_EDGE ( 'NONE', *, *, #1534, .T. ) ;
#1848 = ADVANCED_FACE ( 'NONE', ( #1131 ), #1867, .T. ) ;
#1849 = EDGE_CURVE ( 'NONE', #1295, #990, #988, .T. ) ;
#1850 = CARTESIAN_POINT ( 'NONE',  ( 0.9499999999999999556, 1.580000000000000071, -0.3400000000000000244 ) ) ;
#1851 = VERTEX_POINT ( 'NONE', #516 ) ;
#1852 = CARTESIAN_POINT ( 'NONE',  ( 2.109999999999999876, -1.580000000000000071, 2.899999999999999911 ) ) ;
#1853 = PLANE ( 'NONE',  #419 ) ;
#1854 = ORIENTED_EDGE ( 'NONE', *, *, #1764, .F. ) ;
#1855 = ORIENTED_EDGE ( 'NONE', *, *, #1556, .F. ) ;
#1856 = DIRECTION ( 'NONE',  ( 0.9284766908852662981, 0.3713906763540865685, 0.000000000000000000 ) ) ;
#1857 = EDGE_CURVE ( 'NONE', #1143, #542, #1688, .T. ) ;
#1858 = CARTESIAN_POINT ( 'NONE',  ( 1.270000000000000018, 5.400000000000000355, -1.369999999999999885 ) ) ;
#1859 = EDGE_LOOP ( 'NONE', ( #1007, #18, #591, #1114 ) ) ;
#1860 = FACE_OUTER_BOUND ( 'NONE', #747, .T. ) ;
#1861 = DIRECTION ( 'NONE',  ( 0.000000000000000000, 0.3713906763540865685, -0.9284766908852662981 ) ) ;
#1862 = ORIENTED_EDGE ( 'NONE', *, *, #1703, .F. ) ;
#1863 = VECTOR ( 'NONE', #1080, 1000.000000000000000 ) ;
#1864 = VECTOR ( 'NONE', #1793, 999.9999999999998863 ) ;
#1865 = LINE ( 'NONE', #1452, #598 ) ;
#1866 = VECTOR ( 'NONE', #805, 1000.000000000000000 ) ;
#1867 = PLANE ( 'NONE',  #1777 ) ;
#1868 = ADVANCED_FACE ( 'NONE', ( #1608 ), #1327, .F. ) ;
#1869 = CARTESIAN_POINT ( 'NONE',  ( -1.590000000000000080, -0.9399999999999999467, -0.3400000000000000244 ) ) ;
#1870 = ORIENTED_EDGE ( 'NONE', *, *, #1580, .F. ) ;
#1871 = EDGE_CURVE ( 'NONE', #1063, #1083, #104, .T. ) ;
#1872 = EDGE_CURVE ( 'NONE', #376, #1503, #1905, .T. ) ;
#1873 = PLANE ( 'NONE',  #573 ) ;
#1874 = LINE ( 'NONE', #558, #1433 ) ;
#1875 = ORIENTED_EDGE ( 'NONE', *, *, #373, .T. ) ;
#1876 = ORIENTED_EDGE ( 'NONE', *, *, #1471, .T. ) ;
#1877 = CARTESIAN_POINT ( 'NONE',  ( -0.9499999999999999556, 1.580000000000000071, 0.2999999999999999889 ) ) ;
#1878 = ORIENTED_EDGE ( 'NONE', *, *, #1704, .F. ) ;
#1879 = DIRECTION ( 'NONE',  ( 1.000000000000000000, 0.000000000000000000, 0.000000000000000000 ) ) ;
#1880 = DIRECTION ( 'NONE',  ( 0.000000000000000000, 1.000000000000000000, 0.000000000000000000 ) ) ;
#1881 = ORIENTED_EDGE ( 'NONE', *, *, #1246, .F. ) ;
#1882 = ORIENTED_EDGE ( 'NONE', *, *, #215, .F. ) ;
#1883 = CARTESIAN_POINT ( 'NONE',  ( 2.109999999999999876, -1.580000000000000071, 2.899999999999999911 ) ) ;
#1884 = DIRECTION ( 'NONE',  ( -0.000000000000000000, 0.5000000000000169864, 0.8660254037844288266 ) ) ;
#1885 = ORIENTED_EDGE ( 'NONE', *, *, #994, .T. ) ;
#1886 = LINE ( 'NONE', #726, #1095 ) ;
#1887 = VERTEX_POINT ( 'NONE', #1732 ) ;
#1888 = EDGE_CURVE ( 'NONE', #1302, #709, #585, .T. ) ;
#1889 = LINE ( 'NONE', #1751, #167 ) ;
#1890 = CARTESIAN_POINT ( 'NONE',  ( -0.9499999999999999556, -4.639999999999999680, -0.3400000000000000244 ) ) ;
#1891 = VECTOR ( 'NONE', #753, 1000.000000000000000 ) ;
#1892 = ADVANCED_FACE ( 'NONE', ( #1460 ), #411, .F. ) ;
#1893 = VECTOR ( 'NONE', #65, 1000.000000000000000 ) ;
#1894 = SURFACE_STYLE_USAGE ( .BOTH. , #1601 ) ;
#1895 = CARTESIAN_POINT ( 'NONE',  ( -1.270000000000000018, 9.369999999999999218, -2.899999999999999911 ) ) ;
#1896 = ORIENTED_EDGE ( 'NONE', *, *, #751, .T. ) ;
#1897 = VECTOR ( 'NONE', #440, 1000.000000000000000 ) ;
#1898 = DIRECTION ( 'NONE',  ( -1.000000000000000000, 0.000000000000000000, 0.000000000000000000 ) ) ;
#1899 = DIRECTION ( 'NONE',  ( 0.000000000000000000, -0.3713906763540865685, -0.9284766908852662981 ) ) ;
#1900 = ORIENTED_EDGE ( 'NONE', *, *, #1370, .F. ) ;
#1901 = CARTESIAN_POINT ( 'NONE',  ( -1.590000000000000080, 8.580000000000000071, 0.2999999999999999889 ) ) ;
#1902 = ORIENTED_EDGE ( 'NONE', *, *, #644, .T. ) ;
#1903 = EDGE_CURVE ( 'NONE', #951, #743, #1743, .T. ) ;
#1904 = EDGE_CURVE ( 'NONE', #740, #1519, #432, .T. ) ;
#1905 = LINE ( 'NONE', #452, #1897 ) ;
#1906 = CARTESIAN_POINT ( 'NONE',  ( 2.109999999999999876, -1.580000000000000071, -2.899999999999999911 ) ) ;
#1907 = DIRECTION ( 'NONE',  ( 1.000000000000000000, 0.000000000000000000, 0.000000000000000000 ) ) ;
#1908 = VERTEX_POINT ( 'NONE', #113 ) ;
#1909 = LINE ( 'NONE', #1313, #1616 ) ;
#1910 = DIRECTION ( 'NONE',  ( 0.000000000000000000, 0.000000000000000000, 1.000000000000000000 ) ) ;
#1911 = VERTEX_POINT ( 'NONE', #592 ) ;
#1912 = EDGE_CURVE ( 'NONE', #95, #274, #135, .T. ) ;
#1913 = DIRECTION ( 'NONE',  ( 0.000000000000000000, -1.000000000000000000, 0.000000000000000000 ) ) ;
#1914 = DIRECTION ( 'NONE',  ( 0.000000000000000000, 0.000000000000000000, -1.000000000000000000 ) ) ;
#1915 = ORIENTED_EDGE ( 'NONE', *, *, #216, .F. ) ;
#1916 = CARTESIAN_POINT ( 'NONE',  ( -1.270000000000000018, 10.12000000000000099, -1.899999999999999911 ) ) ;
#1917 = DIRECTION ( 'NONE',  ( 0.000000000000000000, 0.000000000000000000, 1.000000000000000000 ) ) ;
#1918 = CARTESIAN_POINT ( 'NONE',  ( 1.489999999999999991, 8.830000000000000071, -0.02000000000000000042 ) ) ;
#1919 = VERTEX_POINT ( 'NONE', #1177 ) ;
ENDSEC;
END-ISO-10303-21;
