ISO-10303-21;
HEADER;
FILE_DESCRIPTION (( 'STEP AP214' ),
    '1' );
FILE_NAME ('139600.step',
    '2020-09-28T18:08:17',
    ( '' ),
    ( '' ),
    'SwSTEP 2.0',
    'SolidWorks 2019',
    '' );
FILE_SCHEMA (( 'AUTOMOTIVE_DESIGN' ));
ENDSEC;

DATA;
#1 = ORIENTED_EDGE ( 'NONE', *, *, #3165, .F. ) ;
#2 = VECTOR ( 'NONE', #923, 1000.000000000000000 ) ;
#3 = FACE_OUTER_BOUND ( 'NONE', #4506, .T. ) ;
#4 = DIRECTION ( 'NONE',  ( 0.000000000000000000, 1.000000000000000000, 0.000000000000000000 ) ) ;
#5 = AXIS2_PLACEMENT_3D ( 'NONE', #179, #1711, #1814 ) ;
#6 = VECTOR ( 'NONE', #1644, 1000.000000000000000 ) ;
#7 = ORIENTED_EDGE ( 'NONE', *, *, #2053, .T. ) ;
#8 = VECTOR ( 'NONE', #247, 1000.000000000000000 ) ;
#9 = VECTOR ( 'NONE', #1973, 1000.000000000000000 ) ;
#10 = CARTESIAN_POINT ( 'NONE',  ( -5.400000000000000355, -0.9399999999999999467, -0.3400000000000000244 ) ) ;
#11 = CARTESIAN_POINT ( 'NONE',  ( -4.760000000000000675, 8.580000000000000071, -0.3400000000000000244 ) ) ;
#12 = ADVANCED_FACE ( 'NONE', ( #2123 ), #3634, .T. ) ;
#13 = DIRECTION ( 'NONE',  ( 0.000000000000000000, -1.000000000000000000, 0.000000000000000000 ) ) ;
#14 = LINE ( 'NONE', #3003, #2974 ) ;
#15 = ORIENTED_EDGE ( 'NONE', *, *, #1448, .F. ) ;
#16 = VECTOR ( 'NONE', #1021, 1000.000000000000000 ) ;
#17 = VECTOR ( 'NONE', #2370, 1000.000000000000000 ) ;
#18 = VECTOR ( 'NONE', #3937, 1000.000000000000000 ) ;
#19 = VERTEX_POINT ( 'NONE', #642 ) ;
#20 = AXIS2_PLACEMENT_3D ( 'NONE', #3493, #2741, #3867 ) ;
#21 = PLANE ( 'NONE',  #1058 ) ;
#22 = EDGE_CURVE ( 'NONE', #2223, #509, #537, .T. ) ;
#23 = ORIENTED_EDGE ( 'NONE', *, *, #885, .F. ) ;
#24 = PLANE ( 'NONE',  #2585 ) ;
#25 = CARTESIAN_POINT ( 'NONE',  ( -0.3200000000000000067, -4.639999999999999680, 0.2999999999999999889 ) ) ;
#26 = DIRECTION ( 'NONE',  ( 0.000000000000000000, 1.000000000000000000, 0.000000000000000000 ) ) ;
#27 = EDGE_CURVE ( 'NONE', #3208, #2049, #4414, .T. ) ;
#28 = EDGE_CURVE ( 'NONE', #3375, #3163, #3182, .T. ) ;
#29 = CARTESIAN_POINT ( 'NONE',  ( 4.760000000000000675, -4.639999999999999680, -0.3400000000000000244 ) ) ;
#30 = CARTESIAN_POINT ( 'NONE',  ( 0.9650000000000000799, 1.580000000000000071, 0.7299999999999999822 ) ) ;
#31 = ORIENTED_EDGE ( 'NONE', *, *, #3032, .T. ) ;
#32 = PRODUCT_DEFINITION ( 'UNKNOWN', '', #3843, #4164 ) ;
#33 = DIRECTION ( 'NONE',  ( -0.9284766908852662981, 0.3713906763540865685, 0.000000000000000000 ) ) ;
#34 = CARTESIAN_POINT ( 'NONE',  ( 1.699999999999999956, -1.270000000000000018, 0.8249999999999999556 ) ) ;
#35 = ORIENTED_EDGE ( 'NONE', *, *, #2960, .T. ) ;
#36 = CARTESIAN_POINT ( 'NONE',  ( -2.660000000000000142, -5.139999999999999680, -0.1399999999999999856 ) ) ;
#37 = LINE ( 'NONE', #1576, #2910 ) ;
#38 = FACE_OUTER_BOUND ( 'NONE', #2743, .T. ) ;
#39 = CARTESIAN_POINT ( 'NONE',  ( 0.000000000000000000, -4.890000000000000568, -0.2400000000000000189 ) ) ;
#40 = VERTEX_POINT ( 'NONE', #999 ) ;
#41 = ORIENTED_EDGE ( 'NONE', *, *, #3746, .F. ) ;
#42 = CARTESIAN_POINT ( 'NONE',  ( -2.660000000000000142, -5.139999999999999680, -0.1399999999999999856 ) ) ;
#43 = ORIENTED_EDGE ( 'NONE', *, *, #4655, .T. ) ;
#44 = CARTESIAN_POINT ( 'NONE',  ( -5.400000000000000355, 8.580000000000000071, 0.2999999999999999889 ) ) ;
#45 = DIRECTION ( 'NONE',  ( 0.3481553119113956485, -0.8703882797784894265, -0.3481553119113956485 ) ) ;
#46 = CARTESIAN_POINT ( 'NONE',  ( -0.8400000000000000799, -1.270000000000000018, -0.8249999999999999556 ) ) ;
#47 = ORIENTED_EDGE ( 'NONE', *, *, #4286, .F. ) ;
#48 = ORIENTED_EDGE ( 'NONE', *, *, #1291, .F. ) ;
#49 = FACE_OUTER_BOUND ( 'NONE', #1948, .T. ) ;
#50 = DIRECTION ( 'NONE',  ( -0.000000000000000000, 1.000000000000000000, 0.000000000000000000 ) ) ;
#51 = EDGE_CURVE ( 'NONE', #4557, #1159, #4033, .T. ) ;
#52 = EDGE_LOOP ( 'NONE', ( #4161, #2684, #4402, #23 ) ) ;
#53 = CARTESIAN_POINT ( 'NONE',  ( 4.760000000000000675, -5.139999999999999680, -0.3400000000000000244 ) ) ;
#54 = DIRECTION ( 'NONE',  ( 0.3481553119113956485, 0.8703882797784894265, 0.3481553119113956485 ) ) ;
#55 = ADVANCED_FACE ( 'NONE', ( #3581 ), #596, .T. ) ;
#56 = PRODUCT_CONTEXT ( 'NONE', #795, 'mechanical' ) ;
#57 = EDGE_LOOP ( 'NONE', ( #3739, #2041, #2225, #3805 ) ) ;
#58 = DIRECTION ( 'NONE',  ( -0.9284766908852662981, -0.3713906763540865685, 0.000000000000000000 ) ) ;
#59 = CARTESIAN_POINT ( 'NONE',  ( -3.504999999999999893, 1.580000000000000071, 0.7299999999999999822 ) ) ;
#60 = CARTESIAN_POINT ( 'NONE',  ( -3.380000000000000338, -0.9399999999999999467, 2.899999999999999911 ) ) ;
#61 = CARTESIAN_POINT ( 'NONE',  ( 2.660000000000000142, -5.139999999999999680, 0.09999999999998999967 ) ) ;
#62 = DIRECTION ( 'NONE',  ( -0.000000000000000000, 1.000000000000000000, 0.000000000000000000 ) ) ;
#63 = ORIENTED_EDGE ( 'NONE', *, *, #2786, .F. ) ;
#64 = CARTESIAN_POINT ( 'NONE',  ( -3.380000000000000338, -1.270000000000000018, 0.8249999999999999556 ) ) ;
#65 = EDGE_LOOP ( 'NONE', ( #4647, #3608, #2883, #895 ) ) ;
#66 = CARTESIAN_POINT ( 'NONE',  ( -0.3200000000000000067, -5.139999999999999680, -0.3400000000000000244 ) ) ;
#67 = DIRECTION ( 'NONE',  ( 0.000000000000000000, -1.000000000000000000, 0.000000000000000000 ) ) ;
#68 = DIRECTION ( 'NONE',  ( -1.000000000000000000, 0.000000000000000000, 0.000000000000000000 ) ) ;
#69 = VERTEX_POINT ( 'NONE', #1768 ) ;
#70 = ORIENTED_EDGE ( 'NONE', *, *, #4092, .F. ) ;
#71 = CARTESIAN_POINT ( 'NONE',  ( 2.419999999999999929, 9.080000000000000071, -0.1399999999999999856 ) ) ;
#72 = CARTESIAN_POINT ( 'NONE',  ( -3.380000000000000338, -0.9399999999999999467, -1.600000000000000089 ) ) ;
#73 = EDGE_CURVE ( 'NONE', #1097, #1998, #3256, .T. ) ;
#74 = AXIS2_PLACEMENT_3D ( 'NONE', #3311, #1544, #3705 ) ;
#75 = ORIENTED_EDGE ( 'NONE', *, *, #1224, .T. ) ;
#76 = VECTOR ( 'NONE', #1706, 1000.000000000000000 ) ;
#77 = DIRECTION ( 'NONE',  ( -0.3481553119113956485, -0.8703882797784894265, 0.3481553119113956485 ) ) ;
#78 = DIRECTION ( 'NONE',  ( 0.9284766908852662981, 0.3713906763540865685, 0.000000000000000000 ) ) ;
#79 = EDGE_CURVE ( 'NONE', #952, #4551, #2870, .T. ) ;
#80 = ORIENTED_EDGE ( 'NONE', *, *, #3145, .T. ) ;
#81 = VECTOR ( 'NONE', #2987, 1000.000000000000000 ) ;
#82 = ADVANCED_FACE ( 'NONE', ( #4772 ), #4805, .T. ) ;
#83 = ADVANCED_FACE ( 'NONE', ( #157 ), #1697, .T. ) ;
#84 = LINE ( 'NONE', #889, #101 ) ;
#85 = AXIS2_PLACEMENT_3D ( 'NONE', #2807, #4022, #4323 ) ;
#86 = AXIS2_PLACEMENT_3D ( 'NONE', #3648, #994, #4001 ) ;
#87 = DIRECTION ( 'NONE',  ( 0.000000000000000000, 1.000000000000000000, 0.000000000000000000 ) ) ;
#88 = CARTESIAN_POINT ( 'NONE',  ( -4.760000000000000675, -0.9399999999999999467, -0.3400000000000000244 ) ) ;
#89 = DIRECTION ( 'NONE',  ( 1.000000000000000000, 0.000000000000000000, 0.000000000000000000 ) ) ;
#90 = DIRECTION ( 'NONE',  ( 0.000000000000000000, -0.9284766908852661871, 0.3713906763540865130 ) ) ;
#91 = EDGE_LOOP ( 'NONE', ( #1382, #2603, #675, #4006 ) ) ;
#92 = CARTESIAN_POINT ( 'NONE',  ( 4.114999999999999325, 1.580000000000000071, 0.7299999999999999822 ) ) ;
#93 = VECTOR ( 'NONE', #233, 1000.000000000000000 ) ;
#94 = VECTOR ( 'NONE', #3270, 1000.000000000000000 ) ;
#95 = EDGE_CURVE ( 'NONE', #1606, #1324, #4009, .T. ) ;
#96 = LINE ( 'NONE', #3146, #2108 ) ;
#97 = VECTOR ( 'NONE', #2522, 1000.000000000000000 ) ;
#98 = DIRECTION ( 'NONE',  ( 1.000000000000000000, 0.000000000000000000, 0.000000000000000000 ) ) ;
#99 = CARTESIAN_POINT ( 'NONE',  ( 3.850000000000000089, 1.580000000000000071, 0.8249999999999999556 ) ) ;
#100 = LINE ( 'NONE', #526, #2166 ) ;
#101 = VECTOR ( 'NONE', #3580, 1000.000000000000000 ) ;
#102 = VECTOR ( 'NONE', #3709, 1000.000000000000000 ) ;
#103 = ORIENTED_EDGE ( 'NONE', *, *, #4544, .F. ) ;
#104 = AXIS2_PLACEMENT_3D ( 'NONE', #1175, #2318, #3824 ) ;
#105 = VERTEX_POINT ( 'NONE', #1722 ) ;
#106 = DIRECTION ( 'NONE',  ( -1.000000000000000000, 0.000000000000000000, 0.000000000000000000 ) ) ;
#107 = CARTESIAN_POINT ( 'NONE',  ( 5.080000000000000071, 6.317986928012000014, -1.899999999999999911 ) ) ;
#108 = ORIENTED_EDGE ( 'NONE', *, *, #2782, .F. ) ;
#109 = CARTESIAN_POINT ( 'NONE',  ( -1.699999999999999956, -1.270000000000000018, -1.600000000000000089 ) ) ;
#110 = VERTEX_POINT ( 'NONE', #2545 ) ;
#111 = EDGE_CURVE ( 'NONE', #4316, #605, #4056, .T. ) ;
#112 = DIRECTION ( 'NONE',  ( -1.000000000000000000, 0.000000000000000000, 0.000000000000000000 ) ) ;
#113 = CARTESIAN_POINT ( 'NONE',  ( -3.504999999999999893, 1.580000000000000071, -0.7699999999999999067 ) ) ;
#114 = PLANE ( 'NONE',  #2425 ) ;
#115 = CARTESIAN_POINT ( 'NONE',  ( -0.3200000000000000067, -0.9399999999999999467, 0.2999999999999999889 ) ) ;
#116 = ORIENTED_EDGE ( 'NONE', *, *, #947, .F. ) ;
#117 = CARTESIAN_POINT ( 'NONE',  ( -2.419999999999999929, -5.139999999999999680, 0.09999999999998999967 ) ) ;
#118 = EDGE_CURVE ( 'NONE', #905, #40, #215, .T. ) ;
#119 = CARTESIAN_POINT ( 'NONE',  ( 5.200000000000000178, 9.080000000000000071, 0.09999999999998999967 ) ) ;
#120 = LINE ( 'NONE', #4267, #1227 ) ;
#121 = LINE ( 'NONE', #3564, #3053 ) ;
#122 = DIRECTION ( 'NONE',  ( 0.000000000000000000, -1.000000000000000000, 0.000000000000000000 ) ) ;
#123 = ORIENTED_EDGE ( 'NONE', *, *, #1963, .F. ) ;
#124 = EDGE_CURVE ( 'NONE', #936, #2498, #2826, .T. ) ;
#125 = ORIENTED_EDGE ( 'NONE', *, *, #2915, .T. ) ;
#126 = VERTEX_POINT ( 'NONE', #921 ) ;
#127 = CARTESIAN_POINT ( 'NONE',  ( 3.380000000000000338, -0.9399999999999999467, 0.8249999999999999556 ) ) ;
#128 = LINE ( 'NONE', #3888, #2162 ) ;
#129 = VERTEX_POINT ( 'NONE', #2441 ) ;
#130 = LINE ( 'NONE', #3084, #171 ) ;
#131 = ORIENTED_EDGE ( 'NONE', *, *, #4452, .T. ) ;
#132 = ORIENTED_EDGE ( 'NONE', *, *, #1802, .F. ) ;
#133 = LINE ( 'NONE', #4672, #4004 ) ;
#134 = CARTESIAN_POINT ( 'NONE',  ( 5.080000000000000071, 1.580000000000000071, -2.899999999999999911 ) ) ;
#135 = CARTESIAN_POINT ( 'NONE',  ( -5.919999999999999929, -0.9399999999999999467, 2.899999999999999911 ) ) ;
#136 = CARTESIAN_POINT ( 'NONE',  ( 0.8400000000000000799, -1.270000000000000018, -0.8249999999999999556 ) ) ;
#137 = ORIENTED_EDGE ( 'NONE', *, *, #2944, .F. ) ;
#138 = DIRECTION ( 'NONE',  ( -0.3481553119113956485, -0.8703882797784894265, 0.3481553119113956485 ) ) ;
#139 = ADVANCED_FACE ( 'NONE', ( #4357 ), #2464, .T. ) ;
#140 = FACE_OUTER_BOUND ( 'NONE', #1801, .T. ) ;
#141 = DIRECTION ( 'NONE',  ( 1.000000000000000000, 0.000000000000000000, 0.000000000000000000 ) ) ;
#142 = LINE ( 'NONE', #1657, #1064 ) ;
#143 = DIRECTION ( 'NONE',  ( -0.000000000000000000, 1.000000000000000000, 0.000000000000000000 ) ) ;
#144 = VERTEX_POINT ( 'NONE', #4751 ) ;
#145 = EDGE_CURVE ( 'NONE', #682, #3487, #2273, .T. ) ;
#146 = EDGE_CURVE ( 'NONE', #4633, #396, #2676, .T. ) ;
#147 = ADVANCED_FACE ( 'NONE', ( #697 ), #3730, .T. ) ;
#148 = ORIENTED_EDGE ( 'NONE', *, *, #3449, .T. ) ;
#149 = CARTESIAN_POINT ( 'NONE',  ( 0.1200000000000000094, -5.139999999999999680, 0.09999999999998999967 ) ) ;
#150 = CARTESIAN_POINT ( 'NONE',  ( 1.699999999999999956, -0.9399999999999999467, 2.899999999999999911 ) ) ;
#151 = ORIENTED_EDGE ( 'NONE', *, *, #1991, .F. ) ;
#152 = LINE ( 'NONE', #3228, #336 ) ;
#153 = ORIENTED_EDGE ( 'NONE', *, *, #4678, .T. ) ;
#154 = ORIENTED_EDGE ( 'NONE', *, *, #2674, .T. ) ;
#155 = VECTOR ( 'NONE', #1642, 1000.000000000000000 ) ;
#156 = FACE_OUTER_BOUND ( 'NONE', #183, .T. ) ;
#157 = FACE_OUTER_BOUND ( 'NONE', #3364, .T. ) ;
#158 = DIRECTION ( 'NONE',  ( 0.000000000000000000, 0.3713906763540865685, -0.9284766908852662981 ) ) ;
#159 = DIRECTION ( 'NONE',  ( 0.000000000000000000, 0.000000000000000000, -1.000000000000000000 ) ) ;
#160 = VECTOR ( 'NONE', #1498, 1000.000000000000000 ) ;
#161 = VERTEX_POINT ( 'NONE', #3779 ) ;
#162 = LINE ( 'NONE', #3239, #3291 ) ;
#163 = VECTOR ( 'NONE', #2106, 1000.000000000000000 ) ;
#164 = VECTOR ( 'NONE', #756, 1000.000000000000000 ) ;
#165 = CARTESIAN_POINT ( 'NONE',  ( 2.540000000000000036, -4.890000000000000568, 0.2000000000000000111 ) ) ;
#166 = FACE_OUTER_BOUND ( 'NONE', #3243, .T. ) ;
#167 = DIRECTION ( 'NONE',  ( -0.3481553119113956485, -0.8703882797784894265, 0.3481553119113956485 ) ) ;
#168 = CARTESIAN_POINT ( 'NONE',  ( 4.240000000000000213, -1.580000000000000071, -2.899999999999999911 ) ) ;
#169 = ORIENTED_EDGE ( 'NONE', *, *, #3928, .T. ) ;
#170 = AXIS2_PLACEMENT_3D ( 'NONE', #3802, #1176, #89 ) ;
#171 = VECTOR ( 'NONE', #77, 999.9999999999998863 ) ;
#172 = ORIENTED_EDGE ( 'NONE', *, *, #636, .T. ) ;
#173 = EDGE_CURVE ( 'NONE', #4116, #945, #2626, .T. ) ;
#174 = EDGE_CURVE ( 'NONE', #4907, #1285, #2246, .T. ) ;
#175 = VECTOR ( 'NONE', #4113, 1000.000000000000000 ) ;
#176 = VECTOR ( 'NONE', #3876, 1000.000000000000000 ) ;
#177 = ORIENTED_EDGE ( 'NONE', *, *, #3630, .F. ) ;
#178 = DIRECTION ( 'NONE',  ( 0.000000000000000000, 0.000000000000000000, -1.000000000000000000 ) ) ;
#179 = CARTESIAN_POINT ( 'NONE',  ( 0.8400000000000000799, -1.580000000000000071, 2.899999999999999911 ) ) ;
#180 = CARTESIAN_POINT ( 'NONE',  ( -0.8400000000000000799, -1.270000000000000018, -1.600000000000000089 ) ) ;
#181 = CLOSED_SHELL ( 'NONE', ( #1359, #1525, #1242, #4663, #2696, #1014, #4869, #2016, #83, #4079, #453, #1658, #2846, #2963, #4418, #2011, #1384, #2150, #3151, #2390, #3936, #4292, #4401, #1838, #3413, #1572, #4334, #611, #3506, #2483, #147, #479, #834, #3320, #940, #1542, #707, #1265, #4939, #3082, #1774, #2227, #4723, #1258, #2971, #2613, #2516, #12, #4874, #82, #4717, #744, #3315, #3172, #1599, #1418, #767, #1235, #3235, #4817, #1040, #769, #3055, #1083, #3780, #55, #1323, #3528, #2606, #1502, #216, #4779, #3058, #2699, #1045, #1682, #2298, #4457, #1299, #1076, #640, #2531, #2470, #4483, #1360, #4684, #2695, #3414, #3922, #3064, #3718, #854, #2912, #4594, #4915, #1927, #1533, #4667, #616, #3871, #1808, #550, #3500, #2579, #3421, #2420, #1900, #2072, #3362, #2548, #521, #3750, #3193, #346, #4206, #1718, #3719, #797, #363, #3503, #182, #1511, #310, #2812, #383, #1293, #1188, #557, #278, #3199, #2476, #4178, #1082, #2727, #918, #3407, #3535, #2216, #4880, #2995, #4354, #2145, #139, #2265, #552, #4756, #3326, #4362, #207, #912, #4724, #522, #648, #3859, #3569, #3261, #432, #3925, #4363, #1567, #2576, #252, #3250, #1925, #3496, #1140, #1907 ) ) ;
#182 = ADVANCED_FACE ( 'NONE', ( #4110 ), #4158, .F. ) ;
#183 = EDGE_LOOP ( 'NONE', ( #703, #718, #2763, #468 ) ) ;
#184 = VECTOR ( 'NONE', #2551, 1000.000000000000000 ) ;
#185 = EDGE_CURVE ( 'NONE', #4322, #2101, #1119, .T. ) ;
#186 = AXIS2_PLACEMENT_3D ( 'NONE', #3080, #4643, #2689 ) ;
#187 = LINE ( 'NONE', #3948, #1696 ) ;
#188 = ORIENTED_EDGE ( 'NONE', *, *, #1147, .T. ) ;
#189 = CARTESIAN_POINT ( 'NONE',  ( 0.1200000000000000094, -5.139999999999999680, 0.09999999999998999967 ) ) ;
#190 = ORIENTED_EDGE ( 'NONE', *, *, #1279, .T. ) ;
#191 = EDGE_CURVE ( 'NONE', #2346, #2101, #4906, .T. ) ;
#192 = PLANE ( 'NONE',  #3677 ) ;
#193 = DIRECTION ( 'NONE',  ( 0.000000000000000000, 0.000000000000000000, -1.000000000000000000 ) ) ;
#194 = LINE ( 'NONE', #217, #1793 ) ;
#195 = PLANE ( 'NONE',  #736 ) ;
#196 = ORIENTED_EDGE ( 'NONE', *, *, #1019, .F. ) ;
#197 = CARTESIAN_POINT ( 'NONE',  ( 0.3200000000000000067, -4.639999999999999680, 0.2999999999999999889 ) ) ;
#198 = PLANE ( 'NONE',  #3057 ) ;
#199 = CARTESIAN_POINT ( 'NONE',  ( -3.380000000000000338, -1.270000000000000018, -1.600000000000000089 ) ) ;
#200 = CARTESIAN_POINT ( 'NONE',  ( 5.919999999999999929, -1.580000000000000071, 2.899999999999999911 ) ) ;
#201 = ORIENTED_EDGE ( 'NONE', *, *, #425, .F. ) ;
#202 = ORIENTED_EDGE ( 'NONE', *, *, #2914, .F. ) ;
#203 = EDGE_LOOP ( 'NONE', ( #532, #4533, #3768, #386 ) ) ;
#204 = LINE ( 'NONE', #4021, #344 ) ;
#205 = LINE ( 'NONE', #1734, #4077 ) ;
#206 = CARTESIAN_POINT ( 'NONE',  ( -4.760000000000000675, -4.639999999999999680, -0.3400000000000000244 ) ) ;
#207 = ADVANCED_FACE ( 'NONE', ( #3405 ), #1523, .T. ) ;
#208 = VERTEX_POINT ( 'NONE', #2569 ) ;
#209 = DIRECTION ( 'NONE',  ( 1.000000000000000000, 0.000000000000000000, 0.000000000000000000 ) ) ;
#210 = EDGE_CURVE ( 'NONE', #551, #2677, #4548, .T. ) ;
#211 = ORIENTED_EDGE ( 'NONE', *, *, #4620, .F. ) ;
#212 = CARTESIAN_POINT ( 'NONE',  ( -3.380000000000000338, -0.9399999999999999467, -1.600000000000000089 ) ) ;
#213 = ORIENTED_EDGE ( 'NONE', *, *, #1510, .T. ) ;
#214 = DIRECTION ( 'NONE',  ( 0.000000000000000000, 1.000000000000000000, 0.000000000000000000 ) ) ;
#215 = LINE ( 'NONE', #2849, #2021 ) ;
#216 = ADVANCED_FACE ( 'NONE', ( #4460, #3681 ), #269, .F. ) ;
#217 = CARTESIAN_POINT ( 'NONE',  ( -5.080000000000000071, 1.580000000000000071, -2.899999999999999911 ) ) ;
#218 = LINE ( 'NONE', #3657, #654 ) ;
#219 = ORIENTED_EDGE ( 'NONE', *, *, #2658, .F. ) ;
#220 = FACE_BOUND ( 'NONE', #304, .T. ) ;
#221 = LINE ( 'NONE', #2077, #2333 ) ;
#222 = DIRECTION ( 'NONE',  ( 1.000000000000000000, 0.000000000000000000, 0.000000000000000000 ) ) ;
#223 = ORIENTED_EDGE ( 'NONE', *, *, #2210, .T. ) ;
#224 = EDGE_LOOP ( 'NONE', ( #4738, #4252, #1652, #213 ) ) ;
#225 = DIRECTION ( 'NONE',  ( 0.000000000000000000, -1.000000000000000000, 0.000000000000000000 ) ) ;
#226 = CARTESIAN_POINT ( 'NONE',  ( -0.8400000000000000799, -0.9399999999999999467, -2.899999999999999911 ) ) ;
#227 = DIRECTION ( 'NONE',  ( -1.000000000000000000, 0.000000000000000000, 0.000000000000000000 ) ) ;
#228 = EDGE_LOOP ( 'NONE', ( #4068, #1028, #2012, #1023 ) ) ;
#229 = ORIENTED_EDGE ( 'NONE', *, *, #1192, .T. ) ;
#230 = EDGE_CURVE ( 'NONE', #909, #1041, #3704, .T. ) ;
#231 = CARTESIAN_POINT ( 'NONE',  ( 4.760000000000000675, 8.580000000000000071, 0.2999999999999999889 ) ) ;
#232 = EDGE_LOOP ( 'NONE', ( #2586, #4204, #3492, #103, #2774, #1105, #1881, #1919, #1433 ) ) ;
#233 = DIRECTION ( 'NONE',  ( 0.000000000000000000, 0.000000000000000000, 1.000000000000000000 ) ) ;
#234 = ORIENTED_EDGE ( 'NONE', *, *, #334, .T. ) ;
#235 = EDGE_CURVE ( 'NONE', #4754, #4676, #1078, .T. ) ;
#236 = EDGE_CURVE ( 'NONE', #4168, #280, #1823, .T. ) ;
#237 = DIRECTION ( 'NONE',  ( 0.000000000000000000, 0.000000000000000000, 1.000000000000000000 ) ) ;
#238 = DIRECTION ( 'NONE',  ( 0.000000000000000000, 0.000000000000000000, -1.000000000000000000 ) ) ;
#239 = CARTESIAN_POINT ( 'NONE',  ( -4.760000000000000675, -4.639999999999999680, -0.3400000000000000244 ) ) ;
#240 = ORIENTED_EDGE ( 'NONE', *, *, #244, .T. ) ;
#241 = LINE ( 'NONE', #3363, #175 ) ;
#242 = VECTOR ( 'NONE', #4867, 1000.000000000000000 ) ;
#243 = EDGE_CURVE ( 'NONE', #808, #129, #1452, .T. ) ;
#244 = EDGE_CURVE ( 'NONE', #1320, #1292, #4883, .T. ) ;
#245 = VECTOR ( 'NONE', #3987, 1000.000000000000000 ) ;
#246 = CARTESIAN_POINT ( 'NONE',  ( -4.807022324299999205, 10.12000000000000099, -1.899999999999999911 ) ) ;
#247 = DIRECTION ( 'NONE',  ( 0.000000000000000000, 0.000000000000000000, 1.000000000000000000 ) ) ;
#248 = CARTESIAN_POINT ( 'NONE',  ( -0.8400000000000000799, -1.580000000000000071, 2.899999999999999911 ) ) ;
#249 = VERTEX_POINT ( 'NONE', #1483 ) ;
#250 = ORIENTED_EDGE ( 'NONE', *, *, #1595, .F. ) ;
#251 = VECTOR ( 'NONE', #2233, 999.9999999999998863 ) ;
#252 = ADVANCED_FACE ( 'NONE', ( #3017 ), #2997, .F. ) ;
#253 = ORIENTED_EDGE ( 'NONE', *, *, #671, .F. ) ;
#254 = LINE ( 'NONE', #4472, #94 ) ;
#255 = CARTESIAN_POINT ( 'NONE',  ( -3.380000000000000338, -1.580000000000000071, 2.899999999999999911 ) ) ;
#256 = DIRECTION ( 'NONE',  ( 1.000000000000000000, 0.000000000000000000, 0.000000000000000000 ) ) ;
#257 = AXIS2_PLACEMENT_3D ( 'NONE', #871, #3489, #4609 ) ;
#258 = VECTOR ( 'NONE', #214, 1000.000000000000000 ) ;
#259 = VECTOR ( 'NONE', #4811, 1000.000000000000000 ) ;
#260 = AXIS2_PLACEMENT_3D ( 'NONE', #2371, #3456, #3160 ) ;
#261 = CARTESIAN_POINT ( 'NONE',  ( -4.807022324299999205, 10.12000000000000099, -2.899999999999999911 ) ) ;
#262 = VERTEX_POINT ( 'NONE', #933 ) ;
#263 = LINE ( 'NONE', #3278, #4629 ) ;
#264 =( GEOMETRIC_REPRESENTATION_CONTEXT ( 3 ) GLOBAL_UNCERTAINTY_ASSIGNED_CONTEXT ( ( #3059 ) ) GLOBAL_UNIT_ASSIGNED_CONTEXT ( ( #1848, #1485, #1383 ) ) REPRESENTATION_CONTEXT ( 'NONE', 'WORKASPACE' ) );
#265 = AXIS2_PLACEMENT_3D ( 'NONE', #3166, #2398, #2033 ) ;
#266 = ORIENTED_EDGE ( 'NONE', *, *, #4272, .F. ) ;
#267 = VECTOR ( 'NONE', #465, 1000.000000000000000 ) ;
#268 = LINE ( 'NONE', #1916, #4399 ) ;
#269 = PLANE ( 'NONE',  #665 ) ;
#270 = DIRECTION ( 'NONE',  ( -0.000000000000000000, 1.000000000000000000, 0.000000000000000000 ) ) ;
#271 = ORIENTED_EDGE ( 'NONE', *, *, #831, .F. ) ;
#272 = EDGE_CURVE ( 'NONE', #2791, #4120, #3798, .T. ) ;
#273 = FACE_OUTER_BOUND ( 'NONE', #4343, .T. ) ;
#274 = CARTESIAN_POINT ( 'NONE',  ( 5.400000000000000355, 8.580000000000000071, -0.3400000000000000244 ) ) ;
#275 = DIRECTION ( 'NONE',  ( 0.000000000000000000, 1.000000000000000000, 0.000000000000000000 ) ) ;
#276 = CARTESIAN_POINT ( 'NONE',  ( -2.220000000000000195, 1.580000000000000071, 0.2999999999999999889 ) ) ;
#277 = EDGE_LOOP ( 'NONE', ( #4132, #3412, #4645, #4114 ) ) ;
#278 = ADVANCED_FACE ( 'NONE', ( #840 ), #4223, .T. ) ;
#279 = ORIENTED_EDGE ( 'NONE', *, *, #1194, .T. ) ;
#280 = VERTEX_POINT ( 'NONE', #1220 ) ;
#281 = CARTESIAN_POINT ( 'NONE',  ( 3.380000000000000338, -1.270000000000000018, 0.8249999999999999556 ) ) ;
#282 = DIRECTION ( 'NONE',  ( 0.000000000000000000, 0.000000000000000000, -1.000000000000000000 ) ) ;
#283 = DIRECTION ( 'NONE',  ( 1.000000000000000000, 0.000000000000000000, 0.000000000000000000 ) ) ;
#284 = EDGE_CURVE ( 'NONE', #3487, #1351, #2083, .T. ) ;
#285 = MANIFOLD_SOLID_BREP ( 'Imported1', #181 ) ;
#286 = DIRECTION ( 'NONE',  ( 0.000000000000000000, -0.9284766908852661871, 0.3713906763540865130 ) ) ;
#287 = EDGE_LOOP ( 'NONE', ( #1056, #569, #406, #75 ) ) ;
#288 = DIRECTION ( 'NONE',  ( 0.000000000000000000, -1.000000000000000000, 0.000000000000000000 ) ) ;
#289 = EDGE_LOOP ( 'NONE', ( #828, #338, #3974, #3571 ) ) ;
#290 = LINE ( 'NONE', #1767, #4877 ) ;
#291 = CARTESIAN_POINT ( 'NONE',  ( -6.349999999999999645, 1.580000000000000071, 2.899999999999999911 ) ) ;
#292 = LINE ( 'NONE', #3061, #4385 ) ;
#293 = ORIENTED_EDGE ( 'NONE', *, *, #4908, .T. ) ;
#294 = DIRECTION ( 'NONE',  ( 0.000000000000000000, 1.000000000000000000, 0.000000000000000000 ) ) ;
#295 = ORIENTED_EDGE ( 'NONE', *, *, #1654, .T. ) ;
#296 = FACE_OUTER_BOUND ( 'NONE', #2043, .T. ) ;
#297 = VERTEX_POINT ( 'NONE', #3427 ) ;
#298 = EDGE_CURVE ( 'NONE', #1391, #728, #3873, .T. ) ;
#299 = CARTESIAN_POINT ( 'NONE',  ( 3.504999999999999893, 1.580000000000000071, 0.7299999999999999822 ) ) ;
#300 = FACE_OUTER_BOUND ( 'NONE', #3073, .T. ) ;
#301 = VERTEX_POINT ( 'NONE', #1343 ) ;
#302 = ORIENTED_EDGE ( 'NONE', *, *, #1955, .F. ) ;
#303 = EDGE_CURVE ( 'NONE', #3652, #1116, #2837, .T. ) ;
#304 = EDGE_LOOP ( 'NONE', ( #2609, #1876, #2796, #1087 ) ) ;
#305 = FACE_OUTER_BOUND ( 'NONE', #1129, .T. ) ;
#306 = LINE ( 'NONE', #1093, #660 ) ;
#307 = CARTESIAN_POINT ( 'NONE',  ( -5.080000000000000071, 6.317986928012000014, -1.899999999999999911 ) ) ;
#308 = EDGE_CURVE ( 'NONE', #4830, #4725, #2861, .T. ) ;
#309 = EDGE_CURVE ( 'NONE', #4067, #4706, #4202, .T. ) ;
#310 = ADVANCED_FACE ( 'NONE', ( #2715 ), #554, .T. ) ;
#311 = CARTESIAN_POINT ( 'NONE',  ( -2.860000000000000320, 8.580000000000000071, -0.3400000000000000244 ) ) ;
#312 = EDGE_LOOP ( 'NONE', ( #2999, #628, #4893, #3277 ) ) ;
#313 = CARTESIAN_POINT ( 'NONE',  ( -2.419999999999999929, 9.080000000000000071, -0.1399999999999999856 ) ) ;
#314 = ORIENTED_EDGE ( 'NONE', *, *, #2902, .F. ) ;
#315 = DIRECTION ( 'NONE',  ( 1.000000000000000000, 0.000000000000000000, 0.000000000000000000 ) ) ;
#316 = DIRECTION ( 'NONE',  ( 1.000000000000000000, 0.000000000000000000, 0.000000000000000000 ) ) ;
#317 = ORIENTED_EDGE ( 'NONE', *, *, #3201, .F. ) ;
#318 = FACE_OUTER_BOUND ( 'NONE', #2458, .T. ) ;
#319 = ORIENTED_EDGE ( 'NONE', *, *, #3660, .F. ) ;
#320 = LINE ( 'NONE', #4115, #2669 ) ;
#321 = DIRECTION ( 'NONE',  ( 0.000000000000000000, -1.000000000000000000, 0.000000000000000000 ) ) ;
#322 = LINE ( 'NONE', #4189, #568 ) ;
#323 = VECTOR ( 'NONE', #2919, 1000.000000000000000 ) ;
#324 = ORIENTED_EDGE ( 'NONE', *, *, #2116, .F. ) ;
#325 = ORIENTED_EDGE ( 'NONE', *, *, #513, .F. ) ;
#326 = EDGE_LOOP ( 'NONE', ( #196, #861, #2934, #3319 ) ) ;
#327 = VECTOR ( 'NONE', #3191, 1000.000000000000000 ) ;
#328 = PLANE ( 'NONE',  #2809 ) ;
#329 = ORIENTED_EDGE ( 'NONE', *, *, #3724, .F. ) ;
#330 = LINE ( 'NONE', #1496, #583 ) ;
#331 = DIRECTION ( 'NONE',  ( 0.000000000000000000, 0.000000000000000000, -1.000000000000000000 ) ) ;
#332 = CARTESIAN_POINT ( 'NONE',  ( 3.504999999999999893, 1.580000000000000071, 0.7299999999999999822 ) ) ;
#333 = AXIS2_PLACEMENT_3D ( 'NONE', #2848, #3975, #3703 ) ;
#334 = EDGE_CURVE ( 'NONE', #3799, #3658, #1969, .T. ) ;
#335 = VECTOR ( 'NONE', #2192, 1000.000000000000000 ) ;
#336 = VECTOR ( 'NONE', #3971, 999.9999999999998863 ) ;
#337 = DIRECTION ( 'NONE',  ( -0.9396926207858973257, -0.3420201433256991330, 0.000000000000000000 ) ) ;
#338 = ORIENTED_EDGE ( 'NONE', *, *, #1444, .F. ) ;
#339 = EDGE_CURVE ( 'NONE', #3440, #4604, #1947, .T. ) ;
#340 = VERTEX_POINT ( 'NONE', #34 ) ;
#341 = VECTOR ( 'NONE', #3735, 1000.000000000000000 ) ;
#342 = VECTOR ( 'NONE', #2392, 999.9999999999998863 ) ;
#343 = DIRECTION ( 'NONE',  ( 0.000000000000000000, 0.000000000000000000, 1.000000000000000000 ) ) ;
#344 = VECTOR ( 'NONE', #3322, 1000.000000000000000 ) ;
#345 = DIRECTION ( 'NONE',  ( 1.000000000000000000, 0.000000000000000000, 0.000000000000000000 ) ) ;
#346 = ADVANCED_FACE ( 'NONE', ( #4739 ), #3454, .T. ) ;
#347 = ORIENTED_EDGE ( 'NONE', *, *, #339, .T. ) ;
#348 = VECTOR ( 'NONE', #4888, 1000.000000000000000 ) ;
#349 = DIRECTION ( 'NONE',  ( 1.000000000000000000, 0.000000000000000000, 0.000000000000000000 ) ) ;
#350 = DIRECTION ( 'NONE',  ( 0.000000000000000000, 0.000000000000000000, 1.000000000000000000 ) ) ;
#351 = DIRECTION ( 'NONE',  ( 0.000000000000000000, -1.000000000000000000, 0.000000000000000000 ) ) ;
#352 = ORIENTED_EDGE ( 'NONE', *, *, #2185, .T. ) ;
#353 = VECTOR ( 'NONE', #4477, 1000.000000000000000 ) ;
#354 = ORIENTED_EDGE ( 'NONE', *, *, #771, .F. ) ;
#355 = ORIENTED_EDGE ( 'NONE', *, *, #3991, .T. ) ;
#356 = DIRECTION ( 'NONE',  ( 0.3481553119113956485, 0.8703882797784894265, 0.3481553119113956485 ) ) ;
#357 = ORIENTED_EDGE ( 'NONE', *, *, #2944, .T. ) ;
#358 = FACE_OUTER_BOUND ( 'NONE', #4612, .T. ) ;
#359 = CARTESIAN_POINT ( 'NONE',  ( -0.3200000000000000067, 1.580000000000000071, -0.3400000000000000244 ) ) ;
#360 = DIRECTION ( 'NONE',  ( 0.000000000000000000, 1.000000000000000000, 0.000000000000000000 ) ) ;
#361 = PLANE ( 'NONE',  #1818 ) ;
#362 = ORIENTED_EDGE ( 'NONE', *, *, #4302, .F. ) ;
#363 = ADVANCED_FACE ( 'NONE', ( #2368 ), #3644, .F. ) ;
#364 = DIRECTION ( 'NONE',  ( 0.000000000000000000, 1.000000000000000000, 0.000000000000000000 ) ) ;
#365 = DIRECTION ( 'NONE',  ( 0.000000000000000000, 1.000000000000000000, 0.000000000000000000 ) ) ;
#366 = EDGE_CURVE ( 'NONE', #838, #1223, #1441, .T. ) ;
#367 = EDGE_LOOP ( 'NONE', ( #3993, #352, #1792, #2005, #3045, #3626, #154, #954, #108, #4433, #3834, #1486, #137, #2520, #2190, #3004, #1725, #4186, #3424, #2756, #3619, #2543, #2452, #2988, #4444, #729, #2242, #172, #1319, #324 ) ) ;
#368 = EDGE_CURVE ( 'NONE', #2211, #4116, #2884, .T. ) ;
#369 = LINE ( 'NONE', #3069, #3292 ) ;
#370 = CYLINDRICAL_SURFACE ( 'NONE', #1621, 0.5999999999999998668 ) ;
#371 = CARTESIAN_POINT ( 'NONE',  ( -1.699999999999999956, -1.580000000000000071, 2.899999999999999911 ) ) ;
#372 = EDGE_LOOP ( 'NONE', ( #2243, #2352, #4775, #3300 ) ) ;
#373 = ORIENTED_EDGE ( 'NONE', *, *, #4264, .T. ) ;
#374 = ORIENTED_EDGE ( 'NONE', *, *, #4264, .F. ) ;
#375 = CARTESIAN_POINT ( 'NONE',  ( -6.349999999999999645, -1.580000000000000071, 2.899999999999999911 ) ) ;
#376 = ORIENTED_EDGE ( 'NONE', *, *, #2080, .T. ) ;
#377 = DIRECTION ( 'NONE',  ( 0.000000000000000000, -0.8660254037844288266, 0.5000000000000169864 ) ) ;
#378 = LINE ( 'NONE', #4919, #4707 ) ;
#379 = CARTESIAN_POINT ( 'NONE',  ( -5.400000000000000355, 1.580000000000000071, 0.2999999999999999889 ) ) ;
#380 = CARTESIAN_POINT ( 'NONE',  ( 0.3200000000000000067, -4.639999999999999680, -0.3400000000000000244 ) ) ;
#381 = LINE ( 'NONE', #1079, #2645 ) ;
#382 = EDGE_LOOP ( 'NONE', ( #4576, #3908, #2284, #4864 ) ) ;
#383 = ADVANCED_FACE ( 'NONE', ( #2191 ), #3667, .T. ) ;
#384 = CARTESIAN_POINT ( 'NONE',  ( -2.860000000000000320, 9.080000000000000071, 0.2999999999999999889 ) ) ;
#385 = CARTESIAN_POINT ( 'NONE',  ( -4.760000000000000675, -0.9399999999999999467, 0.2999999999999999889 ) ) ;
#386 = ORIENTED_EDGE ( 'NONE', *, *, #3354, .F. ) ;
#387 = EDGE_CURVE ( 'NONE', #4407, #1206, #2591, .T. ) ;
#388 = CARTESIAN_POINT ( 'NONE',  ( 2.419999999999999929, 9.080000000000000071, 0.09999999999998999967 ) ) ;
#389 = CARTESIAN_POINT ( 'NONE',  ( 0.3200000000000000067, 1.580000000000000071, 0.2999999999999999889 ) ) ;
#390 = CARTESIAN_POINT ( 'NONE',  ( -5.400000000000000355, 8.580000000000000071, 0.2999999999999999889 ) ) ;
#391 = ORIENTED_EDGE ( 'NONE', *, *, #1131, .F. ) ;
#392 = EDGE_CURVE ( 'NONE', #427, #340, #4101, .T. ) ;
#393 = EDGE_CURVE ( 'NONE', #2453, #4348, #254, .T. ) ;
#394 = VERTEX_POINT ( 'NONE', #2157 ) ;
#395 = CARTESIAN_POINT ( 'NONE',  ( -1.699999999999999956, -1.580000000000000071, -2.899999999999999911 ) ) ;
#396 = VERTEX_POINT ( 'NONE', #4449 ) ;
#397 = EDGE_CURVE ( 'NONE', #4926, #394, #4426, .T. ) ;
#398 = FACE_OUTER_BOUND ( 'NONE', #2234, .T. ) ;
#399 = LINE ( 'NONE', #429, #3046 ) ;
#400 = DIRECTION ( 'NONE',  ( 0.000000000000000000, 0.000000000000000000, 1.000000000000000000 ) ) ;
#401 = EDGE_CURVE ( 'NONE', #4330, #1998, #3346, .T. ) ;
#402 = AXIS2_PLACEMENT_3D ( 'NONE', #4058, #158, #1332 ) ;
#403 = DIRECTION ( 'NONE',  ( 0.3481553119113956485, -0.8703882797784894265, -0.3481553119113956485 ) ) ;
#404 = PLANE ( 'NONE',  #1458 ) ;
#405 = VECTOR ( 'NONE', #2932, 999.9999999999998863 ) ;
#406 = ORIENTED_EDGE ( 'NONE', *, *, #3800, .F. ) ;
#407 = VECTOR ( 'NONE', #3645, 1000.000000000000000 ) ;
#408 = VECTOR ( 'NONE', #1651, 1000.000000000000000 ) ;
#409 = DIRECTION ( 'NONE',  ( 0.000000000000000000, -1.000000000000000000, 0.000000000000000000 ) ) ;
#410 = CARTESIAN_POINT ( 'NONE',  ( -0.8400000000000000799, -0.9399999999999999467, -1.600000000000000089 ) ) ;
#411 = VECTOR ( 'NONE', #3175, 1000.000000000000000 ) ;
#412 = CIRCLE ( 'NONE', #1065, 0.5999999999999998668 ) ;
#413 = SHAPE_DEFINITION_REPRESENTATION ( #3508, #884 ) ;
#414 = VERTEX_POINT ( 'NONE', #2213 ) ;
#415 = VECTOR ( 'NONE', #350, 1000.000000000000000 ) ;
#416 = AXIS2_PLACEMENT_3D ( 'NONE', #66, #3514, #471 ) ;
#417 = DIRECTION ( 'NONE',  ( 0.000000000000000000, -1.000000000000000000, 0.000000000000000000 ) ) ;
#418 = CARTESIAN_POINT ( 'NONE',  ( -0.8400000000000000799, -1.270000000000000018, -0.8249999999999999556 ) ) ;
#419 = DIRECTION ( 'NONE',  ( 0.000000000000000000, 1.000000000000000000, 0.000000000000000000 ) ) ;
#420 = CARTESIAN_POINT ( 'NONE',  ( -0.3200000000000000067, -0.9399999999999999467, 0.2999999999999999889 ) ) ;
#421 = ORIENTED_EDGE ( 'NONE', *, *, #3470, .T. ) ;
#422 = STYLED_ITEM ( 'NONE', ( #1898 ), #884 ) ;
#423 = AXIS2_PLACEMENT_3D ( 'NONE', #3001, #1506, #3431 ) ;
#424 = ORIENTED_EDGE ( 'NONE', *, *, #3438, .F. ) ;
#425 = EDGE_CURVE ( 'NONE', #2677, #749, #2558, .T. ) ;
#426 = CARTESIAN_POINT ( 'NONE',  ( 1.574999999999999956, -1.580000000000000071, 0.7299999999999999822 ) ) ;
#427 = VERTEX_POINT ( 'NONE', #608 ) ;
#428 = LINE ( 'NONE', #3809, #4712 ) ;
#429 = CARTESIAN_POINT ( 'NONE',  ( -3.380000000000000338, -1.270000000000000018, -1.600000000000000089 ) ) ;
#430 = CARTESIAN_POINT ( 'NONE',  ( -3.380000000000000338, -1.270000000000000018, 1.600000000000000089 ) ) ;
#431 = ORIENTED_EDGE ( 'NONE', *, *, #3693, .T. ) ;
#432 = ADVANCED_FACE ( 'NONE', ( #305 ), #2511, .F. ) ;
#433 = CARTESIAN_POINT ( 'NONE',  ( -6.349999999999999645, -1.580000000000000071, 2.899999999999999911 ) ) ;
#434 = DIRECTION ( 'NONE',  ( 0.000000000000000000, 1.000000000000000000, 0.000000000000000000 ) ) ;
#435 = ORIENTED_EDGE ( 'NONE', *, *, #3226, .T. ) ;
#436 = DIRECTION ( 'NONE',  ( 1.000000000000000000, 0.000000000000000000, 0.000000000000000000 ) ) ;
#437 = DIRECTION ( 'NONE',  ( 0.000000000000000000, -1.000000000000000000, 0.000000000000000000 ) ) ;
#438 = CARTESIAN_POINT ( 'NONE',  ( 0.000000000000000000, 0.000000000000000000, 0.000000000000000000 ) ) ;
#439 = ORIENTED_EDGE ( 'NONE', *, *, #886, .F. ) ;
#440 = FACE_OUTER_BOUND ( 'NONE', #2539, .T. ) ;
#441 = FACE_OUTER_BOUND ( 'NONE', #57, .T. ) ;
#442 = LINE ( 'NONE', #1995, #1633 ) ;
#443 = CARTESIAN_POINT ( 'NONE',  ( 2.419999999999999929, -5.139999999999999680, -0.1399999999999999856 ) ) ;
#444 = FACE_OUTER_BOUND ( 'NONE', #91, .T. ) ;
#445 = ORIENTED_EDGE ( 'NONE', *, *, #684, .T. ) ;
#446 = EDGE_CURVE ( 'NONE', #4348, #512, #956, .T. ) ;
#447 = CARTESIAN_POINT ( 'NONE',  ( -5.400000000000000355, 1.580000000000000071, -0.3400000000000000244 ) ) ;
#448 = ORIENTED_EDGE ( 'NONE', *, *, #2542, .F. ) ;
#449 = CARTESIAN_POINT ( 'NONE',  ( 3.380000000000000338, -1.580000000000000071, -2.899999999999999911 ) ) ;
#450 = CARTESIAN_POINT ( 'NONE',  ( 4.959999999999999964, -5.139999999999999680, -0.1399999999999999856 ) ) ;
#451 = PLANE ( 'NONE',  #1459 ) ;
#452 = ORIENTED_EDGE ( 'NONE', *, *, #1043, .F. ) ;
#453 = ADVANCED_FACE ( 'NONE', ( #2480, #585 ), #1789, .F. ) ;
#454 = ORIENTED_EDGE ( 'NONE', *, *, #397, .T. ) ;
#455 = LINE ( 'NONE', #29, #1385 ) ;
#456 = FACE_OUTER_BOUND ( 'NONE', #1007, .T. ) ;
#457 = EDGE_CURVE ( 'NONE', #906, #208, #204, .T. ) ;
#458 = ORIENTED_EDGE ( 'NONE', *, *, #4296, .F. ) ;
#459 = EDGE_CURVE ( 'NONE', #1855, #297, #4819, .T. ) ;
#460 = CARTESIAN_POINT ( 'NONE',  ( 4.240000000000000213, -1.580000000000000071, 2.899999999999999911 ) ) ;
#461 = SURFACE_SIDE_STYLE ('',( #3066 ) ) ;
#462 = VERTEX_POINT ( 'NONE', #3696 ) ;
#463 = CARTESIAN_POINT ( 'NONE',  ( 5.400000000000000355, 8.580000000000000071, -0.3400000000000000244 ) ) ;
#464 = LINE ( 'NONE', #3139, #176 ) ;
#465 = DIRECTION ( 'NONE',  ( 0.000000000000000000, 0.000000000000000000, 1.000000000000000000 ) ) ;
#466 = CARTESIAN_POINT ( 'NONE',  ( 5.080000000000000071, -4.890000000000000568, 0.2000000000000000111 ) ) ;
#467 = CARTESIAN_POINT ( 'NONE',  ( -5.080000000000000071, 5.400000000000000355, -1.369999999999999885 ) ) ;
#468 = ORIENTED_EDGE ( 'NONE', *, *, #3023, .T. ) ;
#469 = PLANE ( 'NONE',  #4560 ) ;
#470 = ORIENTED_EDGE ( 'NONE', *, *, #2915, .F. ) ;
#471 = DIRECTION ( 'NONE',  ( 0.000000000000000000, -1.000000000000000000, 0.000000000000000000 ) ) ;
#472 = DIRECTION ( 'NONE',  ( 0.000000000000000000, -1.000000000000000000, 0.000000000000000000 ) ) ;
#473 = LINE ( 'NONE', #872, #327 ) ;
#474 = ORIENTED_EDGE ( 'NONE', *, *, #4180, .F. ) ;
#475 = VERTEX_POINT ( 'NONE', #657 ) ;
#476 = CARTESIAN_POINT ( 'NONE',  ( -1.574999999999999956, 1.580000000000000071, -0.7699999999999999067 ) ) ;
#477 = LINE ( 'NONE', #1664, #2882 ) ;
#478 = VECTOR ( 'NONE', #4034, 1000.000000000000000 ) ;
#479 = ADVANCED_FACE ( 'NONE', ( #2533 ), #1420, .T. ) ;
#480 = VERTEX_POINT ( 'NONE', #2639 ) ;
#481 = PLANE ( 'NONE',  #2578 ) ;
#482 = EDGE_CURVE ( 'NONE', #3604, #1088, #3050, .T. ) ;
#483 = ORIENTED_EDGE ( 'NONE', *, *, #111, .F. ) ;
#484 = ORIENTED_EDGE ( 'NONE', *, *, #1661, .F. ) ;
#485 = AXIS2_PLACEMENT_3D ( 'NONE', #39, #1630, #90 ) ;
#486 = PLANE ( 'NONE',  #4638 ) ;
#487 = VECTOR ( 'NONE', #4396, 1000.000000000000000 ) ;
#488 = VECTOR ( 'NONE', #4374, 1000.000000000000000 ) ;
#489 = CARTESIAN_POINT ( 'NONE',  ( 3.380000000000000338, -1.270000000000000018, -0.8249999999999999556 ) ) ;
#490 = EDGE_CURVE ( 'NONE', #2325, #3072, #779, .T. ) ;
#491 = DIRECTION ( 'NONE',  ( 0.000000000000000000, 0.3713906763540865685, -0.9284766908852662981 ) ) ;
#492 = FACE_OUTER_BOUND ( 'NONE', #1429, .T. ) ;
#493 = ORIENTED_EDGE ( 'NONE', *, *, #309, .T. ) ;
#494 = CARTESIAN_POINT ( 'NONE',  ( 4.114999999999999325, 1.580000000000000071, -0.7699999999999999067 ) ) ;
#495 = AXIS2_PLACEMENT_3D ( 'NONE', #3689, #2179, #724 ) ;
#496 = VECTOR ( 'NONE', #790, 1000.000000000000000 ) ;
#497 = DIRECTION ( 'NONE',  ( 0.9284766908852662981, -0.3713906763540865685, 0.000000000000000000 ) ) ;
#498 = VECTOR ( 'NONE', #4528, 1000.000000000000000 ) ;
#499 = DIRECTION ( 'NONE',  ( 1.000000000000000000, 0.000000000000000000, 0.000000000000000000 ) ) ;
#500 = DIRECTION ( 'NONE',  ( 0.000000000000000000, 0.000000000000000000, 1.000000000000000000 ) ) ;
#501 = DIRECTION ( 'NONE',  ( 0.000000000000000000, -1.000000000000000000, 0.000000000000000000 ) ) ;
#502 = VECTOR ( 'NONE', #2224, 1000.000000000000000 ) ;
#503 = VECTOR ( 'NONE', #4364, 1000.000000000000000 ) ;
#504 = ORIENTED_EDGE ( 'NONE', *, *, #1719, .T. ) ;
#505 = AXIS2_PLACEMENT_3D ( 'NONE', #3457, #491, #3898 ) ;
#506 = ORIENTED_EDGE ( 'NONE', *, *, #1867, .T. ) ;
#507 = CARTESIAN_POINT ( 'NONE',  ( 4.760000000000000675, 1.580000000000000071, -0.3400000000000000244 ) ) ;
#508 = CARTESIAN_POINT ( 'NONE',  ( -3.380000000000000338, -1.580000000000000071, -2.899999999999999911 ) ) ;
#509 = VERTEX_POINT ( 'NONE', #2285 ) ;
#510 = DIRECTION ( 'NONE',  ( 0.000000000000000000, 0.000000000000000000, 1.000000000000000000 ) ) ;
#511 = ORIENTED_EDGE ( 'NONE', *, *, #4356, .F. ) ;
#512 = VERTEX_POINT ( 'NONE', #4565 ) ;
#513 = EDGE_CURVE ( 'NONE', #1407, #1926, #1516, .T. ) ;
#514 = DIRECTION ( 'NONE',  ( 0.000000000000000000, -1.000000000000000000, 0.000000000000000000 ) ) ;
#515 = EDGE_CURVE ( 'NONE', #1334, #1439, #733, .T. ) ;
#516 = CARTESIAN_POINT ( 'NONE',  ( -2.860000000000000320, 1.580000000000000071, 0.2999999999999999889 ) ) ;
#517 = CARTESIAN_POINT ( 'NONE',  ( 3.850000000000000089, 1.580000000000000071, -1.600000000000000089 ) ) ;
#518 = CARTESIAN_POINT ( 'NONE',  ( 0.8400000000000000799, -0.9399999999999999467, 0.8249999999999999556 ) ) ;
#519 = ORIENTED_EDGE ( 'NONE', *, *, #2468, .F. ) ;
#520 = LINE ( 'NONE', #1632, #582 ) ;
#521 = ADVANCED_FACE ( 'NONE', ( #3441 ), #4175, .T. ) ;
#522 = ADVANCED_FACE ( 'NONE', ( #1910 ), #24, .F. ) ;
#523 = DIRECTION ( 'NONE',  ( -1.000000000000000000, 0.000000000000000000, 0.000000000000000000 ) ) ;
#524 = DIRECTION ( 'NONE',  ( -1.000000000000000000, 0.000000000000000000, 0.000000000000000000 ) ) ;
#525 = CARTESIAN_POINT ( 'NONE',  ( -5.400000000000000355, -0.9399999999999999467, 0.2999999999999999889 ) ) ;
#526 = CARTESIAN_POINT ( 'NONE',  ( 0.9650000000000000799, 1.580000000000000071, 0.7299999999999999822 ) ) ;
#527 = ORIENTED_EDGE ( 'NONE', *, *, #4822, .T. ) ;
#528 = EDGE_LOOP ( 'NONE', ( #1263, #4691, #493, #132 ) ) ;
#529 = EDGE_LOOP ( 'NONE', ( #3647, #849, #1006, #2280 ) ) ;
#530 = LINE ( 'NONE', #3271, #2571 ) ;
#531 = CARTESIAN_POINT ( 'NONE',  ( -3.850000000000000089, 1.580000000000000071, 1.600000000000000089 ) ) ;
#532 = ORIENTED_EDGE ( 'NONE', *, *, #1264, .T. ) ;
#533 = DIRECTION ( 'NONE',  ( 0.000000000000000000, 1.000000000000000000, 0.000000000000000000 ) ) ;
#534 = ORIENTED_EDGE ( 'NONE', *, *, #1035, .F. ) ;
#535 = ORIENTED_EDGE ( 'NONE', *, *, #4591, .F. ) ;
#536 = CARTESIAN_POINT ( 'NONE',  ( -0.9650000000000000799, 1.580000000000000071, 0.7299999999999999822 ) ) ;
#537 = LINE ( 'NONE', #3611, #97 ) ;
#538 = DIRECTION ( 'NONE',  ( 0.000000000000000000, 1.000000000000000000, 0.000000000000000000 ) ) ;
#539 = PLANE ( 'NONE',  #4393 ) ;
#540 = ORIENTED_EDGE ( 'NONE', *, *, #146, .T. ) ;
#541 = EDGE_CURVE ( 'NONE', #847, #1643, #3029, .T. ) ;
#542 = DIRECTION ( 'NONE',  ( 0.000000000000000000, 0.000000000000000000, 1.000000000000000000 ) ) ;
#543 = EDGE_CURVE ( 'NONE', #1255, #2860, #428, .T. ) ;
#544 = DIRECTION ( 'NONE',  ( 0.000000000000000000, -1.000000000000000000, 0.000000000000000000 ) ) ;
#545 = LINE ( 'NONE', #449, #4796 ) ;
#546 = LINE ( 'NONE', #2877, #809 ) ;
#547 = EDGE_CURVE ( 'NONE', #2506, #1189, #4540, .T. ) ;
#548 = LINE ( 'NONE', #3590, #4154 ) ;
#549 = ORIENTED_EDGE ( 'NONE', *, *, #3136, .F. ) ;
#550 = ADVANCED_FACE ( 'NONE', ( #2260 ), #1564, .T. ) ;
#551 = VERTEX_POINT ( 'NONE', #1536 ) ;
#552 = ADVANCED_FACE ( 'NONE', ( #358 ), #3398, .T. ) ;
#553 = ORIENTED_EDGE ( 'NONE', *, *, #3630, .T. ) ;
#554 = PLANE ( 'NONE',  #2819 ) ;
#555 = FACE_OUTER_BOUND ( 'NONE', #4142, .T. ) ;
#556 = CARTESIAN_POINT ( 'NONE',  ( -6.349999999999999645, -1.580000000000000071, -2.899999999999999911 ) ) ;
#557 = ADVANCED_FACE ( 'NONE', ( #398 ), #1930, .T. ) ;
#558 = ORIENTED_EDGE ( 'NONE', *, *, #2817, .T. ) ;
#559 = DIRECTION ( 'NONE',  ( 0.000000000000000000, 0.000000000000000000, -1.000000000000000000 ) ) ;
#560 = AXIS2_PLACEMENT_3D ( 'NONE', #2560, #3348, #4821 ) ;
#561 = ORIENTED_EDGE ( 'NONE', *, *, #3958, .T. ) ;
#562 = DIRECTION ( 'NONE',  ( 1.000000000000000000, 0.000000000000000000, 0.000000000000000000 ) ) ;
#563 = ORIENTED_EDGE ( 'NONE', *, *, #3991, .F. ) ;
#564 = CARTESIAN_POINT ( 'NONE',  ( -2.419999999999999929, 9.080000000000000071, -0.1399999999999999856 ) ) ;
#565 = DIRECTION ( 'NONE',  ( 0.9284766908852662981, 0.3713906763540865685, 0.000000000000000000 ) ) ;
#566 = CARTESIAN_POINT ( 'NONE',  ( -1.699999999999999956, -1.270000000000000018, 0.8249999999999999556 ) ) ;
#567 = CARTESIAN_POINT ( 'NONE',  ( -5.400000000000000355, 9.080000000000000071, 0.2999999999999999889 ) ) ;
#568 = VECTOR ( 'NONE', #351, 1000.000000000000000 ) ;
#569 = ORIENTED_EDGE ( 'NONE', *, *, #1967, .F. ) ;
#570 = PLANE ( 'NONE',  #2904 ) ;
#571 = VECTOR ( 'NONE', #2559, 1000.000000000000000 ) ;
#572 = VECTOR ( 'NONE', #159, 1000.000000000000000 ) ;
#573 = DIRECTION ( 'NONE',  ( -1.000000000000000000, 0.000000000000000000, 0.000000000000000000 ) ) ;
#574 = CARTESIAN_POINT ( 'NONE',  ( 6.349999999999999645, -1.580000000000000071, 2.899999999999999911 ) ) ;
#575 = DIRECTION ( 'NONE',  ( 0.000000000000000000, 1.000000000000000000, 0.000000000000000000 ) ) ;
#576 = DIRECTION ( 'NONE',  ( 0.000000000000000000, 1.000000000000000000, 0.000000000000000000 ) ) ;
#577 = ORIENTED_EDGE ( 'NONE', *, *, #4884, .F. ) ;
#578 = VECTOR ( 'NONE', #1436, 1000.000000000000000 ) ;
#579 = VECTOR ( 'NONE', #4905, 1000.000000000000227 ) ;
#580 = ORIENTED_EDGE ( 'NONE', *, *, #1934, .F. ) ;
#581 = EDGE_CURVE ( 'NONE', #1373, #3860, #3076, .T. ) ;
#582 = VECTOR ( 'NONE', #1335, 1000.000000000000000 ) ;
#583 = VECTOR ( 'NONE', #1862, 1000.000000000000000 ) ;
#584 = EDGE_LOOP ( 'NONE', ( #3091, #2389, #4891, #151 ) ) ;
#585 = FACE_BOUND ( 'NONE', #2218, .T. ) ;
#586 = CARTESIAN_POINT ( 'NONE',  ( -4.240000000000000213, -1.580000000000000071, -2.899999999999999911 ) ) ;
#587 = DIRECTION ( 'NONE',  ( -1.000000000000000000, 0.000000000000000000, 0.000000000000000000 ) ) ;
#588 = ORIENTED_EDGE ( 'NONE', *, *, #4572, .T. ) ;
#589 = VECTOR ( 'NONE', #1605, 1000.000000000000000 ) ;
#590 = EDGE_CURVE ( 'NONE', #685, #838, #4897, .T. ) ;
#591 = CARTESIAN_POINT ( 'NONE',  ( -2.220000000000000195, 0.000000000000000000, 0.000000000000000000 ) ) ;
#592 = ORIENTED_EDGE ( 'NONE', *, *, #1880, .T. ) ;
#593 = DIRECTION ( 'NONE',  ( 0.000000000000000000, 1.000000000000000000, 0.000000000000000000 ) ) ;
#594 = VERTEX_POINT ( 'NONE', #2235 ) ;
#595 = CARTESIAN_POINT ( 'NONE',  ( 5.919999999999999929, -1.580000000000000071, -2.899999999999999911 ) ) ;
#596 = PLANE ( 'NONE',  #4406 ) ;
#597 = FACE_OUTER_BOUND ( 'NONE', #2156, .T. ) ;
#598 = CARTESIAN_POINT ( 'NONE',  ( 5.919999999999999929, -1.580000000000000071, 2.899999999999999911 ) ) ;
#599 = ORIENTED_EDGE ( 'NONE', *, *, #2854, .F. ) ;
#600 = DIRECTION ( 'NONE',  ( -1.000000000000000000, 0.000000000000000000, 0.000000000000000000 ) ) ;
#601 = FACE_OUTER_BOUND ( 'NONE', #1241, .T. ) ;
#602 = CARTESIAN_POINT ( 'NONE',  ( -0.1200000000000000094, 9.080000000000000071, 0.09999999999998999967 ) ) ;
#603 = DIRECTION ( 'NONE',  ( 1.000000000000000000, 0.000000000000000000, 0.000000000000000000 ) ) ;
#604 = ORIENTED_EDGE ( 'NONE', *, *, #4152, .T. ) ;
#605 = VERTEX_POINT ( 'NONE', #3742 ) ;
#606 = EDGE_CURVE ( 'NONE', #3604, #1016, #330, .T. ) ;
#607 = ORIENTED_EDGE ( 'NONE', *, *, #1963, .T. ) ;
#608 = CARTESIAN_POINT ( 'NONE',  ( 1.699999999999999956, -0.9399999999999999467, 0.8249999999999999556 ) ) ;
#609 = CARTESIAN_POINT ( 'NONE',  ( 3.380000000000000338, -0.9399999999999999467, 2.899999999999999911 ) ) ;
#610 = PLANE ( 'NONE',  #3502 ) ;
#611 = ADVANCED_FACE ( 'NONE', ( #3010 ), #1111, .T. ) ;
#612 = ORIENTED_EDGE ( 'NONE', *, *, #51, .F. ) ;
#613 = LINE ( 'NONE', #231, #3519 ) ;
#614 = EDGE_LOOP ( 'NONE', ( #1287, #1904, #4137, #3388 ) ) ;
#615 = DIRECTION ( 'NONE',  ( -0.3481553119113956485, 0.8703882797784894265, -0.3481553119113956485 ) ) ;
#616 = ADVANCED_FACE ( 'NONE', ( #2054 ), #3960, .T. ) ;
#617 = EDGE_CURVE ( 'NONE', #4912, #2565, #545, .T. ) ;
#618 = VERTEX_POINT ( 'NONE', #2449 ) ;
#619 = CARTESIAN_POINT ( 'NONE',  ( -3.380000000000000338, -1.270000000000000018, 1.600000000000000089 ) ) ;
#620 = DIRECTION ( 'NONE',  ( 1.000000000000000000, 0.000000000000000000, 0.000000000000000000 ) ) ;
#621 = DIRECTION ( 'NONE',  ( 0.000000000000000000, 0.000000000000000000, -1.000000000000000000 ) ) ;
#622 = LINE ( 'NONE', #1724, #1693 ) ;
#623 = ORIENTED_EDGE ( 'NONE', *, *, #701, .F. ) ;
#624 = EDGE_CURVE ( 'NONE', #4133, #2489, #901, .T. ) ;
#625 = CARTESIAN_POINT ( 'NONE',  ( 4.240000000000000213, -0.9399999999999999467, 2.899999999999999911 ) ) ;
#626 = DIRECTION ( 'NONE',  ( -1.000000000000000000, 0.000000000000000000, 0.000000000000000000 ) ) ;
#627 = LINE ( 'NONE', #1806, #730 ) ;
#628 = ORIENTED_EDGE ( 'NONE', *, *, #1590, .F. ) ;
#629 = EDGE_LOOP ( 'NONE', ( #1730, #4018, #2356, #1318 ) ) ;
#630 = CARTESIAN_POINT ( 'NONE',  ( -5.080000000000000071, 10.12000000000000099, -1.899999999999999911 ) ) ;
#631 = LINE ( 'NONE', #4740, #2013 ) ;
#632 = LINE ( 'NONE', #4428, #4777 ) ;
#633 = ORIENTED_EDGE ( 'NONE', *, *, #3631, .T. ) ;
#634 = EDGE_CURVE ( 'NONE', #4263, #4725, #1607, .T. ) ;
#635 = PLANE ( 'NONE',  #86 ) ;
#636 = EDGE_CURVE ( 'NONE', #2873, #4050, #4635, .T. ) ;
#637 = EDGE_LOOP ( 'NONE', ( #3620, #4053, #4799, #3695 ) ) ;
#638 = LINE ( 'NONE', #2091, #2182 ) ;
#639 = ORIENTED_EDGE ( 'NONE', *, *, #859, .T. ) ;
#640 = ADVANCED_FACE ( 'NONE', ( #3563 ), #3588, .F. ) ;
#641 = LINE ( 'NONE', #3282, #4240 ) ;
#642 = CARTESIAN_POINT ( 'NONE',  ( -5.200000000000000178, 9.080000000000000071, -0.1399999999999999856 ) ) ;
#643 = DIRECTION ( 'NONE',  ( 0.000000000000000000, 0.000000000000000000, 1.000000000000000000 ) ) ;
#644 = ORIENTED_EDGE ( 'NONE', *, *, #3229, .T. ) ;
#645 = DIRECTION ( 'NONE',  ( 0.000000000000000000, -1.000000000000000000, 0.000000000000000000 ) ) ;
#646 = AXIS2_PLACEMENT_3D ( 'NONE', #1214, #4942, #1589 ) ;
#647 = EDGE_CURVE ( 'NONE', #2888, #3550, #3147, .T. ) ;
#648 = ADVANCED_FACE ( 'NONE', ( #4244 ), #4340, .F. ) ;
#649 = CARTESIAN_POINT ( 'NONE',  ( -2.319999999999999840, 8.830000000000000071, -0.02000000000000000042 ) ) ;
#650 = CARTESIAN_POINT ( 'NONE',  ( -6.349999999999999645, -1.580000000000000071, -2.899999999999999911 ) ) ;
#651 = DIRECTION ( 'NONE',  ( -0.3481553119113956485, -0.8703882797784894265, 0.3481553119113956485 ) ) ;
#652 = EDGE_LOOP ( 'NONE', ( #3452, #2148, #1202, #3731 ) ) ;
#653 = ORIENTED_EDGE ( 'NONE', *, *, #4236, .F. ) ;
#654 = VECTOR ( 'NONE', #3258, 1000.000000000000000 ) ;
#655 = ORIENTED_EDGE ( 'NONE', *, *, #2022, .F. ) ;
#656 = VERTEX_POINT ( 'NONE', #4608 ) ;
#657 = CARTESIAN_POINT ( 'NONE',  ( -3.380000000000000338, -0.9399999999999999467, -0.8249999999999999556 ) ) ;
#658 = DIRECTION ( 'NONE',  ( -1.000000000000000000, 0.000000000000000000, 0.000000000000000000 ) ) ;
#659 = CARTESIAN_POINT ( 'NONE',  ( -3.380000000000000338, -1.580000000000000071, 2.899999999999999911 ) ) ;
#660 = VECTOR ( 'NONE', #658, 1000.000000000000000 ) ;
#661 = VECTOR ( 'NONE', #364, 1000.000000000000000 ) ;
#662 = VECTOR ( 'NONE', #3368, 1000.000000000000000 ) ;
#663 = VECTOR ( 'NONE', #1032, 1000.000000000000000 ) ;
#664 = LINE ( 'NONE', #2194, #4568 ) ;
#665 = AXIS2_PLACEMENT_3D ( 'NONE', #1044, #1799, #316 ) ;
#666 = ORIENTED_EDGE ( 'NONE', *, *, #4386, .T. ) ;
#667 = LINE ( 'NONE', #189, #2738 ) ;
#668 = VECTOR ( 'NONE', #2067, 1000.000000000000000 ) ;
#669 = VECTOR ( 'NONE', #4624, 1000.000000000000000 ) ;
#670 = ORIENTED_EDGE ( 'NONE', *, *, #1661, .T. ) ;
#671 = EDGE_CURVE ( 'NONE', #3790, #4676, #3167, .T. ) ;
#672 = DIRECTION ( 'NONE',  ( 0.000000000000000000, 0.000000000000000000, -1.000000000000000000 ) ) ;
#673 = CARTESIAN_POINT ( 'NONE',  ( 5.080000000000000071, 3.870000000000000107, -1.899999999999999911 ) ) ;
#674 = CARTESIAN_POINT ( 'NONE',  ( 4.114999999999999325, 1.580000000000000071, -0.7699999999999999067 ) ) ;
#675 = ORIENTED_EDGE ( 'NONE', *, *, #366, .F. ) ;
#676 = DIRECTION ( 'NONE',  ( 1.000000000000000000, 0.000000000000000000, 0.000000000000000000 ) ) ;
#677 = ORIENTED_EDGE ( 'NONE', *, *, #145, .T. ) ;
#678 = EDGE_CURVE ( 'NONE', #2325, #656, #4658, .T. ) ;
#679 = CARTESIAN_POINT ( 'NONE',  ( 1.699999999999999956, -1.580000000000000071, 2.899999999999999911 ) ) ;
#680 = FACE_OUTER_BOUND ( 'NONE', #232, .T. ) ;
#681 = DIRECTION ( 'NONE',  ( 1.000000000000000000, 0.000000000000000000, 0.000000000000000000 ) ) ;
#682 = VERTEX_POINT ( 'NONE', #3189 ) ;
#683 = EDGE_CURVE ( 'NONE', #126, #2929, #3095, .T. ) ;
#684 = EDGE_CURVE ( 'NONE', #3163, #3886, #4703, .T. ) ;
#685 = VERTEX_POINT ( 'NONE', #1980 ) ;
#686 = ORIENTED_EDGE ( 'NONE', *, *, #1131, .T. ) ;
#687 = ORIENTED_EDGE ( 'NONE', *, *, #2139, .F. ) ;
#688 = DIRECTION ( 'NONE',  ( 1.000000000000000000, 0.000000000000000000, 0.000000000000000000 ) ) ;
#689 = LINE ( 'NONE', #2662, #1540 ) ;
#690 = CARTESIAN_POINT ( 'NONE',  ( -0.9650000000000000799, 1.580000000000000071, -0.7699999999999999067 ) ) ;
#691 = PLANE ( 'NONE',  #3869 ) ;
#692 = EDGE_LOOP ( 'NONE', ( #373, #2416, #4713, #2092 ) ) ;
#693 = CARTESIAN_POINT ( 'NONE',  ( -0.3200000000000000067, 0.000000000000000000, 0.000000000000000000 ) ) ;
#694 = EDGE_LOOP ( 'NONE', ( #4854, #2704, #4074, #4662 ) ) ;
#695 = VECTOR ( 'NONE', #1872, 999.9999999999998863 ) ;
#696 = FACE_OUTER_BOUND ( 'NONE', #4337, .T. ) ;
#697 = FACE_OUTER_BOUND ( 'NONE', #1747, .T. ) ;
#698 = ORIENTED_EDGE ( 'NONE', *, *, #2782, .T. ) ;
#699 = LINE ( 'NONE', #1803, #502 ) ;
#700 = VERTEX_POINT ( 'NONE', #928 ) ;
#701 = EDGE_CURVE ( 'NONE', #4628, #3342, #120, .T. ) ;
#702 = DIRECTION ( 'NONE',  ( 0.000000000000000000, 1.000000000000000000, 0.000000000000000000 ) ) ;
#703 = ORIENTED_EDGE ( 'NONE', *, *, #4569, .F. ) ;
#704 = LINE ( 'NONE', #3760, #742 ) ;
#705 = DIRECTION ( 'NONE',  ( 1.000000000000000000, 0.000000000000000000, 0.000000000000000000 ) ) ;
#706 = EDGE_LOOP ( 'NONE', ( #2413, #3999, #3092, #229 ) ) ;
#707 = ADVANCED_FACE ( 'NONE', ( #850 ), #3882, .T. ) ;
#708 = ORIENTED_EDGE ( 'NONE', *, *, #2323, .T. ) ;
#709 = EDGE_CURVE ( 'NONE', #1088, #4322, #1656, .T. ) ;
#710 = DIRECTION ( 'NONE',  ( 1.000000000000000000, 0.000000000000000000, 0.000000000000000000 ) ) ;
#711 = VERTEX_POINT ( 'NONE', #2427 ) ;
#712 = DIRECTION ( 'NONE',  ( 0.000000000000000000, 0.000000000000000000, 1.000000000000000000 ) ) ;
#713 = PLANE ( 'NONE',  #2093 ) ;
#714 = FACE_OUTER_BOUND ( 'NONE', #3643, .T. ) ;
#715 = EDGE_CURVE ( 'NONE', #1189, #1255, #2800, .T. ) ;
#716 = DIRECTION ( 'NONE',  ( 1.000000000000000000, 0.000000000000000000, 0.000000000000000000 ) ) ;
#717 = VERTEX_POINT ( 'NONE', #1337 ) ;
#718 = ORIENTED_EDGE ( 'NONE', *, *, #985, .F. ) ;
#719 = LINE ( 'NONE', #2245, #4000 ) ;
#720 = DIRECTION ( 'NONE',  ( 1.000000000000000000, 0.000000000000000000, 0.000000000000000000 ) ) ;
#721 = LINE ( 'NONE', #1048, #2501 ) ;
#722 = VERTEX_POINT ( 'NONE', #2472 ) ;
#723 = LINE ( 'NONE', #679, #4410 ) ;
#724 = DIRECTION ( 'NONE',  ( 1.000000000000000000, 0.000000000000000000, 0.000000000000000000 ) ) ;
#725 = CARTESIAN_POINT ( 'NONE',  ( 0.3200000000000000067, -0.9399999999999999467, 0.2999999999999999889 ) ) ;
#726 = VECTOR ( 'NONE', #4791, 1000.000000000000000 ) ;
#727 = ORIENTED_EDGE ( 'NONE', *, *, #3403, .F. ) ;
#728 = VERTEX_POINT ( 'NONE', #2856 ) ;
#729 = ORIENTED_EDGE ( 'NONE', *, *, #2820, .F. ) ;
#730 = VECTOR ( 'NONE', #977, 1000.000000000000000 ) ;
#731 = LINE ( 'NONE', #1908, #1850 ) ;
#732 = EDGE_LOOP ( 'NONE', ( #3336, #431, #698, #3308 ) ) ;
#733 = LINE ( 'NONE', #1890, #4082 ) ;
#734 = DIRECTION ( 'NONE',  ( 0.000000000000000000, 1.000000000000000000, 0.000000000000000000 ) ) ;
#735 = LINE ( 'NONE', #379, #1844 ) ;
#736 = AXIS2_PLACEMENT_3D ( 'NONE', #567, #1001, #3636 ) ;
#737 = EDGE_CURVE ( 'NONE', #2628, #2454, #949, .T. ) ;
#738 = AXIS2_PLACEMENT_3D ( 'NONE', #3030, #4148, #4541 ) ;
#739 = VECTOR ( 'NONE', #1877, 1000.000000000000000 ) ;
#740 = DIRECTION ( 'NONE',  ( 1.000000000000000000, 0.000000000000000000, 0.000000000000000000 ) ) ;
#741 = VERTEX_POINT ( 'NONE', #574 ) ;
#742 = VECTOR ( 'NONE', #1883, 1000.000000000000000 ) ;
#743 = VECTOR ( 'NONE', #54, 999.9999999999998863 ) ;
#744 = ADVANCED_FACE ( 'NONE', ( #166 ), #1704, .F. ) ;
#745 = DIRECTION ( 'NONE',  ( 1.000000000000000000, 0.000000000000000000, 0.000000000000000000 ) ) ;
#746 = AXIS2_PLACEMENT_3D ( 'NONE', #3534, #3159, #2825 ) ;
#747 = VECTOR ( 'NONE', #417, 1000.000000000000000 ) ;
#748 = CARTESIAN_POINT ( 'NONE',  ( 2.419999999999999929, -5.139999999999999680, -0.1399999999999999856 ) ) ;
#749 = VERTEX_POINT ( 'NONE', #3111 ) ;
#750 = CARTESIAN_POINT ( 'NONE',  ( -0.1200000000000000094, 9.080000000000000071, 0.09999999999998999967 ) ) ;
#751 = FACE_OUTER_BOUND ( 'NONE', #529, .T. ) ;
#752 = LINE ( 'NONE', #3785, #4311 ) ;
#753 = VERTEX_POINT ( 'NONE', #113 ) ;
#754 = ORIENTED_EDGE ( 'NONE', *, *, #1784, .F. ) ;
#755 = VERTEX_POINT ( 'NONE', #2770 ) ;
#756 = DIRECTION ( 'NONE',  ( 0.000000000000000000, -1.000000000000000000, 0.000000000000000000 ) ) ;
#757 = ORIENTED_EDGE ( 'NONE', *, *, #2022, .T. ) ;
#758 = DIRECTION ( 'NONE',  ( 1.000000000000000000, 0.000000000000000000, 0.000000000000000000 ) ) ;
#759 = CARTESIAN_POINT ( 'NONE',  ( 0.3200000000000000067, -0.9399999999999999467, 0.2999999999999999889 ) ) ;
#760 = DIRECTION ( 'NONE',  ( -0.9284766908852662981, 0.3713906763540865685, 0.000000000000000000 ) ) ;
#761 = EDGE_CURVE ( 'NONE', #955, #1736, #4231, .T. ) ;
#762 = CARTESIAN_POINT ( 'NONE',  ( 4.760000000000000675, 1.580000000000000071, 0.2999999999999999889 ) ) ;
#763 = CARTESIAN_POINT ( 'NONE',  ( 2.319999999999999840, 8.830000000000000071, -0.02000000000000999936 ) ) ;
#764 = EDGE_CURVE ( 'NONE', #3963, #728, #3852, .T. ) ;
#765 = ORIENTED_EDGE ( 'NONE', *, *, #4516, .F. ) ;
#766 = LINE ( 'NONE', #2694, #2257 ) ;
#767 = ADVANCED_FACE ( 'NONE', ( #441 ), #1174, .T. ) ;
#768 = CARTESIAN_POINT ( 'NONE',  ( 2.660000000000000142, -5.139999999999999680, 0.09999999999998999967 ) ) ;
#769 = ADVANCED_FACE ( 'NONE', ( #3068 ), #4673, .T. ) ;
#770 = ORIENTED_EDGE ( 'NONE', *, *, #1481, .T. ) ;
#771 = EDGE_CURVE ( 'NONE', #3174, #475, #464, .T. ) ;
#772 = DIRECTION ( 'NONE',  ( 0.3481553119113956485, -0.8703882797784894265, -0.3481553119113956485 ) ) ;
#773 = LINE ( 'NONE', #2300, #3831 ) ;
#774 = PLANE ( 'NONE',  #4701 ) ;
#775 = ORIENTED_EDGE ( 'NONE', *, *, #2446, .T. ) ;
#776 = EDGE_LOOP ( 'NONE', ( #1479, #1091, #2616, #354 ) ) ;
#777 = DIRECTION ( 'NONE',  ( 0.000000000000000000, 0.000000000000000000, 1.000000000000000000 ) ) ;
#778 = ORIENTED_EDGE ( 'NONE', *, *, #926, .F. ) ;
#779 = LINE ( 'NONE', #44, #2264 ) ;
#780 = CARTESIAN_POINT ( 'NONE',  ( 1.574999999999999956, 1.580000000000000071, 0.7299999999999999822 ) ) ;
#781 = LINE ( 'NONE', #4938, #807 ) ;
#782 = DIRECTION ( 'NONE',  ( 0.000000000000000000, 0.000000000000000000, -1.000000000000000000 ) ) ;
#783 = DIRECTION ( 'NONE',  ( 1.000000000000000000, 0.000000000000000000, 0.000000000000000000 ) ) ;
#784 = ORIENTED_EDGE ( 'NONE', *, *, #1647, .T. ) ;
#785 = DIRECTION ( 'NONE',  ( 1.000000000000000000, 0.000000000000000000, 0.000000000000000000 ) ) ;
#786 = DIRECTION ( 'NONE',  ( -0.000000000000000000, 1.000000000000000000, 0.000000000000000000 ) ) ;
#787 = SURFACE_STYLE_USAGE ( .BOTH. , #4203 ) ;
#788 = VERTEX_POINT ( 'NONE', #10 ) ;
#789 = EDGE_CURVE ( 'NONE', #906, #3963, #1229, .T. ) ;
#790 = DIRECTION ( 'NONE',  ( -1.000000000000000000, 0.000000000000000000, 0.000000000000000000 ) ) ;
#791 = CARTESIAN_POINT ( 'NONE',  ( -4.114999999999999325, -1.580000000000000071, -0.7699999999999999067 ) ) ;
#792 = LINE ( 'NONE', #4652, #2018 ) ;
#793 = CARTESIAN_POINT ( 'NONE',  ( 2.860000000000000320, -0.9399999999999999467, 0.2999999999999999889 ) ) ;
#794 = EDGE_LOOP ( 'NONE', ( #4024, #329, #2933, #2840 ) ) ;
#795 = APPLICATION_CONTEXT ( 'automotive_design' ) ;
#796 = VERTEX_POINT ( 'NONE', #1994 ) ;
#797 = ADVANCED_FACE ( 'NONE', ( #4650, #3536 ), #4280, .F. ) ;
#798 = DIRECTION ( 'NONE',  ( -1.000000000000000000, 0.000000000000000000, 0.000000000000000000 ) ) ;
#799 = EDGE_LOOP ( 'NONE', ( #879, #1988, #3475, #2375 ) ) ;
#800 = CARTESIAN_POINT ( 'NONE',  ( 0.3200000000000000067, 0.000000000000000000, 0.000000000000000000 ) ) ;
#801 = DIRECTION ( 'NONE',  ( 1.000000000000000000, 0.000000000000000000, 0.000000000000000000 ) ) ;
#802 = LINE ( 'NONE', #1113, #2805 ) ;
#803 = ORIENTED_EDGE ( 'NONE', *, *, #4057, .F. ) ;
#804 = AXIS2_PLACEMENT_3D ( 'NONE', #3101, #1432, #3795 ) ;
#805 = PLANE ( 'NONE',  #4229 ) ;
#806 = CARTESIAN_POINT ( 'NONE',  ( -0.3200000000000000067, 9.080000000000000071, -0.3400000000000000244 ) ) ;
#807 = VECTOR ( 'NONE', #400, 1000.000000000000000 ) ;
#808 = VERTEX_POINT ( 'NONE', #1197 ) ;
#809 = VECTOR ( 'NONE', #3640, 1000.000000000000000 ) ;
#810 = VECTOR ( 'NONE', #4753, 1000.000000000000000 ) ;
#811 = FACE_OUTER_BOUND ( 'NONE', #776, .T. ) ;
#812 = SURFACE_STYLE_USAGE ( .BOTH. , #461 ) ;
#813 = VECTOR ( 'NONE', #3483, 1000.000000000000000 ) ;
#814 = VECTOR ( 'NONE', #998, 1000.000000000000000 ) ;
#815 = ORIENTED_EDGE ( 'NONE', *, *, #3929, .F. ) ;
#816 = EDGE_CURVE ( 'NONE', #1340, #3135, #4577, .T. ) ;
#817 = AXIS2_PLACEMENT_3D ( 'NONE', #1398, #2134, #688 ) ;
#818 = PLANE ( 'NONE',  #2823 ) ;
#819 = DIRECTION ( 'NONE',  ( 1.000000000000000000, 0.000000000000000000, 0.000000000000000000 ) ) ;
#820 = PLANE ( 'NONE',  #104 ) ;
#821 = DIRECTION ( 'NONE',  ( 0.000000000000000000, 0.000000000000000000, 1.000000000000000000 ) ) ;
#822 = LINE ( 'NONE', #115, #1770 ) ;
#823 = VERTEX_POINT ( 'NONE', #2026 ) ;
#824 = AXIS2_PLACEMENT_3D ( 'NONE', #2946, #4083, #720 ) ;
#825 = AXIS2_PLACEMENT_3D ( 'NONE', #4530, #349, #702 ) ;
#826 = ORIENTED_EDGE ( 'NONE', *, *, #2670, .T. ) ;
#827 = DIRECTION ( 'NONE',  ( 0.000000000000000000, 0.000000000000000000, -1.000000000000000000 ) ) ;
#828 = ORIENTED_EDGE ( 'NONE', *, *, #457, .F. ) ;
#829 = DIRECTION ( 'NONE',  ( 0.000000000000000000, 0.000000000000000000, -1.000000000000000000 ) ) ;
#830 = DIRECTION ( 'NONE',  ( -0.3481553119113956485, 0.8703882797784894265, -0.3481553119113956485 ) ) ;
#831 = EDGE_CURVE ( 'NONE', #1407, #1134, #3931, .T. ) ;
#832 = LINE ( 'NONE', #2733, #3900 ) ;
#833 = ORIENTED_EDGE ( 'NONE', *, *, #191, .T. ) ;
#834 = ADVANCED_FACE ( 'NONE', ( #3087 ), #1274, .T. ) ;
#835 = EDGE_LOOP ( 'NONE', ( #4144, #2655, #4722, #47 ) ) ;
#836 = CARTESIAN_POINT ( 'NONE',  ( -5.080000000000000071, 4.400000000000000355, -1.369999999999999885 ) ) ;
#837 = DIRECTION ( 'NONE',  ( 0.000000000000000000, 0.000000000000000000, 1.000000000000000000 ) ) ;
#838 = VERTEX_POINT ( 'NONE', #4305 ) ;
#839 = CARTESIAN_POINT ( 'NONE',  ( 1.699999999999999956, -1.270000000000000018, -0.8249999999999999556 ) ) ;
#840 = FACE_OUTER_BOUND ( 'NONE', #65, .T. ) ;
#841 = ORIENTED_EDGE ( 'NONE', *, *, #2810, .F. ) ;
#842 = CARTESIAN_POINT ( 'NONE',  ( 2.860000000000000320, -4.639999999999999680, -0.3400000000000000244 ) ) ;
#843 = LINE ( 'NONE', #1956, #18 ) ;
#844 = FACE_OUTER_BOUND ( 'NONE', #4382, .T. ) ;
#845 = DIRECTION ( 'NONE',  ( 0.9396926207858973257, -0.3420201433256991330, 0.000000000000000000 ) ) ;
#846 = FACE_OUTER_BOUND ( 'NONE', #3857, .T. ) ;
#847 = VERTEX_POINT ( 'NONE', #516 ) ;
#848 = CARTESIAN_POINT ( 'NONE',  ( 3.504999999999999893, -1.580000000000000071, -0.7699999999999999067 ) ) ;
#849 = ORIENTED_EDGE ( 'NONE', *, *, #2786, .T. ) ;
#850 = FACE_OUTER_BOUND ( 'NONE', #2165, .T. ) ;
#851 = LINE ( 'NONE', #3810, #1692 ) ;
#852 = DIRECTION ( 'NONE',  ( 0.3420201433256990775, 0.9396926207858972147, 0.000000000000000000 ) ) ;
#853 = ORIENTED_EDGE ( 'NONE', *, *, #2376, .F. ) ;
#854 = ADVANCED_FACE ( 'NONE', ( #2046, #1555 ), #2317, .F. ) ;
#855 = ORIENTED_EDGE ( 'NONE', *, *, #4544, .T. ) ;
#856 = LINE ( 'NONE', #127, #4159 ) ;
#857 = CARTESIAN_POINT ( 'NONE',  ( -1.699999999999999956, -0.9399999999999999467, 2.899999999999999911 ) ) ;
#858 = ORIENTED_EDGE ( 'NONE', *, *, #3474, .F. ) ;
#859 = EDGE_CURVE ( 'NONE', #4445, #1674, #2750, .T. ) ;
#860 = FACE_OUTER_BOUND ( 'NONE', #3471, .T. ) ;
#861 = ORIENTED_EDGE ( 'NONE', *, *, #1165, .F. ) ;
#862 = DIRECTION ( 'NONE',  ( 0.9284766908852662981, 0.3713906763540865685, 0.000000000000000000 ) ) ;
#863 = CARTESIAN_POINT ( 'NONE',  ( -2.540000000000000036, 8.830000000000000071, 0.2000000000000000111 ) ) ;
#864 = CARTESIAN_POINT ( 'NONE',  ( 2.220000000000000195, 1.580000000000000071, -0.3400000000000000244 ) ) ;
#865 = LINE ( 'NONE', #2924, #1473 ) ;
#866 = LINE ( 'NONE', #518, #408 ) ;
#867 = VERTEX_POINT ( 'NONE', #2720 ) ;
#868 = DIRECTION ( 'NONE',  ( 0.000000000000000000, 1.000000000000000000, 0.000000000000000000 ) ) ;
#869 = CARTESIAN_POINT ( 'NONE',  ( 5.080000000000000071, -4.890000000000000568, -0.2400000000000000189 ) ) ;
#870 = CARTESIAN_POINT ( 'NONE',  ( -5.400000000000000355, 9.080000000000000071, -0.3400000000000000244 ) ) ;
#871 = CARTESIAN_POINT ( 'NONE',  ( -6.349999999999999645, 1.580000000000000071, -2.899999999999999911 ) ) ;
#872 = CARTESIAN_POINT ( 'NONE',  ( -1.699999999999999956, -0.9399999999999999467, 0.8249999999999999556 ) ) ;
#873 = VERTEX_POINT ( 'NONE', #4259 ) ;
#874 = ORIENTED_EDGE ( 'NONE', *, *, #1708, .F. ) ;
#875 = DIRECTION ( 'NONE',  ( 0.000000000000000000, -1.000000000000000000, 0.000000000000000000 ) ) ;
#876 = DIRECTION ( 'NONE',  ( -0.000000000000000000, 1.000000000000000000, 0.000000000000000000 ) ) ;
#877 = VECTOR ( 'NONE', #587, 1000.000000000000000 ) ;
#878 = EDGE_CURVE ( 'NONE', #262, #2186, #2348, .T. ) ;
#879 = ORIENTED_EDGE ( 'NONE', *, *, #1392, .T. ) ;
#880 = EDGE_CURVE ( 'NONE', #4211, #3208, #843, .T. ) ;
#881 = AXIS2_PLACEMENT_3D ( 'NONE', #3663, #681, #2153 ) ;
#882 = LINE ( 'NONE', #1989, #4318 ) ;
#883 = VERTEX_POINT ( 'NONE', #2776 ) ;
#884 = ADVANCED_BREP_SHAPE_REPRESENTATION ( '139600', ( #285, #2188 ), #264 ) ;
#885 = EDGE_CURVE ( 'NONE', #1926, #4036, #3542, .T. ) ;
#886 = EDGE_CURVE ( 'NONE', #931, #4885, #4312, .T. ) ;
#887 = ORIENTED_EDGE ( 'NONE', *, *, #4534, .T. ) ;
#888 = VECTOR ( 'NONE', #4173, 1000.000000000000000 ) ;
#889 = CARTESIAN_POINT ( 'NONE',  ( 4.760000000000000675, -0.9399999999999999467, 0.2999999999999999889 ) ) ;
#890 = VECTOR ( 'NONE', #4195, 1000.000000000000000 ) ;
#891 = AXIS2_PLACEMENT_3D ( 'NONE', #384, #343, #3404 ) ;
#892 = CARTESIAN_POINT ( 'NONE',  ( 6.349999999999999645, 0.000000000000000000, 0.000000000000000000 ) ) ;
#893 = FACE_OUTER_BOUND ( 'NONE', #203, .T. ) ;
#894 = CARTESIAN_POINT ( 'NONE',  ( 0.000000000000000000, 8.830000000000000071, 0.2000000000000000111 ) ) ;
#895 = ORIENTED_EDGE ( 'NONE', *, *, #1811, .T. ) ;
#896 = CARTESIAN_POINT ( 'NONE',  ( 4.959999999999999964, 9.080000000000000071, 0.09999999999998999967 ) ) ;
#897 = VECTOR ( 'NONE', #4602, 1000.000000000000000 ) ;
#898 = AXIS2_PLACEMENT_3D ( 'NONE', #630, #1813, #2957 ) ;
#899 = CARTESIAN_POINT ( 'NONE',  ( 1.574999999999999956, -1.580000000000000071, 0.7299999999999999822 ) ) ;
#900 = AXIS2_PLACEMENT_3D ( 'NONE', #4379, #1744, #966 ) ;
#901 = LINE ( 'NONE', #2357, #1067 ) ;
#902 = CARTESIAN_POINT ( 'NONE',  ( 0.1200000000000000094, 9.080000000000000071, -0.1399999999999999856 ) ) ;
#903 = LINE ( 'NONE', #3962, #2248 ) ;
#904 = VECTOR ( 'NONE', #4632, 1000.000000000000000 ) ;
#905 = VERTEX_POINT ( 'NONE', #2355 ) ;
#906 = VERTEX_POINT ( 'NONE', #42 ) ;
#907 = EDGE_LOOP ( 'NONE', ( #4616, #2920, #1840, #2322 ) ) ;
#908 = AXIS2_PLACEMENT_3D ( 'NONE', #2421, #4208, #1600 ) ;
#909 = VERTEX_POINT ( 'NONE', #1655 ) ;
#910 = PLANE ( 'NONE',  #1936 ) ;
#911 = PLANE ( 'NONE',  #4940 ) ;
#912 = ADVANCED_FACE ( 'NONE', ( #140 ), #469, .T. ) ;
#913 = ORIENTED_EDGE ( 'NONE', *, *, #1425, .F. ) ;
#914 = CARTESIAN_POINT ( 'NONE',  ( 5.080000000000000071, 6.317986928012000014, -1.899999999999999911 ) ) ;
#915 = EDGE_CURVE ( 'NONE', #1116, #2060, #96, .T. ) ;
#916 = ORIENTED_EDGE ( 'NONE', *, *, #2174, .F. ) ;
#917 = VERTEX_POINT ( 'NONE', #4265 ) ;
#918 = ADVANCED_FACE ( 'NONE', ( #1205 ), #2729, .T. ) ;
#919 = EDGE_CURVE ( 'NONE', #1285, #1709, #1635, .T. ) ;
#920 = LINE ( 'NONE', #1648, #1869 ) ;
#921 = CARTESIAN_POINT ( 'NONE',  ( -2.220000000000000195, 8.580000000000000071, 0.2999999999999999889 ) ) ;
#922 = CARTESIAN_POINT ( 'NONE',  ( 5.400000000000000355, -4.639999999999999680, -0.3400000000000000244 ) ) ;
#923 = DIRECTION ( 'NONE',  ( 0.000000000000000000, -1.000000000000000000, 0.000000000000000000 ) ) ;
#924 = ORIENTED_EDGE ( 'NONE', *, *, #3173, .F. ) ;
#925 = CARTESIAN_POINT ( 'NONE',  ( -1.699999999999999956, -0.9399999999999999467, 0.8249999999999999556 ) ) ;
#926 = EDGE_CURVE ( 'NONE', #4670, #4168, #4241, .T. ) ;
#927 = CARTESIAN_POINT ( 'NONE',  ( 6.349999999999999645, 1.580000000000000071, 2.899999999999999911 ) ) ;
#928 = CARTESIAN_POINT ( 'NONE',  ( 2.220000000000000195, 8.580000000000000071, 0.2999999999999999889 ) ) ;
#929 = PLANE ( 'NONE',  #2818 ) ;
#930 = LINE ( 'NONE', #2802, #2967 ) ;
#931 = VERTEX_POINT ( 'NONE', #899 ) ;
#932 = ORIENTED_EDGE ( 'NONE', *, *, #459, .F. ) ;
#933 = CARTESIAN_POINT ( 'NONE',  ( 0.8400000000000000799, -0.9399999999999999467, 1.600000000000000089 ) ) ;
#934 = CARTESIAN_POINT ( 'NONE',  ( 5.200000000000000178, 9.080000000000000071, -0.1399999999999999856 ) ) ;
#935 = CARTESIAN_POINT ( 'NONE',  ( 2.660000000000000142, 9.080000000000000071, -0.1399999999999999856 ) ) ;
#936 = VERTEX_POINT ( 'NONE', #3562 ) ;
#937 = CARTESIAN_POINT ( 'NONE',  ( 0.8400000000000000799, -1.580000000000000071, -2.899999999999999911 ) ) ;
#938 = VERTEX_POINT ( 'NONE', #447 ) ;
#939 = EDGE_LOOP ( 'NONE', ( #4668, #4847, #2253, #4123 ) ) ;
#940 = ADVANCED_FACE ( 'NONE', ( #1676 ), #3881, .F. ) ;
#941 = FACE_OUTER_BOUND ( 'NONE', #1887, .T. ) ;
#942 = CARTESIAN_POINT ( 'NONE',  ( -0.8400000000000000799, -1.270000000000000018, -1.600000000000000089 ) ) ;
#943 = LINE ( 'NONE', #4696, #961 ) ;
#944 = DIRECTION ( 'NONE',  ( -0.9284766908852662981, -0.3713906763540865685, 0.000000000000000000 ) ) ;
#945 = VERTEX_POINT ( 'NONE', #927 ) ;
#946 = DIRECTION ( 'NONE',  ( 1.000000000000000000, 0.000000000000000000, 0.000000000000000000 ) ) ;
#947 = EDGE_CURVE ( 'NONE', #297, #1016, #2831, .T. ) ;
#948 = DIRECTION ( 'NONE',  ( 0.000000000000000000, 0.000000000000000000, -1.000000000000000000 ) ) ;
#949 = LINE ( 'NONE', #4365, #981 ) ;
#950 = CARTESIAN_POINT ( 'NONE',  ( 0.9650000000000000799, -1.580000000000000071, -0.7699999999999999067 ) ) ;
#951 = DIRECTION ( 'NONE',  ( 0.000000000000000000, 0.000000000000000000, -1.000000000000000000 ) ) ;
#952 = VERTEX_POINT ( 'NONE', #1581 ) ;
#953 = EDGE_CURVE ( 'NONE', #2514, #1324, #3093, .T. ) ;
#954 = ORIENTED_EDGE ( 'NONE', *, *, #1089, .F. ) ;
#955 = VERTEX_POINT ( 'NONE', #1259 ) ;
#956 = LINE ( 'NONE', #1010, #4553 ) ;
#957 = CARTESIAN_POINT ( 'NONE',  ( 2.860000000000000320, -4.639999999999999680, -0.3400000000000000244 ) ) ;
#958 = DIRECTION ( 'NONE',  ( 0.3481553119113956485, -0.8703882797784894265, -0.3481553119113956485 ) ) ;
#959 = ORIENTED_EDGE ( 'NONE', *, *, #1875, .T. ) ;
#960 = LINE ( 'NONE', #3276, #3281 ) ;
#961 = VECTOR ( 'NONE', #3977, 1000.000000000000000 ) ;
#962 = ORIENTED_EDGE ( 'NONE', *, *, #2820, .T. ) ;
#963 = CARTESIAN_POINT ( 'NONE',  ( 5.080000000000000071, 9.369999999999999218, -2.899999999999999911 ) ) ;
#964 = ORIENTED_EDGE ( 'NONE', *, *, #3775, .T. ) ;
#965 = DIRECTION ( 'NONE',  ( 0.000000000000000000, 0.000000000000000000, 1.000000000000000000 ) ) ;
#966 = DIRECTION ( 'NONE',  ( 0.000000000000000000, -0.9284766908852661871, 0.3713906763540865130 ) ) ;
#967 = CARTESIAN_POINT ( 'NONE',  ( -0.8400000000000000799, -0.9399999999999999467, 2.899999999999999911 ) ) ;
#968 = DIRECTION ( 'NONE',  ( 0.000000000000000000, -0.7071067811865474617, -0.7071067811865474617 ) ) ;
#969 = VECTOR ( 'NONE', #4580, 1000.000000000000000 ) ;
#970 = VERTEX_POINT ( 'NONE', #2426 ) ;
#971 = EDGE_CURVE ( 'NONE', #1439, #955, #4679, .T. ) ;
#972 = LINE ( 'NONE', #2050, #2341 ) ;
#973 = VECTOR ( 'NONE', #875, 1000.000000000000000 ) ;
#974 = VECTOR ( 'NONE', #745, 1000.000000000000000 ) ;
#975 = CARTESIAN_POINT ( 'NONE',  ( -5.400000000000000355, 1.580000000000000071, -0.3400000000000000244 ) ) ;
#976 = CARTESIAN_POINT ( 'NONE',  ( 0.8400000000000000799, -1.270000000000000018, 0.8249999999999999556 ) ) ;
#977 = DIRECTION ( 'NONE',  ( -1.000000000000000000, 0.000000000000000000, 0.000000000000000000 ) ) ;
#978 = EDGE_LOOP ( 'NONE', ( #4278, #924, #1450, #986 ) ) ;
#979 = EDGE_CURVE ( 'NONE', #3299, #1954, #4287, .T. ) ;
#980 = VECTOR ( 'NONE', #2207, 1000.000000000000000 ) ;
#981 = VECTOR ( 'NONE', #3985, 1000.000000000000000 ) ;
#982 = ORIENTED_EDGE ( 'NONE', *, *, #3724, .T. ) ;
#983 = EDGE_CURVE ( 'NONE', #4064, #1926, #1280, .T. ) ;
#984 = VECTOR ( 'NONE', #3409, 1000.000000000000000 ) ;
#985 = EDGE_CURVE ( 'NONE', #3911, #970, #1236, .T. ) ;
#986 = ORIENTED_EDGE ( 'NONE', *, *, #4249, .T. ) ;
#987 = CARTESIAN_POINT ( 'NONE',  ( 1.699999999999999956, -0.9399999999999999467, 0.8249999999999999556 ) ) ;
#988 = CARTESIAN_POINT ( 'NONE',  ( 0.8400000000000000799, -0.9399999999999999467, -2.899999999999999911 ) ) ;
#989 = DIRECTION ( 'NONE',  ( 0.000000000000000000, 0.000000000000000000, -1.000000000000000000 ) ) ;
#990 = VERTEX_POINT ( 'NONE', #848 ) ;
#991 = EDGE_LOOP ( 'NONE', ( #4458, #962, #3517, #1603 ) ) ;
#992 = VECTOR ( 'NONE', #2629, 1000.000000000000000 ) ;
#993 = EDGE_CURVE ( 'NONE', #3808, #3673, #4657, .T. ) ;
#994 = DIRECTION ( 'NONE',  ( -1.000000000000000000, 0.000000000000000000, 0.000000000000000000 ) ) ;
#995 = ORIENTED_EDGE ( 'NONE', *, *, #4678, .F. ) ;
#996 = CARTESIAN_POINT ( 'NONE',  ( -0.8400000000000000799, -0.9399999999999999467, 0.8249999999999999556 ) ) ;
#997 = ORIENTED_EDGE ( 'NONE', *, *, #4249, .F. ) ;
#998 = DIRECTION ( 'NONE',  ( 0.000000000000000000, 0.000000000000000000, 1.000000000000000000 ) ) ;
#999 = CARTESIAN_POINT ( 'NONE',  ( -0.9650000000000000799, -1.580000000000000071, -0.7699999999999999067 ) ) ;
#1000 = CARTESIAN_POINT ( 'NONE',  ( -6.349999999999999645, 0.000000000000000000, 0.000000000000000000 ) ) ;
#1001 = DIRECTION ( 'NONE',  ( 0.000000000000000000, 0.000000000000000000, 1.000000000000000000 ) ) ;
#1002 = EDGE_LOOP ( 'NONE', ( #4838, #2644, #3894, #3733 ) ) ;
#1003 = CARTESIAN_POINT ( 'NONE',  ( -2.860000000000000320, 9.080000000000000071, 0.2999999999999999889 ) ) ;
#1004 = DIRECTION ( 'NONE',  ( 0.000000000000000000, 1.000000000000000000, 0.000000000000000000 ) ) ;
#1005 = PLANE ( 'NONE',  #4226 ) ;
#1006 = ORIENTED_EDGE ( 'NONE', *, *, #3136, .T. ) ;
#1007 = EDGE_LOOP ( 'NONE', ( #3552, #2172, #757, #4581, #3926, #644, #1272, #588, #4788 ) ) ;
#1008 = EDGE_CURVE ( 'NONE', #110, #3963, #3293, .T. ) ;
#1009 = EDGE_LOOP ( 'NONE', ( #2369, #815, #2430, #2353 ) ) ;
#1010 = CARTESIAN_POINT ( 'NONE',  ( 4.760000000000000675, -0.9399999999999999467, -0.3400000000000000244 ) ) ;
#1011 = CARTESIAN_POINT ( 'NONE',  ( -5.200000000000000178, 9.080000000000000071, 0.09999999999998999967 ) ) ;
#1012 = DIRECTION ( 'NONE',  ( 1.000000000000000000, 0.000000000000000000, 0.000000000000000000 ) ) ;
#1013 = VERTEX_POINT ( 'NONE', #1336 ) ;
#1014 = ADVANCED_FACE ( 'NONE', ( #1052, #220 ), #4014, .T. ) ;
#1015 = FACE_OUTER_BOUND ( 'NONE', #4276, .T. ) ;
#1016 = VERTEX_POINT ( 'NONE', #4061 ) ;
#1017 = CARTESIAN_POINT ( 'NONE',  ( -1.699999999999999956, -1.270000000000000018, 1.600000000000000089 ) ) ;
#1018 = EDGE_LOOP ( 'NONE', ( #2993, #2057, #4430, #4709 ) ) ;
#1019 = EDGE_CURVE ( 'NONE', #938, #3072, #2855, .T. ) ;
#1020 = DIRECTION ( 'NONE',  ( 0.000000000000000000, 0.000000000000000000, -1.000000000000000000 ) ) ;
#1021 = DIRECTION ( 'NONE',  ( 0.000000000000000000, 0.000000000000000000, 1.000000000000000000 ) ) ;
#1022 = FACE_OUTER_BOUND ( 'NONE', #1047, .T. ) ;
#1023 = ORIENTED_EDGE ( 'NONE', *, *, #1008, .F. ) ;
#1024 = LINE ( 'NONE', #2998, #4090 ) ;
#1025 = DIRECTION ( 'NONE',  ( 0.000000000000000000, -1.000000000000000000, 0.000000000000000000 ) ) ;
#1026 = LINE ( 'NONE', #4531, #415 ) ;
#1027 = LINE ( 'NONE', #2553, #3820 ) ;
#1028 = ORIENTED_EDGE ( 'NONE', *, *, #1444, .T. ) ;
#1029 = ORIENTED_EDGE ( 'NONE', *, *, #2688, .F. ) ;
#1030 = ORIENTED_EDGE ( 'NONE', *, *, #387, .F. ) ;
#1031 = ORIENTED_EDGE ( 'NONE', *, *, #2567, .T. ) ;
#1032 = DIRECTION ( 'NONE',  ( 0.000000000000000000, 0.000000000000000000, 1.000000000000000000 ) ) ;
#1033 = LINE ( 'NONE', #2592, #571 ) ;
#1034 = FACE_OUTER_BOUND ( 'NONE', #2964, .T. ) ;
#1035 = EDGE_CURVE ( 'NONE', #4407, #1097, #4810, .T. ) ;
#1036 = PLANE ( 'NONE',  #1618 ) ;
#1037 = EDGE_CURVE ( 'NONE', #2929, #867, #2503, .T. ) ;
#1038 = ORIENTED_EDGE ( 'NONE', *, *, #2175, .F. ) ;
#1039 = LINE ( 'NONE', #2540, #4552 ) ;
#1040 = ADVANCED_FACE ( 'NONE', ( #3616 ), #1387, .T. ) ;
#1041 = VERTEX_POINT ( 'NONE', #4038 ) ;
#1042 = PLANE ( 'NONE',  #2739 ) ;
#1043 = EDGE_CURVE ( 'NONE', #3970, #1407, #2950, .T. ) ;
#1044 = CARTESIAN_POINT ( 'NONE',  ( -1.699999999999999956, -0.9399999999999999467, 2.899999999999999911 ) ) ;
#1045 = ADVANCED_FACE ( 'NONE', ( #2876 ), #198, .T. ) ;
#1046 = PLANE ( 'NONE',  #74 ) ;
#1047 = EDGE_LOOP ( 'NONE', ( #4761, #1646, #2923, #4688 ) ) ;
#1048 = CARTESIAN_POINT ( 'NONE',  ( 2.220000000000000195, 8.580000000000000071, -0.3400000000000000244 ) ) ;
#1049 = ORIENTED_EDGE ( 'NONE', *, *, #2718, .T. ) ;
#1050 = VECTOR ( 'NONE', #4010, 1000.000000000000000 ) ;
#1051 = VECTOR ( 'NONE', #1437, 999.9999999999998863 ) ;
#1052 = FACE_OUTER_BOUND ( 'NONE', #732, .T. ) ;
#1053 = FACE_OUTER_BOUND ( 'NONE', #4480, .T. ) ;
#1054 = DIRECTION ( 'NONE',  ( 1.000000000000000000, 0.000000000000000000, 0.000000000000000000 ) ) ;
#1055 = ORIENTED_EDGE ( 'NONE', *, *, #2121, .F. ) ;
#1056 = ORIENTED_EDGE ( 'NONE', *, *, #4055, .F. ) ;
#1057 = AXIS2_PLACEMENT_3D ( 'NONE', #99, #4215, #2686 ) ;
#1058 = AXIS2_PLACEMENT_3D ( 'NONE', #375, #4895, #3833 ) ;
#1059 = ORIENTED_EDGE ( 'NONE', *, *, #173, .F. ) ;
#1060 = ORIENTED_EDGE ( 'NONE', *, *, #979, .T. ) ;
#1061 = DIRECTION ( 'NONE',  ( 1.000000000000000000, 0.000000000000000000, 0.000000000000000000 ) ) ;
#1062 = DIRECTION ( 'NONE',  ( 0.000000000000000000, -1.000000000000000000, 0.000000000000000000 ) ) ;
#1063 = CARTESIAN_POINT ( 'NONE',  ( 2.660000000000000142, 9.080000000000000071, -0.1399999999999999856 ) ) ;
#1064 = VECTOR ( 'NONE', #2528, 1000.000000000000000 ) ;
#1065 = AXIS2_PLACEMENT_3D ( 'NONE', #3156, #4048, #4453 ) ;
#1066 = VECTOR ( 'NONE', #562, 1000.000000000000000 ) ;
#1067 = VECTOR ( 'NONE', #141, 1000.000000000000000 ) ;
#1068 = CARTESIAN_POINT ( 'NONE',  ( -1.699999999999999956, -0.9399999999999999467, 2.899999999999999911 ) ) ;
#1069 = VECTOR ( 'NONE', #4, 1000.000000000000000 ) ;
#1070 = ORIENTED_EDGE ( 'NONE', *, *, #2295, .T. ) ;
#1071 = DIRECTION ( 'NONE',  ( 1.000000000000000000, 0.000000000000000000, 0.000000000000000000 ) ) ;
#1072 =( GEOMETRIC_REPRESENTATION_CONTEXT ( 3 ) GLOBAL_UNCERTAINTY_ASSIGNED_CONTEXT ( ( #2361 ) ) GLOBAL_UNIT_ASSIGNED_CONTEXT ( ( #2275, #1970, #4597 ) ) REPRESENTATION_CONTEXT ( 'NONE', 'WORKASPACE' ) );
#1073 = AXIS2_PLACEMENT_3D ( 'NONE', #2448, #497, #3858 ) ;
#1074 = ORIENTED_EDGE ( 'NONE', *, *, #3495, .T. ) ;
#1075 = EDGE_CURVE ( 'NONE', #3675, #1269, #1777, .T. ) ;
#1076 = ADVANCED_FACE ( 'NONE', ( #4781 ), #3216, .T. ) ;
#1077 = CARTESIAN_POINT ( 'NONE',  ( 5.200000000000000178, -5.139999999999999680, -0.1399999999999999856 ) ) ;
#1078 = LINE ( 'NONE', #3310, #1311 ) ;
#1079 = CARTESIAN_POINT ( 'NONE',  ( -5.080000000000000071, 4.400000000000000355, -1.369999999999999885 ) ) ;
#1080 = ORIENTED_EDGE ( 'NONE', *, *, #298, .F. ) ;
#1081 = EDGE_LOOP ( 'NONE', ( #3318, #4076, #2816, #2282 ) ) ;
#1082 = ADVANCED_FACE ( 'NONE', ( #601 ), #3587, .T. ) ;
#1083 = ADVANCED_FACE ( 'NONE', ( #2128 ), #4465, .T. ) ;
#1084 = FACE_OUTER_BOUND ( 'NONE', #2976, .T. ) ;
#1085 = PLANE ( 'NONE',  #495 ) ;
#1086 = LINE ( 'NONE', #3392, #1215 ) ;
#1087 = ORIENTED_EDGE ( 'NONE', *, *, #2362, .T. ) ;
#1088 = VERTEX_POINT ( 'NONE', #3314 ) ;
#1089 = EDGE_CURVE ( 'NONE', #3185, #3658, #3240, .T. ) ;
#1090 = LINE ( 'NONE', #1562, #81 ) ;
#1091 = ORIENTED_EDGE ( 'NONE', *, *, #4205, .T. ) ;
#1092 = CARTESIAN_POINT ( 'NONE',  ( -4.114999999999999325, 1.580000000000000071, 0.7299999999999999822 ) ) ;
#1093 = CARTESIAN_POINT ( 'NONE',  ( -4.760000000000000675, -4.639999999999999680, 0.2999999999999999889 ) ) ;
#1094 = LINE ( 'NONE', #2621, #877 ) ;
#1095 = CARTESIAN_POINT ( 'NONE',  ( -4.760000000000000675, -0.9399999999999999467, 0.2999999999999999889 ) ) ;
#1096 = ORIENTED_EDGE ( 'NONE', *, *, #2239, .F. ) ;
#1097 = VERTEX_POINT ( 'NONE', #2527 ) ;
#1098 = CARTESIAN_POINT ( 'NONE',  ( -5.200000000000000178, -5.139999999999999680, -0.1399999999999999856 ) ) ;
#1099 = CARTESIAN_POINT ( 'NONE',  ( 2.220000000000000195, 0.000000000000000000, 0.000000000000000000 ) ) ;
#1100 = PLANE ( 'NONE',  #1150 ) ;
#1101 = ORIENTED_EDGE ( 'NONE', *, *, #1519, .F. ) ;
#1102 = CARTESIAN_POINT ( 'NONE',  ( -5.400000000000000355, 1.580000000000000071, 0.2999999999999999889 ) ) ;
#1103 = LINE ( 'NONE', #3711, #2664 ) ;
#1104 = LINE ( 'NONE', #3761, #969 ) ;
#1105 = ORIENTED_EDGE ( 'NONE', *, *, #971, .F. ) ;
#1106 = EDGE_CURVE ( 'NONE', #3341, #4270, #1361, .T. ) ;
#1107 = ORIENTED_EDGE ( 'NONE', *, *, #1749, .T. ) ;
#1108 = ORIENTED_EDGE ( 'NONE', *, *, #2468, .T. ) ;
#1109 = CARTESIAN_POINT ( 'NONE',  ( 0.9650000000000000799, 1.580000000000000071, -0.7699999999999999067 ) ) ;
#1110 = ORIENTED_EDGE ( 'NONE', *, *, #2541, .T. ) ;
#1111 = PLANE ( 'NONE',  #1783 ) ;
#1112 = LINE ( 'NONE', #3011, #2893 ) ;
#1113 = CARTESIAN_POINT ( 'NONE',  ( 4.114999999999999325, -1.580000000000000071, 0.7299999999999999822 ) ) ;
#1114 = EDGE_CURVE ( 'NONE', #144, #3122, #1435, .T. ) ;
#1115 = CARTESIAN_POINT ( 'NONE',  ( 5.400000000000000355, 1.580000000000000071, -0.3400000000000000244 ) ) ;
#1116 = VERTEX_POINT ( 'NONE', #2277 ) ;
#1117 = VERTEX_POINT ( 'NONE', #4493 ) ;
#1118 = CARTESIAN_POINT ( 'NONE',  ( 4.760000000000000675, 9.080000000000000071, 0.2999999999999999889 ) ) ;
#1119 = LINE ( 'NONE', #748, #498 ) ;
#1120 = DIRECTION ( 'NONE',  ( 0.000000000000000000, 0.000000000000000000, 1.000000000000000000 ) ) ;
#1121 = ORIENTED_EDGE ( 'NONE', *, *, #298, .T. ) ;
#1122 = LINE ( 'NONE', #2650, #1151 ) ;
#1123 = EDGE_CURVE ( 'NONE', #1553, #1320, #2678, .T. ) ;
#1124 = LINE ( 'NONE', #3339, #1145 ) ;
#1125 = CARTESIAN_POINT ( 'NONE',  ( -4.114999999999999325, -1.580000000000000071, 0.7299999999999999822 ) ) ;
#1126 = VECTOR ( 'NONE', #958, 999.9999999999998863 ) ;
#1127 = ORIENTED_EDGE ( 'NONE', *, *, #27, .T. ) ;
#1128 = ORIENTED_EDGE ( 'NONE', *, *, #2292, .F. ) ;
#1129 = EDGE_LOOP ( 'NONE', ( #623, #1427, #1889, #1640 ) ) ;
#1130 = VECTOR ( 'NONE', #3169, 1000.000000000000000 ) ;
#1131 = EDGE_CURVE ( 'NONE', #1720, #4108, #320, .T. ) ;
#1132 = LINE ( 'NONE', #3377, #3990 ) ;
#1133 = EDGE_CURVE ( 'NONE', #3673, #4041, #369, .T. ) ;
#1134 = VERTEX_POINT ( 'NONE', #3337 ) ;
#1135 = DIRECTION ( 'NONE',  ( 1.000000000000000000, 0.000000000000000000, 0.000000000000000000 ) ) ;
#1136 = LINE ( 'NONE', #759, #2409 ) ;
#1137 = FACE_OUTER_BOUND ( 'NONE', #2066, .T. ) ;
#1138 = VECTOR ( 'NONE', #4167, 1000.000000000000000 ) ;
#1139 = EDGE_CURVE ( 'NONE', #2623, #3034, #1460, .T. ) ;
#1140 = ADVANCED_FACE ( 'NONE', ( #1084 ), #1851, .F. ) ;
#1141 = VECTOR ( 'NONE', #4841, 1000.000000000000000 ) ;
#1142 = VECTOR ( 'NONE', #672, 1000.000000000000000 ) ;
#1143 = FACE_OUTER_BOUND ( 'NONE', #3009, .T. ) ;
#1144 = ORIENTED_EDGE ( 'NONE', *, *, #647, .T. ) ;
#1145 = VECTOR ( 'NONE', #2152, 1000.000000000000000 ) ;
#1146 = VECTOR ( 'NONE', #524, 1000.000000000000000 ) ;
#1147 = EDGE_CURVE ( 'NONE', #823, #297, #1882, .T. ) ;
#1148 = VECTOR ( 'NONE', #3387, 999.9999999999998863 ) ;
#1149 = LINE ( 'NONE', #2675, #974 ) ;
#1150 = AXIS2_PLACEMENT_3D ( 'NONE', #2149, #645, #2549 ) ;
#1151 = VECTOR ( 'NONE', #4927, 1000.000000000000000 ) ;
#1152 = CARTESIAN_POINT ( 'NONE',  ( 4.859999999999999432, -4.890000000000000568, -0.02000000000000999936 ) ) ;
#1153 = ORIENTED_EDGE ( 'NONE', *, *, #1037, .F. ) ;
#1154 = AXIS2_PLACEMENT_3D ( 'NONE', #3140, #4232, #1672 ) ;
#1155 = CARTESIAN_POINT ( 'NONE',  ( 0.8400000000000000799, -1.270000000000000018, 1.600000000000000089 ) ) ;
#1156 = DIRECTION ( 'NONE',  ( 0.000000000000000000, -0.3713906763540865685, 0.9284766908852662981 ) ) ;
#1157 = LINE ( 'NONE', #1463, #1935 ) ;
#1158 = EDGE_LOOP ( 'NONE', ( #1237, #3287, #1631, #2716 ) ) ;
#1159 = VERTEX_POINT ( 'NONE', #1155 ) ;
#1160 = FACE_OUTER_BOUND ( 'NONE', #3786, .T. ) ;
#1161 = VERTEX_POINT ( 'NONE', #1488 ) ;
#1162 = DIRECTION ( 'NONE',  ( -0.3713906763540865130, 0.9284766908852661871, 0.000000000000000000 ) ) ;
#1163 = CARTESIAN_POINT ( 'NONE',  ( 0.1200000000000000094, 9.080000000000000071, 0.09999999999998999967 ) ) ;
#1164 = DIRECTION ( 'NONE',  ( -1.000000000000000000, 0.000000000000000000, 0.000000000000000000 ) ) ;
#1165 = EDGE_CURVE ( 'NONE', #656, #938, #3783, .T. ) ;
#1166 = LINE ( 'NONE', #2309, #3197 ) ;
#1167 = FACE_OUTER_BOUND ( 'NONE', #1645, .T. ) ;
#1168 = EDGE_CURVE ( 'NONE', #4536, #3163, #3367, .T. ) ;
#1169 = ORIENTED_EDGE ( 'NONE', *, *, #482, .F. ) ;
#1170 = DIRECTION ( 'NONE',  ( 0.000000000000000000, 0.000000000000000000, 1.000000000000000000 ) ) ;
#1171 = EDGE_CURVE ( 'NONE', #2888, #1206, #723, .T. ) ;
#1172 = SURFACE_STYLE_FILL_AREA ( #1918 ) ;
#1173 = ORIENTED_EDGE ( 'NONE', *, *, #2969, .T. ) ;
#1174 = PLANE ( 'NONE',  #260 ) ;
#1175 = CARTESIAN_POINT ( 'NONE',  ( -2.319999999999999840, -4.890000000000000568, -0.02000000000000000042 ) ) ;
#1176 = DIRECTION ( 'NONE',  ( -0.000000000000000000, 0.3713906763540865685, 0.9284766908852662981 ) ) ;
#1178 = CARTESIAN_POINT ( 'NONE',  ( -0.3200000000000000067, 9.080000000000000071, 0.2999999999999999889 ) ) ;
#1177 = AXIS2_PLACEMENT_3D ( 'NONE', #4179, #1893, #286 ) ;
#1179 = ORIENTED_EDGE ( 'NONE', *, *, #459, .T. ) ;
#1180 = ORIENTED_EDGE ( 'NONE', *, *, #2692, .T. ) ;
#1181 = CARTESIAN_POINT ( 'NONE',  ( -0.8400000000000000799, -1.270000000000000018, 0.8249999999999999556 ) ) ;
#1182 = ORIENTED_EDGE ( 'NONE', *, *, #3828, .T. ) ;
#1183 = CARTESIAN_POINT ( 'NONE',  ( 2.860000000000000320, -4.639999999999999680, -0.3400000000000000244 ) ) ;
#1184 = FACE_OUTER_BOUND ( 'NONE', #4914, .T. ) ;
#1185 = DIRECTION ( 'NONE',  ( 0.000000000000000000, 0.000000000000000000, 1.000000000000000000 ) ) ;
#1186 = FACE_OUTER_BOUND ( 'NONE', #228, .T. ) ;
#1187 = PLANE ( 'NONE',  #804 ) ;
#1188 = ADVANCED_FACE ( 'NONE', ( #2250 ), #3759, .T. ) ;
#1189 = VERTEX_POINT ( 'NONE', #3390 ) ;
#1190 = EDGE_CURVE ( 'NONE', #3252, #3526, #4187, .T. ) ;
#1191 = DIRECTION ( 'NONE',  ( -1.000000000000000000, 0.000000000000000000, 0.000000000000000000 ) ) ;
#1192 = EDGE_CURVE ( 'NONE', #990, #755, #1122, .T. ) ;
#1193 = VERTEX_POINT ( 'NONE', #1901 ) ;
#1194 = EDGE_CURVE ( 'NONE', #4067, #4725, #4165, .T. ) ;
#1195 = EDGE_CURVE ( 'NONE', #749, #3072, #1526, .T. ) ;
#1196 = CARTESIAN_POINT ( 'NONE',  ( -6.349999999999999645, -1.580000000000000071, 2.899999999999999911 ) ) ;
#1197 = CARTESIAN_POINT ( 'NONE',  ( 5.080000000000000071, 3.870000000000000107, -1.899999999999999911 ) ) ;
#1198 = DIRECTION ( 'NONE',  ( -1.000000000000000000, 0.000000000000000000, 0.000000000000000000 ) ) ;
#1199 = CARTESIAN_POINT ( 'NONE',  ( 3.380000000000000338, -0.9399999999999999467, 2.899999999999999911 ) ) ;
#1200 = CARTESIAN_POINT ( 'NONE',  ( 1.574999999999999956, 1.580000000000000071, -0.7699999999999999067 ) ) ;
#1201 = EDGE_CURVE ( 'NONE', #4133, #3942, #1556, .T. ) ;
#1202 = ORIENTED_EDGE ( 'NONE', *, *, #2387, .F. ) ;
#1203 = ORIENTED_EDGE ( 'NONE', *, *, #1286, .T. ) ;
#1204 = VECTOR ( 'NONE', #1735, 1000.000000000000000 ) ;
#1205 = FACE_OUTER_BOUND ( 'NONE', #2044, .T. ) ;
#1206 = VERTEX_POINT ( 'NONE', #2580 ) ;
#1207 = CARTESIAN_POINT ( 'NONE',  ( -5.400000000000000355, 8.580000000000000071, 0.2999999999999999889 ) ) ;
#1208 = CARTESIAN_POINT ( 'NONE',  ( -0.3200000000000000067, 1.580000000000000071, -0.3400000000000000244 ) ) ;
#1209 = CARTESIAN_POINT ( 'NONE',  ( -6.349999999999999645, -1.580000000000000071, -2.899999999999999911 ) ) ;
#1210 = ORIENTED_EDGE ( 'NONE', *, *, #1749, .F. ) ;
#1211 = CIRCLE ( 'NONE', #3983, 0.5999999999999998668 ) ;
#1212 = ORIENTED_EDGE ( 'NONE', *, *, #2335, .F. ) ;
#1213 = DIRECTION ( 'NONE',  ( -0.9284766908852662981, -0.3713906763540865685, 0.000000000000000000 ) ) ;
#1214 = CARTESIAN_POINT ( 'NONE',  ( -1.699999999999999956, -0.9399999999999999467, 2.899999999999999911 ) ) ;
#1215 = VECTOR ( 'NONE', #4911, 1000.000000000000000 ) ;
#1216 = ORIENTED_EDGE ( 'NONE', *, *, #4386, .F. ) ;
#1217 = VECTOR ( 'NONE', #67, 1000.000000000000000 ) ;
#1218 = VECTOR ( 'NONE', #705, 1000.000000000000000 ) ;
#1219 = DIRECTION ( 'NONE',  ( 1.000000000000000000, 0.000000000000000000, 0.000000000000000000 ) ) ;
#1220 = CARTESIAN_POINT ( 'NONE',  ( -0.8400000000000000799, -1.270000000000000018, 0.8249999999999999556 ) ) ;
#1221 = VECTOR ( 'NONE', #500, 1000.000000000000000 ) ;
#1222 = AXIS2_PLACEMENT_3D ( 'NONE', #3777, #4575, #4527 ) ;
#1223 = VERTEX_POINT ( 'NONE', #4093 ) ;
#1224 = EDGE_CURVE ( 'NONE', #700, #1861, #2608, .T. ) ;
#1225 = VECTOR ( 'NONE', #2647, 1000.000000000000000 ) ;
#1226 = VECTOR ( 'NONE', #138, 999.9999999999998863 ) ;
#1227 = VECTOR ( 'NONE', #4288, 1000.000000000000000 ) ;
#1228 = DIRECTION ( 'NONE',  ( 0.000000000000000000, 0.000000000000000000, -1.000000000000000000 ) ) ;
#1229 = LINE ( 'NONE', #36, #342 ) ;
#1230 = DIRECTION ( 'NONE',  ( -0.3481553119113956485, 0.8703882797784894265, -0.3481553119113956485 ) ) ;
#1231 = DIRECTION ( 'NONE',  ( 1.000000000000000000, 0.000000000000000000, 0.000000000000000000 ) ) ;
#1232 = PLANE ( 'NONE',  #2649 ) ;
#1233 = EDGE_LOOP ( 'NONE', ( #1108, #1535, #3338, #4505 ) ) ;
#1234 = VECTOR ( 'NONE', #3513, 1000.000000000000000 ) ;
#1235 = ADVANCED_FACE ( 'NONE', ( #296 ), #1828, .T. ) ;
#1236 = LINE ( 'NONE', #2799, #1234 ) ;
#1237 = ORIENTED_EDGE ( 'NONE', *, *, #4710, .T. ) ;
#1238 = CARTESIAN_POINT ( 'NONE',  ( 3.380000000000000338, -0.9399999999999999467, -1.600000000000000089 ) ) ;
#1239 = PLANE ( 'NONE',  #257 ) ;
#1240 = CARTESIAN_POINT ( 'NONE',  ( -3.380000000000000338, -1.580000000000000071, -2.899999999999999911 ) ) ;
#1241 = EDGE_LOOP ( 'NONE', ( #4297, #1834, #833, #853 ) ) ;
#1242 = ADVANCED_FACE ( 'NONE', ( #3161 ), #4306, .F. ) ;
#1243 = ORIENTED_EDGE ( 'NONE', *, *, #174, .T. ) ;
#1244 = CARTESIAN_POINT ( 'NONE',  ( 2.220000000000000195, 0.000000000000000000, 0.000000000000000000 ) ) ;
#1245 = CARTESIAN_POINT ( 'NONE',  ( -2.860000000000000320, 1.580000000000000071, -0.3400000000000000244 ) ) ;
#1246 = AXIS2_PLACEMENT_3D ( 'NONE', #836, #4218, #1568 ) ;
#1247 = ORIENTED_EDGE ( 'NONE', *, *, #3965, .F. ) ;
#1248 = CARTESIAN_POINT ( 'NONE',  ( 2.660000000000000142, 9.080000000000000071, 0.09999999999998999967 ) ) ;
#1249 = ORIENTED_EDGE ( 'NONE', *, *, #606, .F. ) ;
#1250 = CARTESIAN_POINT ( 'NONE',  ( -0.3200000000000000067, 8.580000000000000071, 0.2999999999999999889 ) ) ;
#1251 = DIRECTION ( 'NONE',  ( -0.000000000000000000, 1.000000000000000000, 0.000000000000000000 ) ) ;
#1252 = CARTESIAN_POINT ( 'NONE',  ( 4.807022324299999205, 10.12000000000000099, -1.899999999999999911 ) ) ;
#1253 = LINE ( 'NONE', #3973, #1066 ) ;
#1254 = DIRECTION ( 'NONE',  ( 1.000000000000000000, 0.000000000000000000, 0.000000000000000000 ) ) ;
#1255 = VERTEX_POINT ( 'NONE', #3932 ) ;
#1256 = FACE_OUTER_BOUND ( 'NONE', #1500, .T. ) ;
#1257 = AXIS2_PLACEMENT_3D ( 'NONE', #2269, #337, #3725 ) ;
#1258 = ADVANCED_FACE ( 'NONE', ( #893 ), #4281, .T. ) ;
#1259 = CARTESIAN_POINT ( 'NONE',  ( -5.080000000000000071, 4.400000000000000355, -1.369999999999999885 ) ) ;
#1260 = DIRECTION ( 'NONE',  ( 0.000000000000000000, -1.000000000000000000, 0.000000000000000000 ) ) ;
#1261 = DIRECTION ( 'NONE',  ( 0.000000000000000000, 0.000000000000000000, -1.000000000000000000 ) ) ;
#1262 = FACE_OUTER_BOUND ( 'NONE', #3691, .T. ) ;
#1263 = ORIENTED_EDGE ( 'NONE', *, *, #3685, .T. ) ;
#1264 = EDGE_CURVE ( 'NONE', #3710, #2612, #1974, .T. ) ;
#1265 = ADVANCED_FACE ( 'NONE', ( #844 ), #1275, .T. ) ;
#1266 = ORIENTED_EDGE ( 'NONE', *, *, #2759, .T. ) ;
#1267 = LINE ( 'NONE', #3472, #973 ) ;
#1268 = CARTESIAN_POINT ( 'NONE',  ( -2.419999999999999929, 9.080000000000000071, -0.1399999999999999856 ) ) ;
#1269 = VERTEX_POINT ( 'NONE', #1252 ) ;
#1270 = DIRECTION ( 'NONE',  ( -1.000000000000000000, 0.000000000000000000, 0.000000000000000000 ) ) ;
#1271 = ORIENTED_EDGE ( 'NONE', *, *, #636, .F. ) ;
#1272 = ORIENTED_EDGE ( 'NONE', *, *, #2881, .F. ) ;
#1273 = DIRECTION ( 'NONE',  ( 0.000000000000000000, -1.000000000000000000, 0.000000000000000000 ) ) ;
#1274 = PLANE ( 'NONE',  #3376 ) ;
#1275 = PLANE ( 'NONE',  #505 ) ;
#1276 = CARTESIAN_POINT ( 'NONE',  ( 2.220000000000000195, 9.080000000000000071, 0.2999999999999999889 ) ) ;
#1277 = ORIENTED_EDGE ( 'NONE', *, *, #1168, .F. ) ;
#1278 = DIRECTION ( 'NONE',  ( 1.000000000000000000, 0.000000000000000000, 0.000000000000000000 ) ) ;
#1279 = EDGE_CURVE ( 'NONE', #3749, #4424, #2027, .T. ) ;
#1280 = LINE ( 'NONE', #3117, #904 ) ;
#1281 = DIRECTION ( 'NONE',  ( -1.000000000000000000, 0.000000000000000000, 0.000000000000000000 ) ) ;
#1282 = DIRECTION ( 'NONE',  ( -1.000000000000000000, 0.000000000000000000, 0.000000000000000000 ) ) ;
#1283 = CARTESIAN_POINT ( 'NONE',  ( -6.349999999999999645, 1.580000000000000071, -2.899999999999999911 ) ) ;
#1284 = ORIENTED_EDGE ( 'NONE', *, *, #1455, .T. ) ;
#1285 = VERTEX_POINT ( 'NONE', #791 ) ;
#1286 = EDGE_CURVE ( 'NONE', #1439, #2966, #2794, .T. ) ;
#1287 = ORIENTED_EDGE ( 'NONE', *, *, #3830, .F. ) ;
#1288 = FACE_OUTER_BOUND ( 'NONE', #1081, .T. ) ;
#1289 = PLANE ( 'NONE',  #2244 ) ;
#1290 = AXIS2_PLACEMENT_3D ( 'NONE', #4196, #2262, #2237 ) ;
#1291 = EDGE_CURVE ( 'NONE', #4536, #1340, #1950, .T. ) ;
#1292 = VERTEX_POINT ( 'NONE', #2771 ) ;
#1293 = ADVANCED_FACE ( 'NONE', ( #4625 ), #2349, .T. ) ;
#1294 = PRODUCT ( '139600', '139600', '', ( #56 ) ) ;
#1295 = VECTOR ( 'NONE', #1779, 1000.000000000000000 ) ;
#1296 = LINE ( 'NONE', #3872, #2337 ) ;
#1297 = EDGE_LOOP ( 'NONE', ( #1346, #3155, #527, #2787 ) ) ;
#1298 = EDGE_LOOP ( 'NONE', ( #4248, #3964, #4896, #2935 ) ) ;
#1299 = ADVANCED_FACE ( 'NONE', ( #2372 ), #114, .T. ) ;
#1300 = LINE ( 'NONE', #842, #2267 ) ;
#1301 = VECTOR ( 'NONE', #801, 1000.000000000000000 ) ;
#1302 = VECTOR ( 'NONE', #409, 1000.000000000000000 ) ;
#1303 = DIRECTION ( 'NONE',  ( 0.000000000000000000, -1.000000000000000000, 0.000000000000000000 ) ) ;
#1304 = LINE ( 'NONE', #2827, #2397 ) ;
#1305 = LINE ( 'NONE', #2828, #1381 ) ;
#1306 = EDGE_LOOP ( 'NONE', ( #887, #3259, #1992, #4025 ) ) ;
#1307 = CARTESIAN_POINT ( 'NONE',  ( -5.080000000000000071, 9.369999999999999218, -1.899999999999999911 ) ) ;
#1308 = VECTOR ( 'NONE', #288, 1000.000000000000000 ) ;
#1309 = VECTOR ( 'NONE', #3465, 999.9999999999998863 ) ;
#1310 = DIRECTION ( 'NONE',  ( 0.000000000000000000, 0.000000000000000000, -1.000000000000000000 ) ) ;
#1311 = VECTOR ( 'NONE', #3358, 1000.000000000000000 ) ;
#1312 = DIRECTION ( 'NONE',  ( 0.000000000000000000, 0.000000000000000000, 1.000000000000000000 ) ) ;
#1313 = CARTESIAN_POINT ( 'NONE',  ( 4.959999999999999964, 9.080000000000000071, 0.09999999999998999967 ) ) ;
#1314 = CARTESIAN_POINT ( 'NONE',  ( -5.080000000000000071, 2.180000000000000160, -1.300000000000000044 ) ) ;
#1315 = VERTEX_POINT ( 'NONE', #135 ) ;
#1316 = VECTOR ( 'NONE', #4338, 1000.000000000000000 ) ;
#1317 = AXIS2_PLACEMENT_3D ( 'NONE', #3688, #948, #544 ) ;
#1318 = ORIENTED_EDGE ( 'NONE', *, *, #590, .T. ) ;
#1319 = ORIENTED_EDGE ( 'NONE', *, *, #2607, .T. ) ;
#1320 = VERTEX_POINT ( 'NONE', #2393 ) ;
#1321 = LINE ( 'NONE', #2838, #2813 ) ;
#1322 = DIRECTION ( 'NONE',  ( 0.000000000000000000, -0.8660254037844288266, 0.5000000000000169864 ) ) ;
#1323 = ADVANCED_FACE ( 'NONE', ( #3183 ), #820, .T. ) ;
#1324 = VERTEX_POINT ( 'NONE', #418 ) ;
#1325 = CARTESIAN_POINT ( 'NONE',  ( 4.760000000000000675, -5.139999999999999680, 0.2999999999999999889 ) ) ;
#1326 = EDGE_CURVE ( 'NONE', #3274, #1905, #3877, .T. ) ;
#1327 = ORIENTED_EDGE ( 'NONE', *, *, #4026, .F. ) ;
#1328 = ORIENTED_EDGE ( 'NONE', *, *, #236, .F. ) ;
#1329 = LINE ( 'NONE', #2568, #1142 ) ;
#1330 = DIRECTION ( 'NONE',  ( 0.000000000000000000, -1.000000000000000000, 0.000000000000000000 ) ) ;
#1331 = EDGE_CURVE ( 'NONE', #301, #3174, #37, .T. ) ;
#1332 = DIRECTION ( 'NONE',  ( -1.000000000000000000, 0.000000000000000000, 0.000000000000000000 ) ) ;
#1333 = CARTESIAN_POINT ( 'NONE',  ( -2.220000000000000195, -4.639999999999999680, 0.2999999999999999889 ) ) ;
#1334 = VERTEX_POINT ( 'NONE', #2721 ) ;
#1335 = DIRECTION ( 'NONE',  ( 0.000000000000000000, 1.000000000000000000, 0.000000000000000000 ) ) ;
#1336 = CARTESIAN_POINT ( 'NONE',  ( 2.860000000000000320, -0.9399999999999999467, 0.2999999999999999889 ) ) ;
#1337 = CARTESIAN_POINT ( 'NONE',  ( -4.240000000000000213, -0.9399999999999999467, -2.899999999999999911 ) ) ;
#1338 = CARTESIAN_POINT ( 'NONE',  ( -2.220000000000000195, 8.580000000000000071, 0.2999999999999999889 ) ) ;
#1339 = CARTESIAN_POINT ( 'NONE',  ( 5.400000000000000355, -4.639999999999999680, -0.3400000000000000244 ) ) ;
#1340 = VERTEX_POINT ( 'NONE', #3853 ) ;
#1341 = EDGE_LOOP ( 'NONE', ( #1755, #1029, #1716, #2766 ) ) ;
#1342 = ORIENTED_EDGE ( 'NONE', *, *, #1665, .F. ) ;
#1343 = CARTESIAN_POINT ( 'NONE',  ( -1.699999999999999956, -1.270000000000000018, -0.8249999999999999556 ) ) ;
#1344 = DIRECTION ( 'NONE',  ( 0.000000000000000000, 0.000000000000000000, 1.000000000000000000 ) ) ;
#1345 = CARTESIAN_POINT ( 'NONE',  ( 5.080000000000000071, 4.400000000000000355, -1.369999999999999885 ) ) ;
#1346 = ORIENTED_EDGE ( 'NONE', *, *, #1634, .F. ) ;
#1347 = EDGE_CURVE ( 'NONE', #4845, #4536, #442, .T. ) ;
#1348 = CARTESIAN_POINT ( 'NONE',  ( -4.114999999999999325, 1.580000000000000071, 0.7299999999999999822 ) ) ;
#1349 = ORIENTED_EDGE ( 'NONE', *, *, #3145, .F. ) ;
#1350 = LINE ( 'NONE', #2141, #1782 ) ;
#1351 = VERTEX_POINT ( 'NONE', #88 ) ;
#1352 = LINE ( 'NONE', #2945, #2894 ) ;
#1353 = EDGE_CURVE ( 'NONE', #796, #3083, #194, .T. ) ;
#1354 = DIRECTION ( 'NONE',  ( 0.000000000000000000, -1.000000000000000000, 0.000000000000000000 ) ) ;
#1355 = CARTESIAN_POINT ( 'NONE',  ( -2.860000000000000320, 1.580000000000000071, 0.2999999999999999889 ) ) ;
#1356 = LINE ( 'NONE', #4381, #2407 ) ;
#1357 = EDGE_LOOP ( 'NONE', ( #874, #319, #3762, #15, #1059, #3049, #3706, #4786, #484, #1827, #2909, #1107, #1492, #1454, #1402, #1983, #3378, #3170, #4664, #3099, #1030, #4028, #2120, #1446 ) ) ;
#1358 = LINE ( 'NONE', #3981, #4326 ) ;
#1359 = ADVANCED_FACE ( 'NONE', ( #4773 ), #1698, .F. ) ;
#1360 = ADVANCED_FACE ( 'NONE', ( #1022 ), #3257, .F. ) ;
#1361 = LINE ( 'NONE', #625, #2507 ) ;
#1362 = CARTESIAN_POINT ( 'NONE',  ( -3.380000000000000338, -0.9399999999999999467, 0.8249999999999999556 ) ) ;
#1363 = LINE ( 'NONE', #2130, #2566 ) ;
#1364 = ORIENTED_EDGE ( 'NONE', *, *, #915, .F. ) ;
#1365 = EDGE_LOOP ( 'NONE', ( #4217, #1966, #4642, #3015 ) ) ;
#1366 = VERTEX_POINT ( 'NONE', #922 ) ;
#1367 = CARTESIAN_POINT ( 'NONE',  ( 0.8400000000000000799, -1.580000000000000071, 2.899999999999999911 ) ) ;
#1368 = CARTESIAN_POINT ( 'NONE',  ( -4.807022324299999205, 10.12000000000000099, -1.899999999999999911 ) ) ;
#1369 = FACE_OUTER_BOUND ( 'NONE', #4266, .T. ) ;
#1370 = ORIENTED_EDGE ( 'NONE', *, *, #1510, .F. ) ;
#1371 = PLANE ( 'NONE',  #1474 ) ;
#1372 = VECTOR ( 'NONE', #2434, 1000.000000000000000 ) ;
#1373 = VERTEX_POINT ( 'NONE', #239 ) ;
#1374 = FACE_OUTER_BOUND ( 'NONE', #3038, .T. ) ;
#1375 = ORIENTED_EDGE ( 'NONE', *, *, #124, .T. ) ;
#1376 = AXIS2_PLACEMENT_3D ( 'NONE', #4095, #4040, #2952 ) ;
#1377 = FACE_BOUND ( 'NONE', #1158, .T. ) ;
#1378 = DIRECTION ( 'NONE',  ( 0.000000000000000000, 0.000000000000000000, -1.000000000000000000 ) ) ;
#1379 = DIRECTION ( 'NONE',  ( 0.000000000000000000, 0.000000000000000000, 1.000000000000000000 ) ) ;
#1380 = PLANE ( 'NONE',  #3903 ) ;
#1381 = VECTOR ( 'NONE', #2851, 1000.000000000000000 ) ;
#1382 = ORIENTED_EDGE ( 'NONE', *, *, #3800, .T. ) ;
#1383 =( NAMED_UNIT ( * ) SI_UNIT ( $, .STERADIAN. ) SOLID_ANGLE_UNIT ( ) );
#1384 = ADVANCED_FACE ( 'NONE', ( #3212 ), #1745, .T. ) ;
#1385 = VECTOR ( 'NONE', #3100, 1000.000000000000000 ) ;
#1386 = AXIS2_PLACEMENT_3D ( 'NONE', #3357, #1549, #2968 ) ;
#1387 = PLANE ( 'NONE',  #3609 ) ;
#1388 = APPLICATION_CONTEXT ( 'automotive_design' ) ;
#1389 = DIRECTION ( 'NONE',  ( -1.000000000000000000, 0.000000000000000000, 0.000000000000000000 ) ) ;
#1390 = CARTESIAN_POINT ( 'NONE',  ( -5.400000000000000355, 8.580000000000000071, -0.3400000000000000244 ) ) ;
#1391 = VERTEX_POINT ( 'NONE', #4358 ) ;
#1392 = EDGE_CURVE ( 'NONE', #2506, #2860, #4728, .T. ) ;
#1393 = AXIS2_PLACEMENT_3D ( 'NONE', #2801, #4389, #3241 ) ;
#1394 = VECTOR ( 'NONE', #2399, 1000.000000000000000 ) ;
#1395 = VECTOR ( 'NONE', #4695, 1000.000000000000000 ) ;
#1396 = AXIS2_PLACEMENT_3D ( 'NONE', #2830, #4285, #868 ) ;
#1397 = VERTEX_POINT ( 'NONE', #2170 ) ;
#1398 = CARTESIAN_POINT ( 'NONE',  ( 3.380000000000000338, -0.9399999999999999467, 2.899999999999999911 ) ) ;
#1399 = CARTESIAN_POINT ( 'NONE',  ( 0.9650000000000000799, -1.580000000000000071, -0.7699999999999999067 ) ) ;
#1400 = CARTESIAN_POINT ( 'NONE',  ( -5.400000000000000355, -0.9399999999999999467, -0.3400000000000000244 ) ) ;
#1401 = EDGE_CURVE ( 'NONE', #1563, #1586, #1800, .T. ) ;
#1402 = ORIENTED_EDGE ( 'NONE', *, *, #3289, .T. ) ;
#1403 = VECTOR ( 'NONE', #1230, 999.9999999999998863 ) ;
#1404 = FACE_OUTER_BOUND ( 'NONE', #2653, .T. ) ;
#1405 = ORIENTED_EDGE ( 'NONE', *, *, #4648, .T. ) ;
#1406 = CARTESIAN_POINT ( 'NONE',  ( 3.380000000000000338, -1.270000000000000018, -1.600000000000000089 ) ) ;
#1407 = VERTEX_POINT ( 'NONE', #1723 ) ;
#1408 = LINE ( 'NONE', #4054, #3601 ) ;
#1409 = CARTESIAN_POINT ( 'NONE',  ( -2.860000000000000320, -5.139999999999999680, 0.2999999999999999889 ) ) ;
#1410 = LINE ( 'NONE', #3953, #3586 ) ;
#1411 = ORIENTED_EDGE ( 'NONE', *, *, #2670, .F. ) ;
#1412 = DIRECTION ( 'NONE',  ( 0.000000000000000000, -1.000000000000000000, 0.000000000000000000 ) ) ;
#1413 = DIRECTION ( 'NONE',  ( 0.9284766908852662981, 0.3713906763540865685, 0.000000000000000000 ) ) ;
#1414 = CARTESIAN_POINT ( 'NONE',  ( 2.220000000000000195, 9.080000000000000071, 0.2999999999999999889 ) ) ;
#1415 = CARTESIAN_POINT ( 'NONE',  ( -2.419999999999999929, -5.139999999999999680, 0.09999999999998999967 ) ) ;
#1416 = ORIENTED_EDGE ( 'NONE', *, *, #1392, .F. ) ;
#1417 = EDGE_LOOP ( 'NONE', ( #4902, #2550, #4439, #4130 ) ) ;
#1418 = ADVANCED_FACE ( 'NONE', ( #2928 ), #2442, .T. ) ;
#1419 = ORIENTED_EDGE ( 'NONE', *, *, #1133, .T. ) ;
#1420 = PLANE ( 'NONE',  #898 ) ;
#1421 = PLANE ( 'NONE',  #4549 ) ;
#1422 = LINE ( 'NONE', #690, #323 ) ;
#1423 = EDGE_CURVE ( 'NONE', #4120, #3604, #3635, .T. ) ;
#1424 = EDGE_CURVE ( 'NONE', #4845, #3375, #1410, .T. ) ;
#1425 = EDGE_CURVE ( 'NONE', #2232, #2186, #1769, .T. ) ;
#1426 = DIRECTION ( 'NONE',  ( -1.000000000000000000, 0.000000000000000000, 0.000000000000000000 ) ) ;
#1427 = ORIENTED_EDGE ( 'NONE', *, *, #2240, .T. ) ;
#1428 = CARTESIAN_POINT ( 'NONE',  ( -5.080000000000000071, 3.870000000000000107, -1.899999999999999911 ) ) ;
#1429 = EDGE_LOOP ( 'NONE', ( #4573, #435, #2090, #4619 ) ) ;
#1430 = CARTESIAN_POINT ( 'NONE',  ( 0.8400000000000000799, -0.9399999999999999467, -0.8249999999999999556 ) ) ;
#1431 = DIRECTION ( 'NONE',  ( 1.000000000000000000, 0.000000000000000000, 0.000000000000000000 ) ) ;
#1432 = DIRECTION ( 'NONE',  ( 0.000000000000000000, 0.000000000000000000, 1.000000000000000000 ) ) ;
#1433 = ORIENTED_EDGE ( 'NONE', *, *, #2841, .F. ) ;
#1434 = DIRECTION ( 'NONE',  ( 0.000000000000000000, 0.000000000000000000, 1.000000000000000000 ) ) ;
#1435 = LINE ( 'NONE', #3984, #1946 ) ;
#1436 = DIRECTION ( 'NONE',  ( -1.000000000000000000, 0.000000000000000000, 0.000000000000000000 ) ) ;
#1437 = DIRECTION ( 'NONE',  ( 0.3481553119113956485, 0.8703882797784894265, 0.3481553119113956485 ) ) ;
#1438 = ORIENTED_EDGE ( 'NONE', *, *, #4515, .F. ) ;
#1439 = VERTEX_POINT ( 'NONE', #3682 ) ;
#1440 = EDGE_LOOP ( 'NONE', ( #1212, #1128, #504, #302 ) ) ;
#1441 = LINE ( 'NONE', #4044, #1942 ) ;
#1442 = FACE_OUTER_BOUND ( 'NONE', #3180, .T. ) ;
#1443 = CARTESIAN_POINT ( 'NONE',  ( -5.080000000000000071, 10.12000000000000099, -2.899999999999999911 ) ) ;
#1444 = EDGE_CURVE ( 'NONE', #2498, #906, #3236, .T. ) ;
#1445 = CARTESIAN_POINT ( 'NONE',  ( 4.114999999999999325, 1.580000000000000071, -0.7699999999999999067 ) ) ;
#1446 = ORIENTED_EDGE ( 'NONE', *, *, #3109, .T. ) ;
#1447 = CARTESIAN_POINT ( 'NONE',  ( -1.574999999999999956, 1.580000000000000071, 0.7299999999999999822 ) ) ;
#1448 = EDGE_CURVE ( 'NONE', #945, #741, #2850, .T. ) ;
#1449 = EDGE_CURVE ( 'NONE', #3642, #1616, #943, .T. ) ;
#1450 = ORIENTED_EDGE ( 'NONE', *, *, #1811, .F. ) ;
#1451 = CARTESIAN_POINT ( 'NONE',  ( -5.400000000000000355, 8.580000000000000071, -0.3400000000000000244 ) ) ;
#1452 = LINE ( 'NONE', #673, #3918 ) ;
#1453 = CARTESIAN_POINT ( 'NONE',  ( -5.080000000000000071, 1.580000000000000071, -1.300000000000000044 ) ) ;
#1454 = ORIENTED_EDGE ( 'NONE', *, *, #2354, .F. ) ;
#1455 = EDGE_CURVE ( 'NONE', #3710, #551, #1304, .T. ) ;
#1456 = CARTESIAN_POINT ( 'NONE',  ( 0.8400000000000000799, -1.580000000000000071, 2.899999999999999911 ) ) ;
#1457 = ORIENTED_EDGE ( 'NONE', *, *, #3007, .T. ) ;
#1458 = AXIS2_PLACEMENT_3D ( 'NONE', #3916, #876, #4275 ) ;
#1459 = AXIS2_PLACEMENT_3D ( 'NONE', #2401, #143, #3149 ) ;
#1460 = LINE ( 'NONE', #4554, #348 ) ;
#1461 = ORIENTED_EDGE ( 'NONE', *, *, #709, .F. ) ;
#1462 = CARTESIAN_POINT ( 'NONE',  ( 0.1200000000000000094, 9.080000000000000071, -0.1399999999999999856 ) ) ;
#1463 = CARTESIAN_POINT ( 'NONE',  ( 2.860000000000000320, 1.580000000000000071, 0.2999999999999999889 ) ) ;
#1464 = ORIENTED_EDGE ( 'NONE', *, *, #3267, .T. ) ;
#1465 = VERTEX_POINT ( 'NONE', #566 ) ;
#1466 = AXIS2_PLACEMENT_3D ( 'NONE', #476, #106, #1641 ) ;
#1467 = VECTOR ( 'NONE', #3142, 1000.000000000000000 ) ;
#1468 = DIRECTION ( 'NONE',  ( 0.000000000000000000, 0.000000000000000000, 1.000000000000000000 ) ) ;
#1469 = ORIENTED_EDGE ( 'NONE', *, *, #771, .T. ) ;
#1470 = CARTESIAN_POINT ( 'NONE',  ( -0.9650000000000000799, 1.580000000000000071, 0.7299999999999999822 ) ) ;
#1471 = CARTESIAN_POINT ( 'NONE',  ( -3.504999999999999893, 1.580000000000000071, 0.7299999999999999822 ) ) ;
#1472 = LINE ( 'NONE', #2991, #3035 ) ;
#1473 = VECTOR ( 'NONE', #4434, 1000.000000000000000 ) ;
#1474 = AXIS2_PLACEMENT_3D ( 'NONE', #591, #1737, #2161 ) ;
#1475 = VECTOR ( 'NONE', #4763, 1000.000000000000000 ) ;
#1476 = UNCERTAINTY_MEASURE_WITH_UNIT (LENGTH_MEASURE( 1.000000000000000082E-05 ), #1917, 'distance_accuracy_value', 'NONE');
#1477 = LINE ( 'NONE', #1839, #1554 ) ;
#1478 = COLOUR_RGB ( '',0.7921568627450980005, 0.8196078431372548767, 0.9333333333333333481 ) ;
#1479 = ORIENTED_EDGE ( 'NONE', *, *, #1331, .F. ) ;
#1480 = ORIENTED_EDGE ( 'NONE', *, *, #1748, .T. ) ;
#1481 = EDGE_CURVE ( 'NONE', #3550, #3067, #2099, .T. ) ;
#1482 = PLANE ( 'NONE',  #1858 ) ;
#1483 = CARTESIAN_POINT ( 'NONE',  ( -3.380000000000000338, -0.9399999999999999467, -2.899999999999999911 ) ) ;
#1484 = ORIENTED_EDGE ( 'NONE', *, *, #1168, .T. ) ;
#1485 =( NAMED_UNIT ( * ) PLANE_ANGLE_UNIT ( ) SI_UNIT ( $, .RADIAN. ) );
#1486 = ORIENTED_EDGE ( 'NONE', *, *, #2160, .F. ) ;
#1487 = EDGE_CURVE ( 'NONE', #847, #2223, #4752, .T. ) ;
#1488 = CARTESIAN_POINT ( 'NONE',  ( 4.240000000000000213, -1.580000000000000071, 2.899999999999999911 ) ) ;
#1489 = LINE ( 'NONE', #3002, #8 ) ;
#1490 = LINE ( 'NONE', #1125, #4787 ) ;
#1491 = ORIENTED_EDGE ( 'NONE', *, *, #701, .T. ) ;
#1492 = ORIENTED_EDGE ( 'NONE', *, *, #1654, .F. ) ;
#1493 = EDGE_LOOP ( 'NONE', ( #458, #534, #4824, #3694 ) ) ;
#1494 = FACE_OUTER_BOUND ( 'NONE', #3579, .T. ) ;
#1495 = ORIENTED_EDGE ( 'NONE', *, *, #1043, .T. ) ;
#1496 = CARTESIAN_POINT ( 'NONE',  ( 2.860000000000000320, -4.639999999999999680, -0.3400000000000000244 ) ) ;
#1497 = DIRECTION ( 'NONE',  ( 0.000000000000000000, 0.000000000000000000, -1.000000000000000000 ) ) ;
#1498 = DIRECTION ( 'NONE',  ( 0.000000000000000000, 0.000000000000000000, -1.000000000000000000 ) ) ;
#1499 = DIRECTION ( 'NONE',  ( 0.000000000000000000, 0.000000000000000000, -1.000000000000000000 ) ) ;
#1500 = EDGE_LOOP ( 'NONE', ( #4826, #1364, #4746, #2681 ) ) ;
#1501 = ORIENTED_EDGE ( 'NONE', *, *, #4903, .F. ) ;
#1502 = ADVANCED_FACE ( 'NONE', ( #597 ), #3868, .F. ) ;
#1503 = LINE ( 'NONE', #2625, #739 ) ;
#1504 = CARTESIAN_POINT ( 'NONE',  ( -1.574999999999999956, 1.580000000000000071, -0.7699999999999999067 ) ) ;
#1505 = ORIENTED_EDGE ( 'NONE', *, *, #3026, .T. ) ;
#1506 = DIRECTION ( 'NONE',  ( 0.000000000000000000, 0.000000000000000000, -1.000000000000000000 ) ) ;
#1507 = CARTESIAN_POINT ( 'NONE',  ( 4.240000000000000213, -0.9399999999999999467, -2.899999999999999911 ) ) ;
#1508 = LINE ( 'NONE', #4496, #1138 ) ;
#1509 = ORIENTED_EDGE ( 'NONE', *, *, #4356, .T. ) ;
#1510 = EDGE_CURVE ( 'NONE', #3083, #2654, #3813, .T. ) ;
#1511 = ADVANCED_FACE ( 'NONE', ( #1167 ), #4198, .T. ) ;
#1512 = VERTEX_POINT ( 'NONE', #674 ) ;
#1513 = VERTEX_POINT ( 'NONE', #4829 ) ;
#1514 = CARTESIAN_POINT ( 'NONE',  ( -2.220000000000000195, -4.639999999999999680, -0.3400000000000000244 ) ) ;
#1515 = ORIENTED_EDGE ( 'NONE', *, *, #2542, .T. ) ;
#1516 = LINE ( 'NONE', #4935, #1547 ) ;
#1517 = CARTESIAN_POINT ( 'NONE',  ( -0.8400000000000000799, -0.9399999999999999467, -1.600000000000000089 ) ) ;
#1518 = FACE_OUTER_BOUND ( 'NONE', #4193, .T. ) ;
#1519 = EDGE_CURVE ( 'NONE', #4926, #2888, #4219, .T. ) ;
#1520 = DIRECTION ( 'NONE',  ( 0.000000000000000000, -1.000000000000000000, 0.000000000000000000 ) ) ;
#1521 = ORIENTED_EDGE ( 'NONE', *, *, #4392, .F. ) ;
#1522 = PLANE ( 'NONE',  #4630 ) ;
#1523 = PLANE ( 'NONE',  #1868 ) ;
#1524 = ORIENTED_EDGE ( 'NONE', *, *, #392, .T. ) ;
#1525 = ADVANCED_FACE ( 'NONE', ( #1569 ), #1187, .T. ) ;
#1526 = LINE ( 'NONE', #11, #1625 ) ;
#1527 = DIRECTION ( 'NONE',  ( 1.000000000000000000, 0.000000000000000000, 0.000000000000000000 ) ) ;
#1528 = CARTESIAN_POINT ( 'NONE',  ( 0.3200000000000000067, 8.580000000000000071, 0.2999999999999999889 ) ) ;
#1529 = VECTOR ( 'NONE', #989, 1000.000000000000000 ) ;
#1530 = VERTEX_POINT ( 'NONE', #2690 ) ;
#1531 = ORIENTED_EDGE ( 'NONE', *, *, #3772, .T. ) ;
#1532 = VECTOR ( 'NONE', #4705, 1000.000000000000000 ) ;
#1533 = ADVANCED_FACE ( 'NONE', ( #2712 ), #4614, .T. ) ;
#1534 = DIRECTION ( 'NONE',  ( 0.000000000000000000, 0.000000000000000000, -1.000000000000000000 ) ) ;
#1535 = ORIENTED_EDGE ( 'NONE', *, *, #3865, .T. ) ;
#1536 = CARTESIAN_POINT ( 'NONE',  ( -4.760000000000000675, 1.580000000000000071, 0.2999999999999999889 ) ) ;
#1537 = LINE ( 'NONE', #3515, #2490 ) ;
#1538 = CARTESIAN_POINT ( 'NONE',  ( 1.574999999999999956, 1.580000000000000071, -0.7699999999999999067 ) ) ;
#1539 = VECTOR ( 'NONE', #4499, 1000.000000000000000 ) ;
#1540 = VECTOR ( 'NONE', #2214, 1000.000000000000000 ) ;
#1541 = VECTOR ( 'NONE', #1270, 1000.000000000000000 ) ;
#1542 = ADVANCED_FACE ( 'NONE', ( #1914 ), #2972, .T. ) ;
#1543 = LINE ( 'NONE', #762, #3716 ) ;
#1544 = DIRECTION ( 'NONE',  ( 1.000000000000000000, 0.000000000000000000, 0.000000000000000000 ) ) ;
#1545 = ORIENTED_EDGE ( 'NONE', *, *, #490, .F. ) ;
#1546 = VECTOR ( 'NONE', #615, 999.9999999999998863 ) ;
#1547 = VECTOR ( 'NONE', #3769, 999.9999999999998863 ) ;
#1548 = VECTOR ( 'NONE', #3952, 1000.000000000000000 ) ;
#1549 = DIRECTION ( 'NONE',  ( 1.000000000000000000, 0.000000000000000000, 0.000000000000000000 ) ) ;
#1550 = VECTOR ( 'NONE', #946, 1000.000000000000000 ) ;
#1551 = AXIS2_PLACEMENT_3D ( 'NONE', #165, #1804, #4419 ) ;
#1552 = CARTESIAN_POINT ( 'NONE',  ( -0.1200000000000000094, 9.080000000000000071, 0.09999999999998999967 ) ) ;
#1553 = VERTEX_POINT ( 'NONE', #3451 ) ;
#1554 = VECTOR ( 'NONE', #3351, 1000.000000000000000 ) ;
#1555 = FACE_BOUND ( 'NONE', #1233, .T. ) ;
#1556 = LINE ( 'NONE', #4578, #2268 ) ;
#1557 = CARTESIAN_POINT ( 'NONE',  ( -1.699999999999999956, -1.580000000000000071, -2.899999999999999911 ) ) ;
#1558 = LINE ( 'NONE', #1853, #3430 ) ;
#1559 = ORIENTED_EDGE ( 'NONE', *, *, #3660, .T. ) ;
#1560 = ORIENTED_EDGE ( 'NONE', *, *, #4574, .F. ) ;
#1561 = EDGE_CURVE ( 'NONE', #955, #4760, #381, .T. ) ;
#1562 = CARTESIAN_POINT ( 'NONE',  ( 4.760000000000000675, 1.580000000000000071, -0.3400000000000000244 ) ) ;
#1563 = VERTEX_POINT ( 'NONE', #2602 ) ;
#1564 = PLANE ( 'NONE',  #1870 ) ;
#1565 = DIRECTION ( 'NONE',  ( 0.000000000000000000, 0.000000000000000000, -1.000000000000000000 ) ) ;
#1566 = CARTESIAN_POINT ( 'NONE',  ( 3.380000000000000338, -1.270000000000000018, 1.600000000000000089 ) ) ;
#1567 = ADVANCED_FACE ( 'NONE', ( #2289 ), #3846, .F. ) ;
#1568 = DIRECTION ( 'NONE',  ( -1.000000000000000000, 0.000000000000000000, 0.000000000000000000 ) ) ;
#1569 = FACE_OUTER_BOUND ( 'NONE', #1357, .T. ) ;
#1570 = EDGE_CURVE ( 'NONE', #4424, #685, #2200, .T. ) ;
#1571 = ORIENTED_EDGE ( 'NONE', *, *, #4778, .F. ) ;
#1572 = ADVANCED_FACE ( 'NONE', ( #456 ), #1046, .T. ) ;
#1573 = CARTESIAN_POINT ( 'NONE',  ( 0.9650000000000000799, 1.580000000000000071, 0.7299999999999999822 ) ) ;
#1574 = CARTESIAN_POINT ( 'NONE',  ( -3.850000000000000089, 1.580000000000000071, -0.8249999999999999556 ) ) ;
#1575 = CARTESIAN_POINT ( 'NONE',  ( 3.380000000000000338, -0.9399999999999999467, 2.899999999999999911 ) ) ;
#1576 = CARTESIAN_POINT ( 'NONE',  ( -1.699999999999999956, -1.270000000000000018, -0.8249999999999999556 ) ) ;
#1577 = PLANE ( 'NONE',  #170 ) ;
#1578 = CARTESIAN_POINT ( 'NONE',  ( 4.240000000000000213, -1.580000000000000071, -2.899999999999999911 ) ) ;
#1579 = ORIENTED_EDGE ( 'NONE', *, *, #2810, .T. ) ;
#1580 = VERTEX_POINT ( 'NONE', #3423 ) ;
#1581 = CARTESIAN_POINT ( 'NONE',  ( -1.699999999999999956, -0.9399999999999999467, 1.600000000000000089 ) ) ;
#1582 = ORIENTED_EDGE ( 'NONE', *, *, #3782, .T. ) ;
#1583 = CARTESIAN_POINT ( 'NONE',  ( -0.3200000000000000067, -0.9399999999999999467, 0.2999999999999999889 ) ) ;
#1584 = PLANE ( 'NONE',  #1057 ) ;
#1585 = FACE_BOUND ( 'NONE', #706, .T. ) ;
#1586 = VERTEX_POINT ( 'NONE', #2339 ) ;
#1587 = ORIENTED_EDGE ( 'NONE', *, *, #4778, .T. ) ;
#1588 = LINE ( 'NONE', #1663, #3518 ) ;
#1589 = DIRECTION ( 'NONE',  ( 1.000000000000000000, 0.000000000000000000, 0.000000000000000000 ) ) ;
#1590 = EDGE_CURVE ( 'NONE', #4859, #4510, #292, .T. ) ;
#1591 = EDGE_CURVE ( 'NONE', #475, #4510, #3333, .T. ) ;
#1592 = ORIENTED_EDGE ( 'NONE', *, *, #647, .F. ) ;
#1593 = DIRECTION ( 'NONE',  ( 0.000000000000000000, 0.000000000000000000, -1.000000000000000000 ) ) ;
#1594 = CARTESIAN_POINT ( 'NONE',  ( -4.959999999999999964, -5.139999999999999680, 0.09999999999998999967 ) ) ;
#1595 = EDGE_CURVE ( 'NONE', #1373, #3911, #3473, .T. ) ;
#1596 = EDGE_LOOP ( 'NONE', ( #775, #2059, #3200, #3415 ) ) ;
#1597 = CARTESIAN_POINT ( 'NONE',  ( -1.574999999999999956, 1.580000000000000071, -0.7699999999999999067 ) ) ;
#1598 = CARTESIAN_POINT ( 'NONE',  ( 0.8400000000000000799, -0.9399999999999999467, 1.600000000000000089 ) ) ;
#1599 = ADVANCED_FACE ( 'NONE', ( #4851 ), #404, .T. ) ;
#1600 = DIRECTION ( 'NONE',  ( 1.000000000000000000, 0.000000000000000000, 0.000000000000000000 ) ) ;
#1601 = DIRECTION ( 'NONE',  ( -1.000000000000000000, 0.000000000000000000, 0.000000000000000000 ) ) ;
#1602 = DIRECTION ( 'NONE',  ( 1.000000000000000000, 0.000000000000000000, 0.000000000000000000 ) ) ;
#1603 = ORIENTED_EDGE ( 'NONE', *, *, #1448, .T. ) ;
#1604 = VECTOR ( 'NONE', #434, 1000.000000000000000 ) ;
#1605 = DIRECTION ( 'NONE',  ( 0.000000000000000000, 0.000000000000000000, 1.000000000000000000 ) ) ;
#1606 = VERTEX_POINT ( 'NONE', #180 ) ;
#1607 = LINE ( 'NONE', #1636, #1146 ) ;
#1608 = DIRECTION ( 'NONE',  ( 0.000000000000000000, 0.000000000000000000, -1.000000000000000000 ) ) ;
#1609 = CARTESIAN_POINT ( 'NONE',  ( -4.240000000000000213, -1.580000000000000071, 2.899999999999999911 ) ) ;
#1610 = ORIENTED_EDGE ( 'NONE', *, *, #2614, .F. ) ;
#1611 = AXIS2_PLACEMENT_3D ( 'NONE', #4290, #3516, #4661 ) ;
#1612 = EDGE_LOOP ( 'NONE', ( #70, #1700, #612, #3829 ) ) ;
#1613 = CARTESIAN_POINT ( 'NONE',  ( -2.540000000000000036, -4.890000000000000568, -0.2400000000000000189 ) ) ;
#1614 = CARTESIAN_POINT ( 'NONE',  ( -0.8400000000000000799, -1.270000000000000018, -1.600000000000000089 ) ) ;
#1615 = AXIS2_PLACEMENT_3D ( 'NONE', #1178, #2702, #4556 ) ;
#1616 = VERTEX_POINT ( 'NONE', #508 ) ;
#1617 = VECTOR ( 'NONE', #734, 1000.000000000000000 ) ;
#1618 = AXIS2_PLACEMENT_3D ( 'NONE', #3204, #4721, #3251 ) ;
#1619 = CARTESIAN_POINT ( 'NONE',  ( -0.8400000000000000799, -1.580000000000000071, -2.899999999999999911 ) ) ;
#1620 = DIRECTION ( 'NONE',  ( 0.000000000000000000, 0.000000000000000000, -1.000000000000000000 ) ) ;
#1621 = AXIS2_PLACEMENT_3D ( 'NONE', #1996, #1231, #4166 ) ;
#1622 = AXIS2_PLACEMENT_3D ( 'NONE', #2329, #2306, #4585 ) ;
#1623 = EDGE_CURVE ( 'NONE', #3122, #2966, #4687, .T. ) ;
#1624 = VECTOR ( 'NONE', #2424, 1000.000000000000000 ) ;
#1625 = VECTOR ( 'NONE', #4855, 1000.000000000000000 ) ;
#1626 = FACE_OUTER_BOUND ( 'NONE', #4065, .T. ) ;
#1627 = CARTESIAN_POINT ( 'NONE',  ( -5.080000000000000071, 4.400000000000000355, -1.369999999999999885 ) ) ;
#1628 = CARTESIAN_POINT ( 'NONE',  ( -4.760000000000000675, 8.580000000000000071, 0.2999999999999999889 ) ) ;
#1629 = PLANE ( 'NONE',  #4481 ) ;
#1630 = DIRECTION ( 'NONE',  ( 0.000000000000000000, -0.3713906763540865685, -0.9284766908852662981 ) ) ;
#1631 = ORIENTED_EDGE ( 'NONE', *, *, #446, .F. ) ;
#1632 = CARTESIAN_POINT ( 'NONE',  ( 3.380000000000000338, -1.580000000000000071, 2.899999999999999911 ) ) ;
#1633 = VECTOR ( 'NONE', #3507, 1000.000000000000000 ) ;
#1634 = EDGE_CURVE ( 'NONE', #2984, #2821, #128, .T. ) ;
#1635 = LINE ( 'NONE', #2052, #2589 ) ;
#1636 = CARTESIAN_POINT ( 'NONE',  ( 0.1200000000000000094, 9.080000000000000071, -0.1399999999999999856 ) ) ;
#1637 = CARTESIAN_POINT ( 'NONE',  ( -5.400000000000000355, -4.639999999999999680, -0.3400000000000000244 ) ) ;
#1638 = DIRECTION ( 'NONE',  ( 0.000000000000000000, 0.000000000000000000, -1.000000000000000000 ) ) ;
#1639 = EDGE_LOOP ( 'NONE', ( #1871, #959, #125, #2155 ) ) ;
#1640 = ORIENTED_EDGE ( 'NONE', *, *, #4904, .F. ) ;
#1641 = DIRECTION ( 'NONE',  ( 0.000000000000000000, 0.000000000000000000, 1.000000000000000000 ) ) ;
#1642 = DIRECTION ( 'NONE',  ( 1.000000000000000000, 0.000000000000000000, 0.000000000000000000 ) ) ;
#1643 = VERTEX_POINT ( 'NONE', #1245 ) ;
#1644 = DIRECTION ( 'NONE',  ( 0.000000000000000000, 0.000000000000000000, 1.000000000000000000 ) ) ;
#1645 = EDGE_LOOP ( 'NONE', ( #577, #2615, #1, #2590 ) ) ;
#1646 = ORIENTED_EDGE ( 'NONE', *, *, #401, .T. ) ;
#1647 = EDGE_CURVE ( 'NONE', #1606, #3799, #3574, .T. ) ;
#1648 = CARTESIAN_POINT ( 'NONE',  ( -4.959999999999999964, 9.080000000000000071, -0.1399999999999999856 ) ) ;
#1649 = CARTESIAN_POINT ( 'NONE',  ( -2.860000000000000320, -4.639999999999999680, -0.3400000000000000244 ) ) ;
#1650 = DIRECTION ( 'NONE',  ( 0.000000000000000000, 0.000000000000000000, -1.000000000000000000 ) ) ;
#1651 = DIRECTION ( 'NONE',  ( 0.000000000000000000, 0.000000000000000000, -1.000000000000000000 ) ) ;
#1652 = ORIENTED_EDGE ( 'NONE', *, *, #2074, .T. ) ;
#1653 = LINE ( 'NONE', #4677, #4169 ) ;
#1654 = EDGE_CURVE ( 'NONE', #2126, #3274, #3969, .T. ) ;
#1655 = CARTESIAN_POINT ( 'NONE',  ( 3.380000000000000338, -0.9399999999999999467, 0.8249999999999999556 ) ) ;
#1656 = LINE ( 'NONE', #4680, #3913 ) ;
#1657 = CARTESIAN_POINT ( 'NONE',  ( -0.9650000000000000799, -1.580000000000000071, -0.7699999999999999067 ) ) ;
#1658 = ADVANCED_FACE ( 'NONE', ( #4295 ), #1289, .T. ) ;
#1659 = LINE ( 'NONE', #1283, #1130 ) ;
#1660 = ORIENTED_EDGE ( 'NONE', *, *, #2843, .F. ) ;
#1661 = EDGE_CURVE ( 'NONE', #1753, #1315, #4347, .T. ) ;
#1662 = EDGE_LOOP ( 'NONE', ( #4525, #3232, #4096, #2079 ) ) ;
#1663 = CARTESIAN_POINT ( 'NONE',  ( -2.860000000000000320, -4.639999999999999680, 0.2999999999999999889 ) ) ;
#1664 = CARTESIAN_POINT ( 'NONE',  ( -5.400000000000000355, -0.9399999999999999467, 0.2999999999999999889 ) ) ;
#1665 = EDGE_CURVE ( 'NONE', #682, #788, #477, .T. ) ;
#1666 = ORIENTED_EDGE ( 'NONE', *, *, #617, .T. ) ;
#1667 = CARTESIAN_POINT ( 'NONE',  ( 4.114999999999999325, -1.580000000000000071, -0.7699999999999999067 ) ) ;
#1668 = ORIENTED_EDGE ( 'NONE', *, *, #244, .F. ) ;
#1669 = ORIENTED_EDGE ( 'NONE', *, *, #2446, .F. ) ;
#1670 = PLANE ( 'NONE',  #746 ) ;
#1671 = DIRECTION ( 'NONE',  ( 0.000000000000000000, 0.000000000000000000, -1.000000000000000000 ) ) ;
#1672 = DIRECTION ( 'NONE',  ( 0.000000000000000000, 0.000000000000000000, 1.000000000000000000 ) ) ;
#1673 = CARTESIAN_POINT ( 'NONE',  ( -6.349999999999999645, -1.270000000000000018, 0.000000000000000000 ) ) ;
#1674 = VERTEX_POINT ( 'NONE', #3549 ) ;
#1675 = CARTESIAN_POINT ( 'NONE',  ( 5.299999999999999822, -4.890000000000000568, -0.02000000000000999936 ) ) ;
#1676 = FACE_OUTER_BOUND ( 'NONE', #2132, .T. ) ;
#1677 = DIRECTION ( 'NONE',  ( 1.000000000000000000, 0.000000000000000000, 0.000000000000000000 ) ) ;
#1678 = DIRECTION ( 'NONE',  ( 0.000000000000000000, -1.000000000000000000, 0.000000000000000000 ) ) ;
#1679 = FACE_OUTER_BOUND ( 'NONE', #52, .T. ) ;
#1680 = ORIENTED_EDGE ( 'NONE', *, *, #3462, .F. ) ;
#1681 = ORIENTED_EDGE ( 'NONE', *, *, #1133, .F. ) ;
#1682 = ADVANCED_FACE ( 'NONE', ( #4666 ), #911, .T. ) ;
#1683 = ORIENTED_EDGE ( 'NONE', *, *, #1634, .T. ) ;
#1684 = DIRECTION ( 'NONE',  ( -1.000000000000000000, 0.000000000000000000, 0.000000000000000000 ) ) ;
#1685 = DIRECTION ( 'NONE',  ( -1.000000000000000000, 0.000000000000000000, 0.000000000000000000 ) ) ;
#1686 = VECTOR ( 'NONE', #3656, 1000.000000000000000 ) ;
#1687 = ORIENTED_EDGE ( 'NONE', *, *, #4537, .T. ) ;
#1688 = EDGE_CURVE ( 'NONE', #4301, #2880, #3225, .T. ) ;
#1689 = FACE_OUTER_BOUND ( 'NONE', #326, .T. ) ;
#1690 = ORIENTED_EDGE ( 'NONE', *, *, #191, .F. ) ;
#1691 = EDGE_LOOP ( 'NONE', ( #4238, #3075, #2475, #4699 ) ) ;
#1692 = VECTOR ( 'NONE', #1565, 1000.000000000000000 ) ;
#1693 = VECTOR ( 'NONE', #2900, 1000.000000000000000 ) ;
#1694 = DIRECTION ( 'NONE',  ( 0.000000000000000000, 0.000000000000000000, -1.000000000000000000 ) ) ;
#1695 = AXIS2_PLACEMENT_3D ( 'NONE', #693, #1071, #2597 ) ;
#1696 = VECTOR ( 'NONE', #4823, 1000.000000000000000 ) ;
#1697 = PLANE ( 'NONE',  #3525 ) ;
#1698 = PLANE ( 'NONE',  #4412 ) ;
#1699 = LINE ( 'NONE', #3740, #3198 ) ;
#1700 = ORIENTED_EDGE ( 'NONE', *, *, #2174, .T. ) ;
#1701 = CARTESIAN_POINT ( 'NONE',  ( -1.699999999999999956, -0.9399999999999999467, 2.899999999999999911 ) ) ;
#1702 = VECTOR ( 'NONE', #3481, 1000.000000000000000 ) ;
#1703 = CARTESIAN_POINT ( 'NONE',  ( -3.850000000000000089, 1.580000000000000071, 1.600000000000000089 ) ) ;
#1704 = PLANE ( 'NONE',  #2494 ) ;
#1705 = FACE_OUTER_BOUND ( 'NONE', #2624, .T. ) ;
#1706 = DIRECTION ( 'NONE',  ( 0.000000000000000000, 1.000000000000000000, 0.000000000000000000 ) ) ;
#1707 = ORIENTED_EDGE ( 'NONE', *, *, #2324, .T. ) ;
#1708 = EDGE_CURVE ( 'NONE', #69, #3341, #3524, .T. ) ;
#1709 = VERTEX_POINT ( 'NONE', #2808 ) ;
#1710 = DIRECTION ( 'NONE',  ( -0.3481553119113956485, -0.8703882797784894265, 0.3481553119113956485 ) ) ;
#1711 = DIRECTION ( 'NONE',  ( 1.000000000000000000, 0.000000000000000000, 0.000000000000000000 ) ) ;
#1712 = DIRECTION ( 'NONE',  ( -1.000000000000000000, 0.000000000000000000, 0.000000000000000000 ) ) ;
#1713 = ORIENTED_EDGE ( 'NONE', *, *, #1139, .T. ) ;
#1714 = EDGE_CURVE ( 'NONE', #685, #1861, #3946, .T. ) ;
#1715 = CARTESIAN_POINT ( 'NONE',  ( -3.380000000000000338, -1.270000000000000018, 0.8249999999999999556 ) ) ;
#1716 = ORIENTED_EDGE ( 'NONE', *, *, #3593, .T. ) ;
#1717 = DIRECTION ( 'NONE',  ( 0.000000000000000000, -1.000000000000000000, 0.000000000000000000 ) ) ;
#1718 = ADVANCED_FACE ( 'NONE', ( #4372 ), #4324, .F. ) ;
#1719 = EDGE_CURVE ( 'NONE', #823, #2346, #3494, .T. ) ;
#1720 = VERTEX_POINT ( 'NONE', #1268 ) ;
#1721 = DIRECTION ( 'NONE',  ( -0.000000000000000000, 1.000000000000000000, 0.000000000000000000 ) ) ;
#1722 = CARTESIAN_POINT ( 'NONE',  ( -4.959999999999999964, 9.080000000000000071, -0.1399999999999999856 ) ) ;
#1723 = CARTESIAN_POINT ( 'NONE',  ( 5.400000000000000355, 8.580000000000000071, 0.2999999999999999889 ) ) ;
#1724 = CARTESIAN_POINT ( 'NONE',  ( 5.919999999999999929, -0.9399999999999999467, -2.899999999999999911 ) ) ;
#1725 = ORIENTED_EDGE ( 'NONE', *, *, #880, .F. ) ;
#1726 = DIRECTION ( 'NONE',  ( 0.9284766908852662981, -0.3713906763540865685, 0.000000000000000000 ) ) ;
#1727 = DIRECTION ( 'NONE',  ( 0.000000000000000000, 0.000000000000000000, 1.000000000000000000 ) ) ;
#1728 = LINE ( 'NONE', #976, #4162 ) ;
#1729 = DIRECTION ( 'NONE',  ( 0.000000000000000000, 0.000000000000000000, 1.000000000000000000 ) ) ;
#1730 = ORIENTED_EDGE ( 'NONE', *, *, #366, .T. ) ;
#1731 = ORIENTED_EDGE ( 'NONE', *, *, #3653, .F. ) ;
#1732 = ORIENTED_EDGE ( 'NONE', *, *, #2387, .T. ) ;
#1733 = DIRECTION ( 'NONE',  ( 1.000000000000000000, 0.000000000000000000, 0.000000000000000000 ) ) ;
#1734 = CARTESIAN_POINT ( 'NONE',  ( -4.240000000000000213, -1.580000000000000071, 2.899999999999999911 ) ) ;
#1735 = DIRECTION ( 'NONE',  ( 0.000000000000000000, 1.000000000000000000, 0.000000000000000000 ) ) ;
#1736 = VERTEX_POINT ( 'NONE', #1345 ) ;
#1737 = DIRECTION ( 'NONE',  ( 1.000000000000000000, 0.000000000000000000, 0.000000000000000000 ) ) ;
#1738 = EDGE_CURVE ( 'NONE', #4737, #685, #4716, .T. ) ;
#1739 = ORIENTED_EDGE ( 'NONE', *, *, #1487, .T. ) ;
#1740 = LINE ( 'NONE', #1841, #3520 ) ;
#1741 = ORIENTED_EDGE ( 'NONE', *, *, #4227, .F. ) ;
#1742 = EDGE_CURVE ( 'NONE', #753, #4907, #3129, .T. ) ;
#1743 = LINE ( 'NONE', #619, #2097 ) ;
#1744 = DIRECTION ( 'NONE',  ( 0.000000000000000000, -0.3713906763540865685, -0.9284766908852662981 ) ) ;
#1745 = PLANE ( 'NONE',  #3062 ) ;
#1746 = FACE_OUTER_BOUND ( 'NONE', #637, .T. ) ;
#1747 = EDGE_LOOP ( 'NONE', ( #1203, #4500, #3850, #2305 ) ) ;
#1748 = EDGE_CURVE ( 'NONE', #4582, #1116, #1986, .T. ) ;
#1749 = EDGE_CURVE ( 'NONE', #3642, #3274, #2938, .T. ) ;
#1750 = DIRECTION ( 'NONE',  ( 1.000000000000000000, 0.000000000000000000, 0.000000000000000000 ) ) ;
#1751 = DIRECTION ( 'NONE',  ( 0.000000000000000000, 0.000000000000000000, 1.000000000000000000 ) ) ;
#1752 = LINE ( 'NONE', #1415, #405 ) ;
#1753 = VERTEX_POINT ( 'NONE', #1758 ) ;
#1754 = ORIENTED_EDGE ( 'NONE', *, *, #3714, .F. ) ;
#1755 = ORIENTED_EDGE ( 'NONE', *, *, #3649, .F. ) ;
#1756 = DIRECTION ( 'NONE',  ( 0.000000000000000000, -1.000000000000000000, 0.000000000000000000 ) ) ;
#1757 = CARTESIAN_POINT ( 'NONE',  ( 0.3200000000000000067, 8.580000000000000071, 0.2999999999999999889 ) ) ;
#1758 = CARTESIAN_POINT ( 'NONE',  ( -4.240000000000000213, -0.9399999999999999467, 2.899999999999999911 ) ) ;
#1759 = ORIENTED_EDGE ( 'NONE', *, *, #2185, .F. ) ;
#1760 = PLANE ( 'NONE',  #2014 ) ;
#1761 = VECTOR ( 'NONE', #4111, 1000.000000000000000 ) ;
#1762 = VERTEX_POINT ( 'NONE', #3324 ) ;
#1763 = DIRECTION ( 'NONE',  ( 0.000000000000000000, 0.000000000000000000, -1.000000000000000000 ) ) ;
#1764 = EDGE_LOOP ( 'NONE', ( #123, #3370, #4497, #63 ) ) ;
#1765 = EDGE_CURVE ( 'NONE', #1334, #3122, #2513, .T. ) ;
#1766 = AXIS2_PLACEMENT_3D ( 'NONE', #3907, #2036, #68 ) ;
#1767 = CARTESIAN_POINT ( 'NONE',  ( -3.504999999999999893, 1.580000000000000071, -0.7699999999999999067 ) ) ;
#1768 = CARTESIAN_POINT ( 'NONE',  ( 5.919999999999999929, -0.9399999999999999467, 2.899999999999999911 ) ) ;
#1769 = LINE ( 'NONE', #967, #4303 ) ;
#1770 = VECTOR ( 'NONE', #3538, 1000.000000000000000 ) ;
#1771 = ORIENTED_EDGE ( 'NONE', *, *, #4937, .T. ) ;
#1772 = FACE_OUTER_BOUND ( 'NONE', #3847, .T. ) ;
#1773 = EDGE_CURVE ( 'NONE', #1161, #2565, #4046, .T. ) ;
#1774 = ADVANCED_FACE ( 'NONE', ( #1369 ), #2215, .T. ) ;
#1775 = VECTOR ( 'NONE', #331, 1000.000000000000000 ) ;
#1776 = AXIS2_PLACEMENT_3D ( 'NONE', #4872, #1817, #1499 ) ;
#1777 = LINE ( 'NONE', #246, #3448 ) ;
#1778 = CARTESIAN_POINT ( 'NONE',  ( -0.8400000000000000799, -0.9399999999999999467, -0.8249999999999999556 ) ) ;
#1779 = DIRECTION ( 'NONE',  ( 0.000000000000000000, 0.000000000000000000, -1.000000000000000000 ) ) ;
#1780 = ORIENTED_EDGE ( 'NONE', *, *, #3893, .F. ) ;
#1781 = EDGE_CURVE ( 'NONE', #867, #414, #3723, .T. ) ;
#1782 = VECTOR ( 'NONE', #3605, 1000.000000000000000 ) ;
#1783 = AXIS2_PLACEMENT_3D ( 'NONE', #4521, #1312, #3488 ) ;
#1784 = EDGE_CURVE ( 'NONE', #905, #4633, #1422, .T. ) ;
#1785 = VECTOR ( 'NONE', #2601, 1000.000000000000000 ) ;
#1786 = AXIS2_PLACEMENT_3D ( 'NONE', #1196, #1273, #1228 ) ;
#1787 = VECTOR ( 'NONE', #2105, 1000.000000000000000 ) ;
#1788 = ORIENTED_EDGE ( 'NONE', *, *, #2297, .T. ) ;
#1789 = PLANE ( 'NONE',  #4005 ) ;
#1790 = DIRECTION ( 'NONE',  ( 0.3481553119113956485, -0.8703882797784894265, -0.3481553119113956485 ) ) ;
#1791 = DIRECTION ( 'NONE',  ( 0.000000000000000000, 0.000000000000000000, 1.000000000000000000 ) ) ;
#1792 = ORIENTED_EDGE ( 'NONE', *, *, #2633, .T. ) ;
#1793 = VECTOR ( 'NONE', #643, 1000.000000000000000 ) ;
#1794 = DIRECTION ( 'NONE',  ( 0.000000000000000000, 0.000000000000000000, 1.000000000000000000 ) ) ;
#1795 = ORIENTED_EDGE ( 'NONE', *, *, #4185, .F. ) ;
#1796 = LINE ( 'NONE', #1428, #1308 ) ;
#1797 = ORIENTED_EDGE ( 'NONE', *, *, #1878, .T. ) ;
#1798 = LINE ( 'NONE', #3610, #2657 ) ;
#1799 = DIRECTION ( 'NONE',  ( -0.000000000000000000, 1.000000000000000000, 0.000000000000000000 ) ) ;
#1800 = LINE ( 'NONE', #2546, #2031 ) ;
#1801 = EDGE_LOOP ( 'NONE', ( #1505, #1687, #169, #2142 ) ) ;
#1802 = EDGE_CURVE ( 'NONE', #1292, #4706, #1815, .T. ) ;
#1803 = CARTESIAN_POINT ( 'NONE',  ( -0.9650000000000000799, -1.580000000000000071, 0.7299999999999999822 ) ) ;
#1804 = DIRECTION ( 'NONE',  ( 0.000000000000000000, -0.3713906763540865685, 0.9284766908852662981 ) ) ;
#1805 = CARTESIAN_POINT ( 'NONE',  ( 2.220000000000000195, -4.639999999999999680, -0.3400000000000000244 ) ) ;
#1806 = CARTESIAN_POINT ( 'NONE',  ( 0.8400000000000000799, -0.9399999999999999467, 2.899999999999999911 ) ) ;
#1807 = ORIENTED_EDGE ( 'NONE', *, *, #3992, .F. ) ;
#1808 = ADVANCED_FACE ( 'NONE', ( #1034 ), #610, .T. ) ;
#1809 = ORIENTED_EDGE ( 'NONE', *, *, #4349, .T. ) ;
#1810 = EDGE_CURVE ( 'NONE', #788, #1351, #4765, .T. ) ;
#1811 = EDGE_CURVE ( 'NONE', #4737, #4640, #2886, .T. ) ;
#1812 = ORIENTED_EDGE ( 'NONE', *, *, #4055, .T. ) ;
#1813 = DIRECTION ( 'NONE',  ( 0.000000000000000000, 0.000000000000000000, 1.000000000000000000 ) ) ;
#1814 = DIRECTION ( 'NONE',  ( 0.000000000000000000, 1.000000000000000000, 0.000000000000000000 ) ) ;
#1815 = LINE ( 'NONE', #4023, #4150 ) ;
#1816 = EDGE_CURVE ( 'NONE', #4760, #808, #632, .T. ) ;
#1817 = DIRECTION ( 'NONE',  ( 0.9284766908852662981, -0.3713906763540865685, 0.000000000000000000 ) ) ;
#1818 = AXIS2_PLACEMENT_3D ( 'NONE', #3401, #4921, #4131 ) ;
#1819 = ORIENTED_EDGE ( 'NONE', *, *, #368, .T. ) ;
#1820 = FACE_OUTER_BOUND ( 'NONE', #2435, .T. ) ;
#1821 = ORIENTED_EDGE ( 'NONE', *, *, #1423, .F. ) ;
#1822 = LINE ( 'NONE', #3797, #661 ) ;
#1823 = LINE ( 'NONE', #4828, #4088 ) ;
#1824 = DIRECTION ( 'NONE',  ( 1.000000000000000000, 0.000000000000000000, 0.000000000000000000 ) ) ;
#1825 = ORIENTED_EDGE ( 'NONE', *, *, #4534, .F. ) ;
#1826 = LINE ( 'NONE', #3335, #1945 ) ;
#1827 = ORIENTED_EDGE ( 'NONE', *, *, #2960, .F. ) ;
#1828 = PLANE ( 'NONE',  #4803 ) ;
#1829 = CARTESIAN_POINT ( 'NONE',  ( -5.080000000000000071, 0.000000000000000000, 0.000000000000000000 ) ) ;
#1830 = CARTESIAN_POINT ( 'NONE',  ( 0.8400000000000000799, -1.270000000000000018, 0.8249999999999999556 ) ) ;
#1831 = ORIENTED_EDGE ( 'NONE', *, *, #3649, .T. ) ;
#1832 = ORIENTED_EDGE ( 'NONE', *, *, #2718, .F. ) ;
#1833 = PLANE ( 'NONE',  #3822 ) ;
#1834 = ORIENTED_EDGE ( 'NONE', *, *, #1955, .T. ) ;
#1835 = DIRECTION ( 'NONE',  ( 0.000000000000000000, 0.000000000000000000, -1.000000000000000000 ) ) ;
#1836 = LINE ( 'NONE', #1471, #1775 ) ;
#1837 = CARTESIAN_POINT ( 'NONE',  ( 4.807022324299999205, 10.12000000000000099, -2.899999999999999911 ) ) ;
#1838 = ADVANCED_FACE ( 'NONE', ( #2193 ), #3698, .T. ) ;
#1839 = CARTESIAN_POINT ( 'NONE',  ( -2.220000000000000195, 1.580000000000000071, -0.3400000000000000244 ) ) ;
#1840 = ORIENTED_EDGE ( 'NONE', *, *, #3086, .F. ) ;
#1841 = CARTESIAN_POINT ( 'NONE',  ( 0.8400000000000000799, -1.270000000000000018, -1.600000000000000089 ) ) ;
#1842 = ORIENTED_EDGE ( 'NONE', *, *, #1880, .F. ) ;
#1843 = EDGE_CURVE ( 'NONE', #1465, #4551, #2959, .T. ) ;
#1844 = VECTOR ( 'NONE', #4587, 1000.000000000000000 ) ;
#1845 = DIRECTION ( 'NONE',  ( 0.000000000000000000, 0.000000000000000000, 1.000000000000000000 ) ) ;
#1846 = CARTESIAN_POINT ( 'NONE',  ( 3.380000000000000338, -0.9399999999999999467, 0.8249999999999999556 ) ) ;
#1847 = ORIENTED_EDGE ( 'NONE', *, *, #243, .F. ) ;
#1848 =( LENGTH_UNIT ( ) NAMED_UNIT ( * ) SI_UNIT ( .MILLI., .METRE. ) );
#1849 = EDGE_LOOP ( 'NONE', ( #3157, #2530, #1856, #4284 ) ) ;
#1850 = VECTOR ( 'NONE', #3416, 1000.000000000000000 ) ;
#1851 = PLANE ( 'NONE',  #423 ) ;
#1852 = CARTESIAN_POINT ( 'NONE',  ( -1.699999999999999956, -0.9399999999999999467, 0.8249999999999999556 ) ) ;
#1853 = CARTESIAN_POINT ( 'NONE',  ( 2.660000000000000142, -5.139999999999999680, 0.09999999999998999967 ) ) ;
#1854 = ORIENTED_EDGE ( 'NONE', *, *, #2735, .T. ) ;
#1855 = VERTEX_POINT ( 'NONE', #3625 ) ;
#1856 = ORIENTED_EDGE ( 'NONE', *, *, #3561, .F. ) ;
#1857 = VECTOR ( 'NONE', #167, 999.9999999999998863 ) ;
#1858 = AXIS2_PLACEMENT_3D ( 'NONE', #2996, #4849, #4109 ) ;
#1859 = ORIENTED_EDGE ( 'NONE', *, *, #272, .F. ) ;
#1860 = DIRECTION ( 'NONE',  ( 0.000000000000000000, -1.000000000000000000, 0.000000000000000000 ) ) ;
#1861 = VERTEX_POINT ( 'NONE', #2593 ) ;
#1862 = DIRECTION ( 'NONE',  ( 0.000000000000000000, 1.000000000000000000, 0.000000000000000000 ) ) ;
#1863 = DIRECTION ( 'NONE',  ( 0.3481553119113956485, 0.8703882797784894265, 0.3481553119113956485 ) ) ;
#1864 = PLANE ( 'NONE',  #3982 ) ;
#1865 = VECTOR ( 'NONE', #821, 1000.000000000000000 ) ;
#1866 = VECTOR ( 'NONE', #2767, 1000.000000000000000 ) ;
#1867 = EDGE_CURVE ( 'NONE', #711, #1269, #4103, .T. ) ;
#1868 = AXIS2_PLACEMENT_3D ( 'NONE', #1152, #4924, #2222 ) ;
#1869 = VECTOR ( 'NONE', #4228, 1000.000000000000000 ) ;
#1870 = AXIS2_PLACEMENT_3D ( 'NONE', #800, #4194, #1958 ) ;
#1871 = ORIENTED_EDGE ( 'NONE', *, *, #146, .F. ) ;
#1872 = DIRECTION ( 'NONE',  ( -0.3481553119113956485, -0.8703882797784894265, 0.3481553119113956485 ) ) ;
#1873 = ORIENTED_EDGE ( 'NONE', *, *, #2439, .F. ) ;
#1874 = VECTOR ( 'NONE', #3639, 1000.000000000000000 ) ;
#1875 = EDGE_CURVE ( 'NONE', #4633, #4592, #1472, .T. ) ;
#1876 = ORIENTED_EDGE ( 'NONE', *, *, #4904, .T. ) ;
#1877 = DIRECTION ( 'NONE',  ( 0.000000000000000000, 1.000000000000000000, 0.000000000000000000 ) ) ;
#1878 = EDGE_CURVE ( 'NONE', #3440, #480, #1094, .T. ) ;
#1879 = CARTESIAN_POINT ( 'NONE',  ( 2.220000000000000195, -4.639999999999999680, 0.2999999999999999889 ) ) ;
#1880 = EDGE_CURVE ( 'NONE', #1373, #1351, #2114, .T. ) ;
#1881 = ORIENTED_EDGE ( 'NONE', *, *, #515, .F. ) ;
#1882 = LINE ( 'NONE', #3041, #3764 ) ;
#1883 = DIRECTION ( 'NONE',  ( -1.000000000000000000, 0.000000000000000000, 0.000000000000000000 ) ) ;
#1884 = DIRECTION ( 'NONE',  ( 0.000000000000000000, 0.000000000000000000, -1.000000000000000000 ) ) ;
#1885 = ORIENTED_EDGE ( 'NONE', *, *, #3533, .T. ) ;
#1886 = ORIENTED_EDGE ( 'NONE', *, *, #4814, .F. ) ;
#1887 = EDGE_LOOP ( 'NONE', ( #2890, #2363, #4518, #997 ) ) ;
#1888 = LINE ( 'NONE', #1109, #2334 ) ;
#1889 = ORIENTED_EDGE ( 'NONE', *, *, #118, .T. ) ;
#1890 = CARTESIAN_POINT ( 'NONE',  ( -5.080000000000000071, 6.317986928012000014, -1.899999999999999911 ) ) ;
#1891 = FACE_OUTER_BOUND ( 'NONE', #694, .T. ) ;
#1892 = CARTESIAN_POINT ( 'NONE',  ( 2.860000000000000320, -4.639999999999999680, 0.2999999999999999889 ) ) ;
#1893 = DIRECTION ( 'NONE',  ( 0.000000000000000000, -0.3713906763540865685, -0.9284766908852662981 ) ) ;
#1894 = ORIENTED_EDGE ( 'NONE', *, *, #1487, .F. ) ;
#1895 = EDGE_CURVE ( 'NONE', #4926, #883, #3248, .T. ) ;
#1896 = FACE_OUTER_BOUND ( 'NONE', #2431, .T. ) ;
#1897 = DIRECTION ( 'NONE',  ( 0.000000000000000000, -1.000000000000000000, 0.000000000000000000 ) ) ;
#1898 = PRESENTATION_STYLE_ASSIGNMENT (( #787 ) ) ;
#1899 = ORIENTED_EDGE ( 'NONE', *, *, #284, .F. ) ;
#1900 = ADVANCED_FACE ( 'NONE', ( #714 ), #3838, .T. ) ;
#1901 = CARTESIAN_POINT ( 'NONE',  ( 3.380000000000000338, -1.580000000000000071, 2.899999999999999911 ) ) ;
#1902 = DIRECTION ( 'NONE',  ( 0.000000000000000000, 0.000000000000000000, -1.000000000000000000 ) ) ;
#1903 = DIRECTION ( 'NONE',  ( 0.000000000000000000, 0.000000000000000000, 1.000000000000000000 ) ) ;
#1904 = ORIENTED_EDGE ( 'NONE', *, *, #1201, .F. ) ;
#1905 = VERTEX_POINT ( 'NONE', #4567 ) ;
#1906 = ORIENTED_EDGE ( 'NONE', *, *, #1449, .T. ) ;
#1907 = ADVANCED_FACE ( 'NONE', ( #2663 ), #3467, .F. ) ;
#1908 = CARTESIAN_POINT ( 'NONE',  ( 0.8400000000000000799, -1.580000000000000071, -2.899999999999999911 ) ) ;
#1909 = VERTEX_POINT ( 'NONE', #3811 ) ;
#1910 = FACE_OUTER_BOUND ( 'NONE', #2404, .T. ) ;
#1911 = CARTESIAN_POINT ( 'NONE',  ( -2.860000000000000320, -4.639999999999999680, -0.3400000000000000244 ) ) ;
#1912 = LINE ( 'NONE', #3420, #160 ) ;
#1913 = LINE ( 'NONE', #3699, #4118 ) ;
#1914 = FACE_OUTER_BOUND ( 'NONE', #4887, .T. ) ;
#1915 = ORIENTED_EDGE ( 'NONE', *, *, #95, .T. ) ;
#1916 = CARTESIAN_POINT ( 'NONE',  ( -4.240000000000000213, -1.580000000000000071, -2.899999999999999911 ) ) ;
#1917 =( LENGTH_UNIT ( ) NAMED_UNIT ( * ) SI_UNIT ( .MILLI., .METRE. ) );
#1918 = FILL_AREA_STYLE ('',( #4224 ) ) ;
#1919 = ORIENTED_EDGE ( 'NONE', *, *, #2316, .F. ) ;
#1920 = DIRECTION ( 'NONE',  ( 0.000000000000000000, 0.000000000000000000, -1.000000000000000000 ) ) ;
#1921 = CARTESIAN_POINT ( 'NONE',  ( 0.9650000000000000799, 1.580000000000000071, -0.7699999999999999067 ) ) ;
#1922 = DIRECTION ( 'NONE',  ( 0.000000000000000000, -1.000000000000000000, 0.000000000000000000 ) ) ;
#1923 = VECTOR ( 'NONE', #2310, 1000.000000000000000 ) ;
#1924 = EDGE_LOOP ( 'NONE', ( #2913, #2632, #2673, #2634, #4529, #1915, #4042, #4494, #3143, #1266, #2730, #913 ) ) ;
#1925 = ADVANCED_FACE ( 'NONE', ( #4177 ), #3744, .F. ) ;
#1926 = VERTEX_POINT ( 'NONE', #4149 ) ;
#1927 = ADVANCED_FACE ( 'NONE', ( #1137 ), #1864, .T. ) ;
#1928 = DIRECTION ( 'NONE',  ( 1.000000000000000000, 0.000000000000000000, 0.000000000000000000 ) ) ;
#1929 = ORIENTED_EDGE ( 'NONE', *, *, #3772, .F. ) ;
#1930 = PLANE ( 'NONE',  #3126 ) ;
#1931 = LINE ( 'NONE', #2307, #3436 ) ;
#1932 = EDGE_CURVE ( 'NONE', #656, #551, #735, .T. ) ;
#1933 = LINE ( 'NONE', #46, #2006 ) ;
#1934 = EDGE_CURVE ( 'NONE', #741, #4106, #1912, .T. ) ;
#1935 = VECTOR ( 'NONE', #3411, 1000.000000000000000 ) ;
#1936 = AXIS2_PLACEMENT_3D ( 'NONE', #609, #3945, #3995 ) ;
#1937 = AXIS2_PLACEMENT_3D ( 'NONE', #3529, #3848, #436 ) ;
#1938 = DIRECTION ( 'NONE',  ( 0.000000000000000000, -0.9284766908852661871, 0.3713906763540865130 ) ) ;
#1939 = CARTESIAN_POINT ( 'NONE',  ( -3.380000000000000338, -0.9399999999999999467, -0.8249999999999999556 ) ) ;
#1940 = ORIENTED_EDGE ( 'NONE', *, *, #4089, .T. ) ;
#1941 = VECTOR ( 'NONE', #1527, 1000.000000000000000 ) ;
#1942 = VECTOR ( 'NONE', #2936, 1000.000000000000000 ) ;
#1943 = AXIS2_PLACEMENT_3D ( 'NONE', #4714, #78, #1620 ) ;
#1944 = DIRECTION ( 'NONE',  ( 0.3481553119113956485, -0.8703882797784894265, -0.3481553119113956485 ) ) ;
#1945 = VECTOR ( 'NONE', #2627, 1000.000000000000000 ) ;
#1946 = VECTOR ( 'NONE', #4909, 1000.000000000000000 ) ;
#1947 = LINE ( 'NONE', #1594, #743 ) ;
#1948 = EDGE_LOOP ( 'NONE', ( #1690, #1741, #1832, #2866 ) ) ;
#1949 = DIRECTION ( 'NONE',  ( -0.000000000000000000, 0.3713906763540865685, 0.9284766908852662981 ) ) ;
#1950 = LINE ( 'NONE', #3537, #267 ) ;
#1951 = LINE ( 'NONE', #2278, #1941 ) ;
#1952 = CARTESIAN_POINT ( 'NONE',  ( -5.080000000000000071, 9.369999999999999218, -1.899999999999999911 ) ) ;
#1953 = ORIENTED_EDGE ( 'NONE', *, *, #2843, .T. ) ;
#1954 = VERTEX_POINT ( 'NONE', #430 ) ;
#1955 = EDGE_CURVE ( 'NONE', #4120, #2346, #3443, .T. ) ;
#1956 = CARTESIAN_POINT ( 'NONE',  ( -6.349999999999999645, -1.580000000000000071, -2.899999999999999911 ) ) ;
#1957 = EDGE_CURVE ( 'NONE', #4211, #2211, #3771, .T. ) ;
#1958 = DIRECTION ( 'NONE',  ( 0.000000000000000000, 1.000000000000000000, 0.000000000000000000 ) ) ;
#1959 = LINE ( 'NONE', #2857, #2973 ) ;
#1960 = DIRECTION ( 'NONE',  ( 0.000000000000000000, 0.000000000000000000, -1.000000000000000000 ) ) ;
#1961 = VERTEX_POINT ( 'NONE', #2687 ) ;
#1962 = EDGE_CURVE ( 'NONE', #2925, #2583, #781, .T. ) ;
#1963 = EDGE_CURVE ( 'NONE', #4293, #1909, #4899, .T. ) ;
#1964 = FACE_OUTER_BOUND ( 'NONE', #939, .T. ) ;
#1965 = CARTESIAN_POINT ( 'NONE',  ( -4.760000000000000675, -4.639999999999999680, -0.3400000000000000244 ) ) ;
#1966 = ORIENTED_EDGE ( 'NONE', *, *, #446, .T. ) ;
#1967 = EDGE_CURVE ( 'NONE', #2536, #3749, #2308, .T. ) ;
#1968 = FACE_OUTER_BOUND ( 'NONE', #835, .T. ) ;
#1969 = LINE ( 'NONE', #410, #2983 ) ;
#1970 =( NAMED_UNIT ( * ) PLANE_ANGLE_UNIT ( ) SI_UNIT ( $, .RADIAN. ) );
#1971 = EDGE_LOOP ( 'NONE', ( #4766, #3321, #2133, #2154 ) ) ;
#1972 = PLANE ( 'NONE',  #1786 ) ;
#1973 = DIRECTION ( 'NONE',  ( -1.000000000000000000, 0.000000000000000000, 0.000000000000000000 ) ) ;
#1974 = LINE ( 'NONE', #1628, #1403 ) ;
#1975 = LINE ( 'NONE', #4233, #1865 ) ;
#1976 = LINE ( 'NONE', #3162, #1467 ) ;
#1977 = ORIENTED_EDGE ( 'NONE', *, *, #235, .T. ) ;
#1978 = DIRECTION ( 'NONE',  ( -1.000000000000000000, 0.000000000000000000, 0.000000000000000000 ) ) ;
#1979 = ORIENTED_EDGE ( 'NONE', *, *, #1665, .T. ) ;
#1980 = CARTESIAN_POINT ( 'NONE',  ( 2.860000000000000320, 8.580000000000000071, -0.3400000000000000244 ) ) ;
#1981 = FACE_BOUND ( 'NONE', #2845, .T. ) ;
#1982 = CARTESIAN_POINT ( 'NONE',  ( -2.860000000000000320, 8.580000000000000071, 0.2999999999999999889 ) ) ;
#1983 = ORIENTED_EDGE ( 'NONE', *, *, #4052, .T. ) ;
#1984 = ORIENTED_EDGE ( 'NONE', *, *, #2599, .F. ) ;
#1985 = FACE_OUTER_BOUND ( 'NONE', #1639, .T. ) ;
#1986 = LINE ( 'NONE', #72, #3665 ) ;
#1987 = EDGE_CURVE ( 'NONE', #2821, #4087, #802, .T. ) ;
#1988 = ORIENTED_EDGE ( 'NONE', *, *, #3865, .F. ) ;
#1989 = CARTESIAN_POINT ( 'NONE',  ( -4.959999999999999964, 9.080000000000000071, -0.1399999999999999856 ) ) ;
#1990 =( NAMED_UNIT ( * ) SI_UNIT ( $, .STERADIAN. ) SOLID_ANGLE_UNIT ( ) );
#1991 = EDGE_CURVE ( 'NONE', #1324, #4301, #1933, .T. ) ;
#1992 = ORIENTED_EDGE ( 'NONE', *, *, #4271, .T. ) ;
#1993 = CARTESIAN_POINT ( 'NONE',  ( -1.574999999999999956, -1.580000000000000071, 0.7299999999999999822 ) ) ;
#1994 = CARTESIAN_POINT ( 'NONE',  ( -5.080000000000000071, 1.580000000000000071, -2.899999999999999911 ) ) ;
#1995 = CARTESIAN_POINT ( 'NONE',  ( 1.699999999999999956, -1.270000000000000018, -1.600000000000000089 ) ) ;
#1996 = CARTESIAN_POINT ( 'NONE',  ( -5.080000000000000071, 2.180000000000000160, -1.300000000000000044 ) ) ;
#1997 = DIRECTION ( 'NONE',  ( 0.000000000000000000, 0.000000000000000000, 1.000000000000000000 ) ) ;
#1998 = VERTEX_POINT ( 'NONE', #1566 ) ;
#1999 = AXIS2_PLACEMENT_3D ( 'NONE', #806, #50, #4254 ) ;
#2000 = DIRECTION ( 'NONE',  ( 0.000000000000000000, 0.000000000000000000, 1.000000000000000000 ) ) ;
#2001 = ORIENTED_EDGE ( 'NONE', *, *, #1201, .T. ) ;
#2002 = DIRECTION ( 'NONE',  ( -0.000000000000000000, 1.000000000000000000, 0.000000000000000000 ) ) ;
#2003 = LINE ( 'NONE', #25, #4317 ) ;
#2004 = DIRECTION ( 'NONE',  ( 1.000000000000000000, 0.000000000000000000, 0.000000000000000000 ) ) ;
#2005 = ORIENTED_EDGE ( 'NONE', *, *, #1481, .F. ) ;
#2006 = VECTOR ( 'NONE', #26, 1000.000000000000000 ) ;
#2007 = ORIENTED_EDGE ( 'NONE', *, *, #1195, .T. ) ;
#2008 = CARTESIAN_POINT ( 'NONE',  ( 0.1200000000000000094, -5.139999999999999680, 0.09999999999998999967 ) ) ;
#2009 = DIRECTION ( 'NONE',  ( 0.000000000000000000, 0.000000000000000000, -1.000000000000000000 ) ) ;
#2010 = VECTOR ( 'NONE', #2631, 1000.000000000000000 ) ;
#2011 = ADVANCED_FACE ( 'NONE', ( #3400 ), #3012, .F. ) ;
#2012 = ORIENTED_EDGE ( 'NONE', *, *, #789, .T. ) ;
#2013 = VECTOR ( 'NONE', #4346, 1000.000000000000000 ) ;
#2014 = AXIS2_PLACEMENT_3D ( 'NONE', #1325, #2842, #4350 ) ;
#2015 = LINE ( 'NONE', #109, #6 ) ;
#2016 = ADVANCED_FACE ( 'NONE', ( #1518, #1585 ), #4920, .T. ) ;
#2017 = VERTEX_POINT ( 'NONE', #2056 ) ;
#2018 = VECTOR ( 'NONE', #4626, 1000.000000000000000 ) ;
#2019 = VECTOR ( 'NONE', #225, 1000.000000000000000 ) ;
#2020 = ORIENTED_EDGE ( 'NONE', *, *, #3575, .T. ) ;
#2021 = VECTOR ( 'NONE', #1303, 1000.000000000000000 ) ;
#2022 = EDGE_CURVE ( 'NONE', #2966, #1736, #548, .T. ) ;
#2023 = AXIS2_PLACEMENT_3D ( 'NONE', #2769, #862, #2391 ) ;
#2024 = EDGE_CURVE ( 'NONE', #4873, #847, #4246, .T. ) ;
#2025 = CARTESIAN_POINT ( 'NONE',  ( 5.400000000000000355, -4.639999999999999680, -0.3400000000000000244 ) ) ;
#2026 = CARTESIAN_POINT ( 'NONE',  ( 2.220000000000000195, -0.9399999999999999467, 0.2999999999999999889 ) ) ;
#2027 = LINE ( 'NONE', #864, #2672 ) ;
#2028 = CARTESIAN_POINT ( 'NONE',  ( -2.419999999999999929, -5.139999999999999680, -0.1399999999999999856 ) ) ;
#2029 = ORIENTED_EDGE ( 'NONE', *, *, #4349, .F. ) ;
#2030 = LINE ( 'NONE', #4755, #3686 ) ;
#2031 = VECTOR ( 'NONE', #2899, 999.9999999999998863 ) ;
#2032 = EDGE_CURVE ( 'NONE', #873, #722, #2780, .T. ) ;
#2033 = DIRECTION ( 'NONE',  ( 0.000000000000000000, 1.000000000000000000, 0.000000000000000000 ) ) ;
#2034 = DIRECTION ( 'NONE',  ( -0.000000000000000000, 1.000000000000000000, 0.000000000000000000 ) ) ;
#2035 = CARTESIAN_POINT ( 'NONE',  ( 5.200000000000000178, 9.080000000000000071, -0.1399999999999999856 ) ) ;
#2036 = DIRECTION ( 'NONE',  ( 0.000000000000000000, 0.3713906763540865685, -0.9284766908852662981 ) ) ;
#2037 = ORIENTED_EDGE ( 'NONE', *, *, #3495, .F. ) ;
#2038 = ORIENTED_EDGE ( 'NONE', *, *, #1784, .T. ) ;
#2039 = CARTESIAN_POINT ( 'NONE',  ( 2.319999999999999840, -4.890000000000000568, -0.02000000000000000042 ) ) ;
#2040 = DIRECTION ( 'NONE',  ( 0.000000000000000000, -1.000000000000000000, 0.000000000000000000 ) ) ;
#2041 = ORIENTED_EDGE ( 'NONE', *, *, #2969, .F. ) ;
#2042 = LINE ( 'NONE', #3133, #4708 ) ;
#2043 = EDGE_LOOP ( 'NONE', ( #2532, #4422, #4319, #2829 ) ) ;
#2044 = EDGE_LOOP ( 'NONE', ( #1169, #1821, #1859, #4002 ) ) ;
#2045 = LINE ( 'NONE', #463, #3763 ) ;
#2046 = FACE_OUTER_BOUND ( 'NONE', #2065, .T. ) ;
#2047 = DIRECTION ( 'NONE',  ( 1.000000000000000000, 0.000000000000000000, 0.000000000000000000 ) ) ;
#2048 = DIRECTION ( 'NONE',  ( 0.000000000000000000, 0.000000000000000000, 1.000000000000000000 ) ) ;
#2049 = VERTEX_POINT ( 'NONE', #4269 ) ;
#2050 = CARTESIAN_POINT ( 'NONE',  ( 5.400000000000000355, -0.9399999999999999467, 0.2999999999999999889 ) ) ;
#2051 = EDGE_CURVE ( 'NONE', #1530, #3249, #930, .T. ) ;
#2052 = CARTESIAN_POINT ( 'NONE',  ( -4.114999999999999325, -1.580000000000000071, -0.7699999999999999067 ) ) ;
#2053 = EDGE_CURVE ( 'NONE', #1961, #3966, #100, .T. ) ;
#2054 = FACE_OUTER_BOUND ( 'NONE', #1298, .T. ) ;
#2055 = CARTESIAN_POINT ( 'NONE',  ( -6.349999999999999645, 1.580000000000000071, 2.899999999999999911 ) ) ;
#2056 = CARTESIAN_POINT ( 'NONE',  ( -2.220000000000000195, -0.9399999999999999467, 0.2999999999999999889 ) ) ;
#2057 = ORIENTED_EDGE ( 'NONE', *, *, #145, .F. ) ;
#2058 = EDGE_CURVE ( 'NONE', #2211, #796, #1659, .T. ) ;
#2059 = ORIENTED_EDGE ( 'NONE', *, *, #22, .T. ) ;
#2060 = VERTEX_POINT ( 'NONE', #2380 ) ;
#2061 = FACE_OUTER_BOUND ( 'NONE', #1493, .T. ) ;
#2062 = CARTESIAN_POINT ( 'NONE',  ( -0.8400000000000000799, -0.9399999999999999467, -0.8249999999999999556 ) ) ;
#2063 = ORIENTED_EDGE ( 'NONE', *, *, #3692, .T. ) ;
#2064 = DIRECTION ( 'NONE',  ( 1.000000000000000000, 0.000000000000000000, 0.000000000000000000 ) ) ;
#2065 = EDGE_LOOP ( 'NONE', ( #4692, #448, #3748, #2835 ) ) ;
#2066 = EDGE_LOOP ( 'NONE', ( #2487, #2432, #4917, #279 ) ) ;
#2067 = DIRECTION ( 'NONE',  ( 0.000000000000000000, 0.000000000000000000, -1.000000000000000000 ) ) ;
#2068 = CARTESIAN_POINT ( 'NONE',  ( -5.919999999999999929, -1.580000000000000071, -2.899999999999999911 ) ) ;
#2069 = CARTESIAN_POINT ( 'NONE',  ( 6.349999999999999645, 1.580000000000000071, 2.899999999999999911 ) ) ;
#2070 = CARTESIAN_POINT ( 'NONE',  ( 5.200000000000000178, -5.139999999999999680, 0.09999999999998999967 ) ) ;
#2071 = ORIENTED_EDGE ( 'NONE', *, *, #3893, .T. ) ;
#2072 = ADVANCED_FACE ( 'NONE', ( #3863 ), #3884, .T. ) ;
#2073 = DIRECTION ( 'NONE',  ( 0.000000000000000000, 0.000000000000000000, -1.000000000000000000 ) ) ;
#2074 = EDGE_CURVE ( 'NONE', #3788, #3083, #1211, .T. ) ;
#2075 = CARTESIAN_POINT ( 'NONE',  ( -2.419999999999999929, 9.080000000000000071, 0.09999999999998999967 ) ) ;
#2076 = CARTESIAN_POINT ( 'NONE',  ( 5.919999999999999929, -1.580000000000000071, -2.899999999999999911 ) ) ;
#2077 = CARTESIAN_POINT ( 'NONE',  ( -4.760000000000000675, 8.580000000000000071, -0.3400000000000000244 ) ) ;
#2078 = CARTESIAN_POINT ( 'NONE',  ( 0.8400000000000000799, -0.9399999999999999467, 1.600000000000000089 ) ) ;
#2079 = ORIENTED_EDGE ( 'NONE', *, *, #3354, .T. ) ;
#2080 = EDGE_CURVE ( 'NONE', #1189, #4676, #903, .T. ) ;
#2081 = EDGE_CURVE ( 'NONE', #4859, #1465, #473, .T. ) ;
#2082 = ORIENTED_EDGE ( 'NONE', *, *, #1742, .T. ) ;
#2083 = LINE ( 'NONE', #385, #4634 ) ;
#2084 = CARTESIAN_POINT ( 'NONE',  ( -1.699999999999999956, -1.580000000000000071, 2.899999999999999911 ) ) ;
#2085 = DIRECTION ( 'NONE',  ( -1.000000000000000000, 0.000000000000000000, 0.000000000000000000 ) ) ;
#2086 = VECTOR ( 'NONE', #3303, 1000.000000000000000 ) ;
#2087 = ORIENTED_EDGE ( 'NONE', *, *, #2335, .T. ) ;
#2088 = AXIS2_PLACEMENT_3D ( 'NONE', #371, #2252, #4119 ) ;
#2089 = FACE_OUTER_BOUND ( 'NONE', #1971, .T. ) ;
#2090 = ORIENTED_EDGE ( 'NONE', *, *, #1331, .T. ) ;
#2091 = CARTESIAN_POINT ( 'NONE',  ( 0.3200000000000000067, -0.9399999999999999467, 0.2999999999999999889 ) ) ;
#2092 = ORIENTED_EDGE ( 'NONE', *, *, #1165, .T. ) ;
#2093 = AXIS2_PLACEMENT_3D ( 'NONE', #4502, #4473, #3347 ) ;
#2094 = VECTOR ( 'NONE', #3583, 1000.000000000000000 ) ;
#2095 = LINE ( 'NONE', #2168, #2978 ) ;
#2096 = VECTOR ( 'NONE', #2428, 1000.000000000000000 ) ;
#2097 = VECTOR ( 'NONE', #4080, 1000.000000000000000 ) ;
#2098 = CARTESIAN_POINT ( 'NONE',  ( 1.699999999999999956, -0.9399999999999999467, -1.600000000000000089 ) ) ;
#2099 = LINE ( 'NONE', #3612, #3745 ) ;
#2100 = CARTESIAN_POINT ( 'NONE',  ( 3.380000000000000338, -0.9399999999999999467, -2.899999999999999911 ) ) ;
#2101 = VERTEX_POINT ( 'NONE', #2429 ) ;
#2102 = CARTESIAN_POINT ( 'NONE',  ( 2.660000000000000142, 9.080000000000000071, -0.1399999999999999856 ) ) ;
#2103 = AXIS2_PLACEMENT_3D ( 'NONE', #3211, #4727, #1671 ) ;
#2104 = VECTOR ( 'NONE', #4918, 1000.000000000000000 ) ;
#2105 = DIRECTION ( 'NONE',  ( 0.000000000000000000, 1.000000000000000000, 0.000000000000000000 ) ) ;
#2106 = DIRECTION ( 'NONE',  ( 0.000000000000000000, 1.000000000000000000, 0.000000000000000000 ) ) ;
#2107 = LINE ( 'NONE', #3618, #4698 ) ;
#2108 = VECTOR ( 'NONE', #827, 1000.000000000000000 ) ;
#2109 = EDGE_LOOP ( 'NONE', ( #2803, #43, #116, #2518 ) ) ;
#2110 = EDGE_CURVE ( 'NONE', #262, #1159, #2834, .T. ) ;
#2111 = ORIENTED_EDGE ( 'NONE', *, *, #624, .F. ) ;
#2112 = DIRECTION ( 'NONE',  ( -0.000000000000000000, 1.000000000000000000, 0.000000000000000000 ) ) ;
#2113 = CARTESIAN_POINT ( 'NONE',  ( 0.1200000000000000094, -5.139999999999999680, -0.1399999999999999856 ) ) ;
#2114 = LINE ( 'NONE', #206, #1204 ) ;
#2115 = ORIENTED_EDGE ( 'NONE', *, *, #4446, .F. ) ;
#2116 = EDGE_CURVE ( 'NONE', #2565, #4270, #4342, .T. ) ;
#2117 = LINE ( 'NONE', #937, #3832 ) ;
#2118 = VERTEX_POINT ( 'NONE', #1609 ) ;
#2119 = CARTESIAN_POINT ( 'NONE',  ( -3.504999999999999893, 1.580000000000000071, 0.7299999999999999822 ) ) ;
#2120 = ORIENTED_EDGE ( 'NONE', *, *, #4574, .T. ) ;
#2121 = EDGE_CURVE ( 'NONE', #1193, #4912, #3940, .T. ) ;
#2122 = DIRECTION ( 'NONE',  ( 0.000000000000000000, 1.000000000000000000, 0.000000000000000000 ) ) ;
#2123 = FACE_OUTER_BOUND ( 'NONE', #3220, .T. ) ;
#2124 = DIRECTION ( 'NONE',  ( -0.9284766908852662981, 0.3713906763540865685, 0.000000000000000000 ) ) ;
#2125 = DIRECTION ( 'NONE',  ( 0.000000000000000000, 0.000000000000000000, -1.000000000000000000 ) ) ;
#2126 = VERTEX_POINT ( 'NONE', #3545 ) ;
#2127 = CARTESIAN_POINT ( 'NONE',  ( -5.080000000000000071, 3.870000000000000107, -1.899999999999999911 ) ) ;
#2128 = FACE_OUTER_BOUND ( 'NONE', #794, .T. ) ;
#2129 = PLANE ( 'NONE',  #1393 ) ;
#2130 = CARTESIAN_POINT ( 'NONE',  ( 2.220000000000000195, -0.9399999999999999467, 0.2999999999999999889 ) ) ;
#2131 = ORIENTED_EDGE ( 'NONE', *, *, #1347, .F. ) ;
#2132 = EDGE_LOOP ( 'NONE', ( #3501, #1979, #2382, #4913 ) ) ;
#2133 = ORIENTED_EDGE ( 'NONE', *, *, #4185, .T. ) ;
#2134 = DIRECTION ( 'NONE',  ( -0.000000000000000000, 1.000000000000000000, 0.000000000000000000 ) ) ;
#2135 = CARTESIAN_POINT ( 'NONE',  ( 5.400000000000000355, 1.580000000000000071, 0.2999999999999999889 ) ) ;
#2136 = CARTESIAN_POINT ( 'NONE',  ( -2.660000000000000142, 9.080000000000000071, 0.09999999999998999967 ) ) ;
#2137 = ORIENTED_EDGE ( 'NONE', *, *, #3891, .T. ) ;
#2138 = LINE ( 'NONE', #3305, #4482 ) ;
#2139 = EDGE_CURVE ( 'NONE', #3531, #2254, #832, .T. ) ;
#2140 = ORIENTED_EDGE ( 'NONE', *, *, #1773, .F. ) ;
#2141 = CARTESIAN_POINT ( 'NONE',  ( -5.200000000000000178, 9.080000000000000071, 0.09999999999998999967 ) ) ;
#2142 = ORIENTED_EDGE ( 'NONE', *, *, #4596, .F. ) ;
#2143 = CARTESIAN_POINT ( 'NONE',  ( 4.760000000000000675, 1.580000000000000071, 0.2999999999999999889 ) ) ;
#2144 = VERTEX_POINT ( 'NONE', #3121 ) ;
#2145 = ADVANCED_FACE ( 'NONE', ( #1679 ), #451, .T. ) ;
#2146 = CARTESIAN_POINT ( 'NONE',  ( -2.419999999999999929, -5.139999999999999680, -0.1399999999999999856 ) ) ;
#2147 = CARTESIAN_POINT ( 'NONE',  ( 1.699999999999999956, -0.9399999999999999467, 1.600000000000000089 ) ) ;
#2148 = ORIENTED_EDGE ( 'NONE', *, *, #624, .T. ) ;
#2149 = CARTESIAN_POINT ( 'NONE',  ( -6.349999999999999645, -1.580000000000000071, 2.899999999999999911 ) ) ;
#2150 = ADVANCED_FACE ( 'NONE', ( #1262 ), #3490, .T. ) ;
#2151 = DIRECTION ( 'NONE',  ( 0.000000000000000000, 0.000000000000000000, -1.000000000000000000 ) ) ;
#2152 = DIRECTION ( 'NONE',  ( -1.000000000000000000, 0.000000000000000000, 0.000000000000000000 ) ) ;
#2153 = DIRECTION ( 'NONE',  ( 0.000000000000000000, 1.000000000000000000, 0.000000000000000000 ) ) ;
#2154 = ORIENTED_EDGE ( 'NONE', *, *, #1192, .F. ) ;
#2155 = ORIENTED_EDGE ( 'NONE', *, *, #2362, .F. ) ;
#2156 = EDGE_LOOP ( 'NONE', ( #4514, #858, #295, #3464 ) ) ;
#2157 = CARTESIAN_POINT ( 'NONE',  ( 0.8400000000000000799, -0.9399999999999999467, 2.899999999999999911 ) ) ;
#2158 = DIRECTION ( 'NONE',  ( 1.000000000000000000, 0.000000000000000000, 0.000000000000000000 ) ) ;
#2159 = DIRECTION ( 'NONE',  ( -0.000000000000000000, 1.000000000000000000, 0.000000000000000000 ) ) ;
#2160 = EDGE_CURVE ( 'NONE', #1616, #249, #4637, .T. ) ;
#2161 = DIRECTION ( 'NONE',  ( 0.000000000000000000, 1.000000000000000000, 0.000000000000000000 ) ) ;
#2162 = VECTOR ( 'NONE', #2040, 1000.000000000000000 ) ;
#2163 = ORIENTED_EDGE ( 'NONE', *, *, #4328, .T. ) ;
#2164 = CARTESIAN_POINT ( 'NONE',  ( -0.8400000000000000799, -1.270000000000000018, 1.600000000000000089 ) ) ;
#2165 = EDGE_LOOP ( 'NONE', ( #2395, #3098, #653, #153 ) ) ;
#2166 = VECTOR ( 'NONE', #2004, 1000.000000000000000 ) ;
#2167 = EDGE_CURVE ( 'NONE', #3808, #1366, #3265, .T. ) ;
#2168 = CARTESIAN_POINT ( 'NONE',  ( -2.860000000000000320, -0.9399999999999999467, 0.2999999999999999889 ) ) ;
#2169 = DIRECTION ( 'NONE',  ( 0.000000000000000000, 0.000000000000000000, -1.000000000000000000 ) ) ;
#2170 = CARTESIAN_POINT ( 'NONE',  ( 4.760000000000000675, -4.639999999999999680, -0.3400000000000000244 ) ) ;
#2171 = VECTOR ( 'NONE', #1922, 1000.000000000000000 ) ;
#2172 = ORIENTED_EDGE ( 'NONE', *, *, #1623, .T. ) ;
#2173 = DIRECTION ( 'NONE',  ( 0.000000000000000000, 0.000000000000000000, -1.000000000000000000 ) ) ;
#2174 = EDGE_CURVE ( 'NONE', #1117, #1159, #4063, .T. ) ;
#2175 = EDGE_CURVE ( 'NONE', #594, #741, #4835, .T. ) ;
#2176 = VECTOR ( 'NONE', #1684, 1000.000000000000000 ) ;
#2177 = AXIS2_PLACEMENT_3D ( 'NONE', #4646, #33, #4669 ) ;
#2178 = CARTESIAN_POINT ( 'NONE',  ( 5.400000000000000355, -4.639999999999999680, 0.2999999999999999889 ) ) ;
#2179 = DIRECTION ( 'NONE',  ( 0.000000000000000000, 0.000000000000000000, 1.000000000000000000 ) ) ;
#2180 = FACE_OUTER_BOUND ( 'NONE', #4862, .T. ) ;
#2181 = ORIENTED_EDGE ( 'NONE', *, *, #284, .T. ) ;
#2182 = VECTOR ( 'NONE', #4825, 1000.000000000000000 ) ;
#2183 = VECTOR ( 'NONE', #2419, 1000.000000000000000 ) ;
#2184 = ORIENTED_EDGE ( 'NONE', *, *, #3685, .F. ) ;
#2185 = EDGE_CURVE ( 'NONE', #4912, #3886, #4390, .T. ) ;
#2186 = VERTEX_POINT ( 'NONE', #2582 ) ;
#2187 = VECTOR ( 'NONE', #4437, 1000.000000000000000 ) ;
#2188 = AXIS2_PLACEMENT_3D ( 'NONE', #438, #1120, #4925 ) ;
#2189 = VECTOR ( 'NONE', #1310, 1000.000000000000000 ) ;
#2190 = ORIENTED_EDGE ( 'NONE', *, *, #3889, .T. ) ;
#2191 = FACE_OUTER_BOUND ( 'NONE', #2332, .T. ) ;
#2192 = DIRECTION ( 'NONE',  ( 0.000000000000000000, 0.000000000000000000, -1.000000000000000000 ) ) ;
#2193 = FACE_OUTER_BOUND ( 'NONE', #382, .T. ) ;
#2194 = CARTESIAN_POINT ( 'NONE',  ( -4.807022324299999205, 10.12000000000000099, -2.899999999999999911 ) ) ;
#2195 = ORIENTED_EDGE ( 'NONE', *, *, #4816, .F. ) ;
#2196 = PLANE ( 'NONE',  #2414 ) ;
#2197 = ORIENTED_EDGE ( 'NONE', *, *, #3928, .F. ) ;
#2198 = PLANE ( 'NONE',  #333 ) ;
#2199 = DIRECTION ( 'NONE',  ( 1.000000000000000000, 0.000000000000000000, 0.000000000000000000 ) ) ;
#2200 = LINE ( 'NONE', #2365, #1604 ) ;
#2201 = ORIENTED_EDGE ( 'NONE', *, *, #2274, .F. ) ;
#2202 = EDGE_CURVE ( 'NONE', #394, #2232, #627, .T. ) ;
#2203 = DIRECTION ( 'NONE',  ( 0.9284766908852662981, -0.3713906763540865685, 0.000000000000000000 ) ) ;
#2204 = ORIENTED_EDGE ( 'NONE', *, *, #1810, .F. ) ;
#2205 = CARTESIAN_POINT ( 'NONE',  ( 2.220000000000000195, 8.580000000000000071, 0.2999999999999999889 ) ) ;
#2206 = ORIENTED_EDGE ( 'NONE', *, *, #3389, .T. ) ;
#2207 = DIRECTION ( 'NONE',  ( 0.000000000000000000, 0.000000000000000000, 1.000000000000000000 ) ) ;
#2208 = LINE ( 'NONE', #1390, #1051 ) ;
#2209 = EDGE_LOOP ( 'NONE', ( #470, #1457, #1491, #2477 ) ) ;
#2210 = EDGE_CURVE ( 'NONE', #3072, #19, #2208, .T. ) ;
#2211 = VERTEX_POINT ( 'NONE', #2908 ) ;
#2212 = ORIENTED_EDGE ( 'NONE', *, *, #1878, .F. ) ;
#2213 = CARTESIAN_POINT ( 'NONE',  ( -2.660000000000000142, 9.080000000000000071, -0.1399999999999999856 ) ) ;
#2214 = DIRECTION ( 'NONE',  ( 0.000000000000000000, -1.000000000000000000, 0.000000000000000000 ) ) ;
#2215 = PLANE ( 'NONE',  #560 ) ;
#2216 = ADVANCED_FACE ( 'NONE', ( #3242 ), #3295, .F. ) ;
#2217 = CARTESIAN_POINT ( 'NONE',  ( 3.850000000000000089, 1.580000000000000071, 0.8249999999999999556 ) ) ;
#2218 = EDGE_LOOP ( 'NONE', ( #677, #2181, #2204, #1342 ) ) ;
#2219 = LINE ( 'NONE', #2025, #2336 ) ;
#2220 = ORIENTED_EDGE ( 'NONE', *, *, #3023, .F. ) ;
#2221 = PLANE ( 'NONE',  #3124 ) ;
#2222 = DIRECTION ( 'NONE',  ( -0.3713906763540865130, 0.9284766908852661871, 0.000000000000000000 ) ) ;
#2223 = VERTEX_POINT ( 'NONE', #276 ) ;
#2224 = DIRECTION ( 'NONE',  ( 0.000000000000000000, 0.000000000000000000, -1.000000000000000000 ) ) ;
#2225 = ORIENTED_EDGE ( 'NONE', *, *, #2788, .T. ) ;
#2226 = DIRECTION ( 'NONE',  ( 0.000000000000000000, 0.000000000000000000, -1.000000000000000000 ) ) ;
#2227 = ADVANCED_FACE ( 'NONE', ( #300 ), #3712, .T. ) ;
#2228 = LINE ( 'NONE', #3020, #3283 ) ;
#2229 = DIRECTION ( 'NONE',  ( 0.000000000000000000, -1.000000000000000000, 0.000000000000000000 ) ) ;
#2230 = EDGE_LOOP ( 'NONE', ( #4930, #3006, #2037, #3025 ) ) ;
#2231 = ORIENTED_EDGE ( 'NONE', *, *, #4808, .T. ) ;
#2232 = VERTEX_POINT ( 'NONE', #3340 ) ;
#2233 = DIRECTION ( 'NONE',  ( -0.3481553119113956485, 0.8703882797784894265, -0.3481553119113956485 ) ) ;
#2234 = EDGE_LOOP ( 'NONE', ( #3594, #4212, #2087, #2713 ) ) ;
#2235 = CARTESIAN_POINT ( 'NONE',  ( 5.919999999999999929, -1.580000000000000071, 2.899999999999999911 ) ) ;
#2236 = CARTESIAN_POINT ( 'NONE',  ( 4.959999999999999964, 9.080000000000000071, 0.09999999999998999967 ) ) ;
#2237 = DIRECTION ( 'NONE',  ( 0.000000000000000000, 1.000000000000000000, 0.000000000000000000 ) ) ;
#2238 = EDGE_CURVE ( 'NONE', #1366, #512, #3641, .T. ) ;
#2239 = EDGE_CURVE ( 'NONE', #3860, #4736, #4421, .T. ) ;
#2240 = EDGE_CURVE ( 'NONE', #4628, #905, #4759, .T. ) ;
#2241 = FACE_OUTER_BOUND ( 'NONE', #2557, .T. ) ;
#2242 = ORIENTED_EDGE ( 'NONE', *, *, #3692, .F. ) ;
#2243 = ORIENTED_EDGE ( 'NONE', *, *, #1347, .T. ) ;
#2244 = AXIS2_PLACEMENT_3D ( 'NONE', #556, #2839, #2406 ) ;
#2245 = CARTESIAN_POINT ( 'NONE',  ( -2.220000000000000195, -4.639999999999999680, 0.2999999999999999889 ) ) ;
#2246 = LINE ( 'NONE', #3037, #2822 ) ;
#2247 = ORIENTED_EDGE ( 'NONE', *, *, #4429, .T. ) ;
#2248 = VECTOR ( 'NONE', #3219, 1000.000000000000000 ) ;
#2249 = VECTOR ( 'NONE', #3613, 1000.000000000000000 ) ;
#2250 = FACE_OUTER_BOUND ( 'NONE', #629, .T. ) ;
#2251 = LINE ( 'NONE', #4062, #3679 ) ;
#2252 = DIRECTION ( 'NONE',  ( 1.000000000000000000, 0.000000000000000000, 0.000000000000000000 ) ) ;
#2253 = ORIENTED_EDGE ( 'NONE', *, *, #761, .F. ) ;
#2254 = VERTEX_POINT ( 'NONE', #2474 ) ;
#2255 = ORIENTED_EDGE ( 'NONE', *, *, #2160, .T. ) ;
#2256 = VECTOR ( 'NONE', #4790, 1000.000000000000000 ) ;
#2257 = VECTOR ( 'NONE', #785, 1000.000000000000000 ) ;
#2258 = CARTESIAN_POINT ( 'NONE',  ( 2.660000000000000142, -5.139999999999999680, 0.09999999999998999967 ) ) ;
#2259 = ORIENTED_EDGE ( 'NONE', *, *, #1075, .F. ) ;
#2260 = FACE_OUTER_BOUND ( 'NONE', #799, .T. ) ;
#2261 = LINE ( 'NONE', #359, #1617 ) ;
#2262 = DIRECTION ( 'NONE',  ( 1.000000000000000000, 0.000000000000000000, 0.000000000000000000 ) ) ;
#2263 = VECTOR ( 'NONE', #3509, 1000.000000000000000 ) ;
#2264 = VECTOR ( 'NONE', #2707, 1000.000000000000000 ) ;
#2265 = ADVANCED_FACE ( 'NONE', ( #4443 ), #1005, .T. ) ;
#2266 = VECTOR ( 'NONE', #4333, 1000.000000000000000 ) ;
#2267 = VECTOR ( 'NONE', #4332, 1000.000000000000000 ) ;
#2268 = VECTOR ( 'NONE', #2979, 1000.000000000000000 ) ;
#2269 = CARTESIAN_POINT ( 'NONE',  ( 4.807022324299999205, 10.12000000000000099, -1.899999999999999911 ) ) ;
#2270 = EDGE_CURVE ( 'NONE', #1513, #3185, #2529, .T. ) ;
#2271 = ORIENTED_EDGE ( 'NONE', *, *, #4227, .T. ) ;
#2272 = DIRECTION ( 'NONE',  ( 0.000000000000000000, 0.000000000000000000, 1.000000000000000000 ) ) ;
#2273 = LINE ( 'NONE', #3332, #2903 ) ;
#2274 = EDGE_CURVE ( 'NONE', #605, #945, #2107, .T. ) ;
#2275 =( LENGTH_UNIT ( ) NAMED_UNIT ( * ) SI_UNIT ( .MILLI., .METRE. ) );
#2276 = ORIENTED_EDGE ( 'NONE', *, *, #392, .F. ) ;
#2277 = CARTESIAN_POINT ( 'NONE',  ( -1.699999999999999956, -0.9399999999999999467, -1.600000000000000089 ) ) ;
#2278 = CARTESIAN_POINT ( 'NONE',  ( -0.8400000000000000799, -1.270000000000000018, -1.600000000000000089 ) ) ;
#2279 = LINE ( 'NONE', #1528, #2737 ) ;
#2280 = ORIENTED_EDGE ( 'NONE', *, *, #4121, .F. ) ;
#2281 = ORIENTED_EDGE ( 'NONE', *, *, #3449, .F. ) ;
#2282 = ORIENTED_EDGE ( 'NONE', *, *, #1425, .T. ) ;
#2283 = LINE ( 'NONE', #3008, #251 ) ;
#2284 = ORIENTED_EDGE ( 'NONE', *, *, #3469, .F. ) ;
#2285 = CARTESIAN_POINT ( 'NONE',  ( -2.220000000000000195, 1.580000000000000071, -0.3400000000000000244 ) ) ;
#2286 = CARTESIAN_POINT ( 'NONE',  ( -0.3200000000000000067, -0.9399999999999999467, 0.2999999999999999889 ) ) ;
#2287 = DIRECTION ( 'NONE',  ( -1.000000000000000000, 0.000000000000000000, 0.000000000000000000 ) ) ;
#2288 = LINE ( 'NONE', #380, #695 ) ;
#2289 = FACE_OUTER_BOUND ( 'NONE', #3361, .T. ) ;
#2290 = ORIENTED_EDGE ( 'NONE', *, *, #4710, .F. ) ;
#2291 = VECTOR ( 'NONE', #3747, 999.9999999999998863 ) ;
#2292 = EDGE_CURVE ( 'NONE', #823, #1013, #1363, .T. ) ;
#2293 = PLANE ( 'NONE',  #891 ) ;
#2294 = CARTESIAN_POINT ( 'NONE',  ( -2.860000000000000320, -0.9399999999999999467, 0.2999999999999999889 ) ) ;
#2295 = EDGE_CURVE ( 'NONE', #936, #2628, #1752, .T. ) ;
#2296 = ORIENTED_EDGE ( 'NONE', *, *, #2167, .T. ) ;
#2297 = EDGE_CURVE ( 'NONE', #867, #4873, #1027, .T. ) ;
#2298 = ADVANCED_FACE ( 'NONE', ( #2180 ), #3690, .F. ) ;
#2299 = DIRECTION ( 'NONE',  ( 0.000000000000000000, 1.000000000000000000, 0.000000000000000000 ) ) ;
#2300 = CARTESIAN_POINT ( 'NONE',  ( -0.3200000000000000067, 8.580000000000000071, 0.2999999999999999889 ) ) ;
#2301 = LINE ( 'NONE', #420, #1218 ) ;
#2302 = EDGE_LOOP ( 'NONE', ( #2994, #1182, #2508, #3539 ) ) ;
#2303 = ORIENTED_EDGE ( 'NONE', *, *, #2658, .T. ) ;
#2304 = LINE ( 'NONE', #1181, #3040 ) ;
#2305 = ORIENTED_EDGE ( 'NONE', *, *, #515, .T. ) ;
#2306 = DIRECTION ( 'NONE',  ( 1.000000000000000000, 0.000000000000000000, 0.000000000000000000 ) ) ;
#2307 = CARTESIAN_POINT ( 'NONE',  ( 0.9650000000000000799, -1.580000000000000071, 0.7299999999999999822 ) ) ;
#2308 = LINE ( 'NONE', #2331, #4387 ) ;
#2309 = CARTESIAN_POINT ( 'NONE',  ( 2.860000000000000320, 8.580000000000000071, 0.2999999999999999889 ) ) ;
#2310 = DIRECTION ( 'NONE',  ( -1.000000000000000000, 0.000000000000000000, 0.000000000000000000 ) ) ;
#2311 = EDGE_LOOP ( 'NONE', ( #765, #519, #3796, #3866 ) ) ;
#2312 = LINE ( 'NONE', #4923, #579 ) ;
#2313 =( NAMED_UNIT ( * ) PLANE_ANGLE_UNIT ( ) SI_UNIT ( $, .RADIAN. ) );
#2314 = ORIENTED_EDGE ( 'NONE', *, *, #1843, .F. ) ;
#2315 = EDGE_CURVE ( 'NONE', #3966, #931, #322, .T. ) ;
#2316 = EDGE_CURVE ( 'NONE', #4852, #1334, #4513, .T. ) ;
#2317 = PLANE ( 'NONE',  #4251 ) ;
#2318 = DIRECTION ( 'NONE',  ( 0.9284766908852662981, -0.3713906763540865685, 0.000000000000000000 ) ) ;
#2319 = PLANE ( 'NONE',  #4795 ) ;
#2320 = CARTESIAN_POINT ( 'NONE',  ( 2.220000000000000195, -4.639999999999999680, 0.2999999999999999889 ) ) ;
#2321 = AXIS2_PLACEMENT_3D ( 'NONE', #30, #837, #1824 ) ;
#2322 = ORIENTED_EDGE ( 'NONE', *, *, #4236, .T. ) ;
#2323 = EDGE_CURVE ( 'NONE', #2186, #4557, #4141, .T. ) ;
#2324 = EDGE_CURVE ( 'NONE', #3942, #1553, #14, .T. ) ;
#2325 = VERTEX_POINT ( 'NONE', #390 ) ;
#2326 = VECTOR ( 'NONE', #501, 1000.000000000000000 ) ;
#2327 = FACE_BOUND ( 'NONE', #4391, .T. ) ;
#2328 = ORIENTED_EDGE ( 'NONE', *, *, #4745, .F. ) ;
#2329 = CARTESIAN_POINT ( 'NONE',  ( 5.400000000000000355, 0.000000000000000000, 0.000000000000000000 ) ) ;
#2330 = CARTESIAN_POINT ( 'NONE',  ( 0.8400000000000000799, -0.9399999999999999467, 0.8249999999999999556 ) ) ;
#2331 = CARTESIAN_POINT ( 'NONE',  ( 2.220000000000000195, 1.580000000000000071, 0.2999999999999999889 ) ) ;
#2332 = EDGE_LOOP ( 'NONE', ( #2740, #3827, #1812, #2484 ) ) ;
#2333 = VECTOR ( 'NONE', #1751, 1000.000000000000000 ) ;
#2334 = VECTOR ( 'NONE', #3396, 1000.000000000000000 ) ;
#2335 = EDGE_CURVE ( 'NONE', #1013, #4120, #4532, .T. ) ;
#2336 = VECTOR ( 'NONE', #3930, 1000.000000000000000 ) ;
#2337 = VECTOR ( 'NONE', #510, 1000.000000000000000 ) ;
#2338 = DIRECTION ( 'NONE',  ( 0.000000000000000000, -0.3713906763540865685, -0.9284766908852662981 ) ) ;
#2339 = CARTESIAN_POINT ( 'NONE',  ( 4.959999999999999964, 9.080000000000000071, -0.1399999999999999856 ) ) ;
#2340 = ORIENTED_EDGE ( 'NONE', *, *, #4689, .T. ) ;
#2341 = VECTOR ( 'NONE', #2499, 1000.000000000000000 ) ;
#2342 = VECTOR ( 'NONE', #3301, 1000.000000000000000 ) ;
#2343 = VECTOR ( 'NONE', #2169, 1000.000000000000000 ) ;
#2344 = PLANE ( 'NONE',  #1937 ) ;
#2345 = VECTOR ( 'NONE', #3486, 1000.000000000000000 ) ;
#2346 = VERTEX_POINT ( 'NONE', #2320 ) ;
#2347 = CARTESIAN_POINT ( 'NONE',  ( -5.919999999999999929, -1.580000000000000071, 2.899999999999999911 ) ) ;
#2348 = LINE ( 'NONE', #1598, #669 ) ;
#2349 = PLANE ( 'NONE',  #3296 ) ;
#2350 = DIRECTION ( 'NONE',  ( 1.000000000000000000, 0.000000000000000000, 0.000000000000000000 ) ) ;
#2351 = PLANE ( 'NONE',  #3360 ) ;
#2352 = ORIENTED_EDGE ( 'NONE', *, *, #1291, .T. ) ;
#2353 = ORIENTED_EDGE ( 'NONE', *, *, #634, .T. ) ;
#2354 = EDGE_CURVE ( 'NONE', #2836, #2126, #1508, .T. ) ;
#2355 = CARTESIAN_POINT ( 'NONE',  ( -0.9650000000000000799, 1.580000000000000071, -0.7699999999999999067 ) ) ;
#2356 = ORIENTED_EDGE ( 'NONE', *, *, #1570, .T. ) ;
#2357 = CARTESIAN_POINT ( 'NONE',  ( -0.3200000000000000067, 1.580000000000000071, 0.2999999999999999889 ) ) ;
#2358 = DIRECTION ( 'NONE',  ( -1.000000000000000000, 0.000000000000000000, 0.000000000000000000 ) ) ;
#2359 = DIRECTION ( 'NONE',  ( 1.000000000000000000, 0.000000000000000000, 0.000000000000000000 ) ) ;
#2360 = VERTEX_POINT ( 'NONE', #725 ) ;
#2361 = UNCERTAINTY_MEASURE_WITH_UNIT (LENGTH_MEASURE( 1.000000000000000082E-05 ), #2275, 'distance_accuracy_value', 'NONE');
#2362 = EDGE_CURVE ( 'NONE', #396, #4607, #4929, .T. ) ;
#2363 = ORIENTED_EDGE ( 'NONE', *, *, #1714, .T. ) ;
#2364 = PLANE ( 'NONE',  #3597 ) ;
#2365 = CARTESIAN_POINT ( 'NONE',  ( 2.860000000000000320, 1.580000000000000071, -0.3400000000000000244 ) ) ;
#2366 = ORIENTED_EDGE ( 'NONE', *, *, #1816, .F. ) ;
#2367 = CARTESIAN_POINT ( 'NONE',  ( -5.080000000000000071, 1.580000000000000071, -1.300000000000000044 ) ) ;
#2368 = FACE_OUTER_BOUND ( 'NONE', #3511, .T. ) ;
#2369 = ORIENTED_EDGE ( 'NONE', *, *, #1194, .F. ) ;
#2370 = DIRECTION ( 'NONE',  ( 0.000000000000000000, 0.000000000000000000, -1.000000000000000000 ) ) ;
#2371 = CARTESIAN_POINT ( 'NONE',  ( -2.860000000000000320, -5.139999999999999680, -0.3400000000000000244 ) ) ;
#2372 = FACE_OUTER_BOUND ( 'NONE', #3266, .T. ) ;
#2373 = FACE_OUTER_BOUND ( 'NONE', #224, .T. ) ;
#2374 = PLANE ( 'NONE',  #3998 ) ;
#2375 = ORIENTED_EDGE ( 'NONE', *, *, #3201, .T. ) ;
#2376 = EDGE_CURVE ( 'NONE', #2791, #2101, #1558, .T. ) ;
#2377 = CARTESIAN_POINT ( 'NONE',  ( 0.8400000000000000799, -0.9399999999999999467, 0.8249999999999999556 ) ) ;
#2378 = DIRECTION ( 'NONE',  ( 0.000000000000000000, 0.000000000000000000, -1.000000000000000000 ) ) ;
#2379 = FACE_BOUND ( 'NONE', #2525, .T. ) ;
#2380 = CARTESIAN_POINT ( 'NONE',  ( -1.699999999999999956, -0.9399999999999999467, -2.899999999999999911 ) ) ;
#2381 = ORIENTED_EDGE ( 'NONE', *, *, #715, .F. ) ;
#2382 = ORIENTED_EDGE ( 'NONE', *, *, #3032, .F. ) ;
#2383 = DIRECTION ( 'NONE',  ( 0.000000000000000000, -1.000000000000000000, 0.000000000000000000 ) ) ;
#2384 = DIRECTION ( 'NONE',  ( 0.000000000000000000, 0.000000000000000000, 1.000000000000000000 ) ) ;
#2385 = EDGE_CURVE ( 'NONE', #2017, #2628, #1104, .T. ) ;
#2386 = ORIENTED_EDGE ( 'NONE', *, *, #3837, .F. ) ;
#2387 = EDGE_CURVE ( 'NONE', #1292, #2489, #2279, .T. ) ;
#2388 = PLANE ( 'NONE',  #4078 ) ;
#2389 = ORIENTED_EDGE ( 'NONE', *, *, #3462, .T. ) ;
#2390 = ADVANCED_FACE ( 'NONE', ( #4857 ), #774, .T. ) ;
#2391 = DIRECTION ( 'NONE',  ( 0.000000000000000000, 0.000000000000000000, -1.000000000000000000 ) ) ;
#2392 = DIRECTION ( 'NONE',  ( -0.3481553119113956485, 0.8703882797784894265, -0.3481553119113956485 ) ) ;
#2393 = CARTESIAN_POINT ( 'NONE',  ( 0.3200000000000000067, 8.580000000000000071, -0.3400000000000000244 ) ) ;
#2394 = FACE_OUTER_BOUND ( 'NONE', #3214, .T. ) ;
#2395 = ORIENTED_EDGE ( 'NONE', *, *, #4452, .F. ) ;
#2396 = CARTESIAN_POINT ( 'NONE',  ( 1.699999999999999956, -0.9399999999999999467, 1.600000000000000089 ) ) ;
#2397 = VECTOR ( 'NONE', #4335, 1000.000000000000000 ) ;
#2398 = DIRECTION ( 'NONE',  ( 1.000000000000000000, 0.000000000000000000, 0.000000000000000000 ) ) ;
#2399 = DIRECTION ( 'NONE',  ( 0.000000000000000000, 1.000000000000000000, 0.000000000000000000 ) ) ;
#2400 = DIRECTION ( 'NONE',  ( 0.000000000000000000, 0.000000000000000000, 1.000000000000000000 ) ) ;
#2401 = CARTESIAN_POINT ( 'NONE',  ( 4.760000000000000675, 9.080000000000000071, -0.3400000000000000244 ) ) ;
#2402 = ORIENTED_EDGE ( 'NONE', *, *, #2110, .T. ) ;
#2403 = VECTOR ( 'NONE', #2760, 1000.000000000000000 ) ;
#2404 = EDGE_LOOP ( 'NONE', ( #2596, #1464, #639, #1873 ) ) ;
#2405 = DIRECTION ( 'NONE',  ( 0.000000000000000000, 0.000000000000000000, -1.000000000000000000 ) ) ;
#2406 = DIRECTION ( 'NONE',  ( 0.000000000000000000, -1.000000000000000000, 0.000000000000000000 ) ) ;
#2407 = VECTOR ( 'NONE', #968, 1000.000000000000114 ) ;
#2408 = ORIENTED_EDGE ( 'NONE', *, *, #3026, .F. ) ;
#2409 = VECTOR ( 'NONE', #4820, 1000.000000000000000 ) ;
#2410 = VECTOR ( 'NONE', #237, 1000.000000000000000 ) ;
#2411 = DIRECTION ( 'NONE',  ( 0.000000000000000000, 0.000000000000000000, -1.000000000000000000 ) ) ;
#2412 = EDGE_CURVE ( 'NONE', #796, #1530, #1086, .T. ) ;
#2413 = ORIENTED_EDGE ( 'NONE', *, *, #4903, .T. ) ;
#2414 = AXIS2_PLACEMENT_3D ( 'NONE', #2891, #3651, #1717 ) ;
#2415 = AXIS2_PLACEMENT_3D ( 'NONE', #870, #2002, #499 ) ;
#2416 = ORIENTED_EDGE ( 'NONE', *, *, #210, .F. ) ;
#2417 = VECTOR ( 'NONE', #1694, 1000.000000000000000 ) ;
#2418 = PLANE ( 'NONE',  #4881 ) ;
#2419 = DIRECTION ( 'NONE',  ( 1.000000000000000000, 0.000000000000000000, 0.000000000000000000 ) ) ;
#2420 = ADVANCED_FACE ( 'NONE', ( #3043 ), #3071, .T. ) ;
#2421 = CARTESIAN_POINT ( 'NONE',  ( -5.080000000000000071, 8.830000000000000071, 0.2000000000000000111 ) ) ;
#2422 = DIRECTION ( 'NONE',  ( -0.000000000000000000, 0.3713906763540865685, 0.9284766908852662981 ) ) ;
#2423 = ORIENTED_EDGE ( 'NONE', *, *, #831, .T. ) ;
#2424 = DIRECTION ( 'NONE',  ( -1.000000000000000000, 0.000000000000000000, 0.000000000000000000 ) ) ;
#2425 = AXIS2_PLACEMENT_3D ( 'NONE', #517, #1650, #3557 ) ;
#2426 = CARTESIAN_POINT ( 'NONE',  ( -5.400000000000000355, -4.639999999999999680, 0.2999999999999999889 ) ) ;
#2427 = CARTESIAN_POINT ( 'NONE',  ( 4.807022324299999205, 10.12000000000000099, -2.899999999999999911 ) ) ;
#2428 = DIRECTION ( 'NONE',  ( 0.000000000000000000, 0.000000000000000000, 1.000000000000000000 ) ) ;
#2429 = CARTESIAN_POINT ( 'NONE',  ( 2.419999999999999929, -5.139999999999999680, 0.09999999999998999967 ) ) ;
#2430 = ORIENTED_EDGE ( 'NONE', *, *, #4152, .F. ) ;
#2431 = EDGE_LOOP ( 'NONE', ( #3024, #1739, #1669, #4242 ) ) ;
#2432 = ORIENTED_EDGE ( 'NONE', *, *, #2691, .F. ) ;
#2433 = LINE ( 'NONE', #3624, #3754 ) ;
#2434 = DIRECTION ( 'NONE',  ( -1.000000000000000000, 0.000000000000000000, 0.000000000000000000 ) ) ;
#2435 = EDGE_LOOP ( 'NONE', ( #2163, #1509, #4478, #4517 ) ) ;
#2436 = LINE ( 'NONE', #1573, #1302 ) ;
#2437 = ORIENTED_EDGE ( 'NONE', *, *, #3653, .T. ) ;
#2438 = ORIENTED_EDGE ( 'NONE', *, *, #4456, .T. ) ;
#2439 = EDGE_CURVE ( 'NONE', #1709, #1674, #1490, .T. ) ;
#2440 = DIRECTION ( 'NONE',  ( 1.000000000000000000, 0.000000000000000000, 0.000000000000000000 ) ) ;
#2441 = CARTESIAN_POINT ( 'NONE',  ( 5.080000000000000071, 2.180000000000000160, -1.899999999999999911 ) ) ;
#2442 = PLANE ( 'NONE',  #402 ) ;
#2443 = PLANE ( 'NONE',  #4230 ) ;
#2444 = ORIENTED_EDGE ( 'NONE', *, *, #3267, .F. ) ;
#2445 = CARTESIAN_POINT ( 'NONE',  ( -0.1200000000000000094, 9.080000000000000071, -0.1399999999999999856 ) ) ;
#2446 = EDGE_CURVE ( 'NONE', #126, #2223, #752, .T. ) ;
#2447 = EDGE_CURVE ( 'NONE', #1223, #4424, #1157, .T. ) ;
#2448 = CARTESIAN_POINT ( 'NONE',  ( 2.759999999999999787, -4.890000000000000568, -0.02000000000000000042 ) ) ;
#2449 = CARTESIAN_POINT ( 'NONE',  ( 1.699999999999999956, -1.270000000000000018, 1.600000000000000089 ) ) ;
#2450 = DIRECTION ( 'NONE',  ( 1.000000000000000000, 0.000000000000000000, 0.000000000000000000 ) ) ;
#2451 = CARTESIAN_POINT ( 'NONE',  ( -0.1200000000000000094, -5.139999999999999680, -0.1399999999999999856 ) ) ;
#2452 = ORIENTED_EDGE ( 'NONE', *, *, #3000, .T. ) ;
#2453 = VERTEX_POINT ( 'NONE', #2680 ) ;
#2454 = VERTEX_POINT ( 'NONE', #4210 ) ;
#2455 = FILL_AREA_STYLE ('',( #4595 ) ) ;
#2456 = LINE ( 'NONE', #3573, #407 ) ;
#2457 = DIRECTION ( 'NONE',  ( -1.000000000000000000, 0.000000000000000000, 0.000000000000000000 ) ) ;
#2458 = EDGE_LOOP ( 'NONE', ( #253, #1110, #2381, #376 ) ) ;
#2459 = CARTESIAN_POINT ( 'NONE',  ( -1.699999999999999956, -0.9399999999999999467, -2.899999999999999911 ) ) ;
#2460 = ORIENTED_EDGE ( 'NONE', *, *, #3714, .T. ) ;
#2461 = CARTESIAN_POINT ( 'NONE',  ( 5.080000000000000071, 1.580000000000000071, -2.899999999999999911 ) ) ;
#2462 = EDGE_LOOP ( 'NONE', ( #4199, #3979, #4043, #1375 ) ) ;
#2463 = CARTESIAN_POINT ( 'NONE',  ( -5.080000000000000071, 9.369999999999999218, -2.899999999999999911 ) ) ;
#2464 = PLANE ( 'NONE',  #2985 ) ;
#2465 = DIRECTION ( 'NONE',  ( 0.000000000000000000, 1.000000000000000000, 0.000000000000000000 ) ) ;
#2466 = FACE_OUTER_BOUND ( 'NONE', #1018, .T. ) ;
#2467 = ORIENTED_EDGE ( 'NONE', *, *, #4237, .T. ) ;
#2468 = EDGE_CURVE ( 'NONE', #3790, #2360, #2301, .T. ) ;
#2469 = FACE_OUTER_BOUND ( 'NONE', #4654, .T. ) ;
#2470 = ADVANCED_FACE ( 'NONE', ( #3736 ), #2351, .F. ) ;
#2471 = CARTESIAN_POINT ( 'NONE',  ( -6.349999999999999645, -1.580000000000000071, 2.899999999999999911 ) ) ;
#2472 = CARTESIAN_POINT ( 'NONE',  ( -0.1200000000000000094, -5.139999999999999680, 0.09999999999998999967 ) ) ;
#2473 = CARTESIAN_POINT ( 'NONE',  ( -5.200000000000000178, 9.080000000000000071, 0.09999999999998999967 ) ) ;
#2474 = CARTESIAN_POINT ( 'NONE',  ( -5.919999999999999929, -1.580000000000000071, 2.899999999999999911 ) ) ;
#2475 = ORIENTED_EDGE ( 'NONE', *, *, #3385, .F. ) ;
#2476 = ADVANCED_FACE ( 'NONE', ( #444 ), #2795, .T. ) ;
#2477 = ORIENTED_EDGE ( 'NONE', *, *, #4019, .F. ) ;
#2478 = AXIS2_PLACEMENT_3D ( 'NONE', #763, #4084, #3081 ) ;
#2479 = ORIENTED_EDGE ( 'NONE', *, *, #715, .T. ) ;
#2480 = FACE_OUTER_BOUND ( 'NONE', #3781, .T. ) ;
#2481 = PLANE ( 'NONE',  #85 ) ;
#2482 = DIRECTION ( 'NONE',  ( 1.000000000000000000, 0.000000000000000000, 0.000000000000000000 ) ) ;
#2483 = ADVANCED_FACE ( 'NONE', ( #4307 ), #1232, .T. ) ;
#2484 = ORIENTED_EDGE ( 'NONE', *, *, #1714, .F. ) ;
#2485 = VECTOR ( 'NONE', #777, 1000.000000000000000 ) ;
#2486 = FACE_OUTER_BOUND ( 'NONE', #1596, .T. ) ;
#2487 = ORIENTED_EDGE ( 'NONE', *, *, #308, .F. ) ;
#2488 = CARTESIAN_POINT ( 'NONE',  ( -5.400000000000000355, -4.639999999999999680, 0.2999999999999999889 ) ) ;
#2489 = VERTEX_POINT ( 'NONE', #3459 ) ;
#2490 = VECTOR ( 'NONE', #1608, 1000.000000000000000 ) ;
#2491 = VECTOR ( 'NONE', #1020, 1000.000000000000000 ) ;
#2492 = CARTESIAN_POINT ( 'NONE',  ( 1.699999999999999956, -1.580000000000000071, 2.899999999999999911 ) ) ;
#2493 = VECTOR ( 'NONE', #1282, 1000.000000000000000 ) ;
#2494 = AXIS2_PLACEMENT_3D ( 'NONE', #3217, #4733, #87 ) ;
#2495 = DIRECTION ( 'NONE',  ( 0.000000000000000000, -1.000000000000000000, 0.000000000000000000 ) ) ;
#2496 = DIRECTION ( 'NONE',  ( 0.000000000000000000, 1.000000000000000000, 0.000000000000000000 ) ) ;
#2497 = CARTESIAN_POINT ( 'NONE',  ( 5.080000000000000071, 1.580000000000000071, -1.300000000000000044 ) ) ;
#2498 = VERTEX_POINT ( 'NONE', #2028 ) ;
#2499 = DIRECTION ( 'NONE',  ( 0.000000000000000000, -1.000000000000000000, 0.000000000000000000 ) ) ;
#2500 =( GEOMETRIC_REPRESENTATION_CONTEXT ( 3 ) GLOBAL_UNCERTAINTY_ASSIGNED_CONTEXT ( ( #1476 ) ) GLOBAL_UNIT_ASSIGNED_CONTEXT ( ( #1917, #2313, #1990 ) ) REPRESENTATION_CONTEXT ( 'NONE', 'WORKASPACE' ) );
#2501 = VECTOR ( 'NONE', #2949, 999.9999999999998863 ) ;
#2502 = VECTOR ( 'NONE', #3721, 1000.000000000000000 ) ;
#2503 = LINE ( 'NONE', #2075, #1874 ) ;
#2504 = CARTESIAN_POINT ( 'NONE',  ( 2.860000000000000320, -4.639999999999999680, 0.2999999999999999889 ) ) ;
#2505 = DIRECTION ( 'NONE',  ( -1.000000000000000000, 0.000000000000000000, 0.000000000000000000 ) ) ;
#2506 = VERTEX_POINT ( 'NONE', #3558 ) ;
#2507 = VECTOR ( 'NONE', #2930, 1000.000000000000000 ) ;
#2508 = ORIENTED_EDGE ( 'NONE', *, *, #1401, .F. ) ;
#2509 = EDGE_CURVE ( 'NONE', #4108, #3383, #4627, .T. ) ;
#2510 = ORIENTED_EDGE ( 'NONE', *, *, #4383, .F. ) ;
#2511 = PLANE ( 'NONE',  #3680 ) ;
#2512 = LINE ( 'NONE', #934, #4870 ) ;
#2513 = LINE ( 'NONE', #307, #2562 ) ;
#2514 = VERTEX_POINT ( 'NONE', #136 ) ;
#2515 = ORIENTED_EDGE ( 'NONE', *, *, #79, .F. ) ;
#2516 = ADVANCED_FACE ( 'NONE', ( #2394 ), #2443, .T. ) ;
#2517 = CARTESIAN_POINT ( 'NONE',  ( -1.574999999999999956, 1.580000000000000071, 0.7299999999999999822 ) ) ;
#2518 = ORIENTED_EDGE ( 'NONE', *, *, #1147, .F. ) ;
#2519 = LINE ( 'NONE', #4282, #1546 ) ;
#2520 = ORIENTED_EDGE ( 'NONE', *, *, #2599, .T. ) ;
#2521 = DIRECTION ( 'NONE',  ( 1.000000000000000000, 0.000000000000000000, 0.000000000000000000 ) ) ;
#2522 = DIRECTION ( 'NONE',  ( 0.000000000000000000, 0.000000000000000000, -1.000000000000000000 ) ) ;
#2523 = CARTESIAN_POINT ( 'NONE',  ( 2.860000000000000320, -4.639999999999999680, 0.2999999999999999889 ) ) ;
#2524 = LINE ( 'NONE', #598, #3598 ) ;
#2525 = EDGE_LOOP ( 'NONE', ( #1173, #4394, #1894, #3700 ) ) ;
#2526 = DIRECTION ( 'NONE',  ( 0.000000000000000000, 0.000000000000000000, -1.000000000000000000 ) ) ;
#2527 = CARTESIAN_POINT ( 'NONE',  ( 3.380000000000000338, -0.9399999999999999467, 1.600000000000000089 ) ) ;
#2528 = DIRECTION ( 'NONE',  ( -1.000000000000000000, 0.000000000000000000, 0.000000000000000000 ) ) ;
#2529 = LINE ( 'NONE', #248, #1295 ) ;
#2530 = ORIENTED_EDGE ( 'NONE', *, *, #393, .T. ) ;
#2531 = ADVANCED_FACE ( 'NONE', ( #492 ), #539, .F. ) ;
#2532 = ORIENTED_EDGE ( 'NONE', *, *, #764, .T. ) ;
#2533 = FACE_OUTER_BOUND ( 'NONE', #3230, .T. ) ;
#2534 = LINE ( 'NONE', #4045, #2656 ) ;
#2535 = CARTESIAN_POINT ( 'NONE',  ( 0.3200000000000000067, 0.000000000000000000, 0.000000000000000000 ) ) ;
#2536 = VERTEX_POINT ( 'NONE', #3879 ) ;
#2537 = EDGE_CURVE ( 'NONE', #4293, #4885, #4336, .T. ) ;
#2538 = CARTESIAN_POINT ( 'NONE',  ( -2.860000000000000320, 0.000000000000000000, 0.000000000000000000 ) ) ;
#2539 = EDGE_LOOP ( 'NONE', ( #687, #293, #4932, #4894 ) ) ;
#2540 = CARTESIAN_POINT ( 'NONE',  ( 3.380000000000000338, -1.270000000000000018, 0.8249999999999999556 ) ) ;
#2541 = EDGE_CURVE ( 'NONE', #3790, #1255, #822, .T. ) ;
#2542 = EDGE_CURVE ( 'NONE', #4670, #2880, #866, .T. ) ;
#2543 = ORIENTED_EDGE ( 'NONE', *, *, #3469, .T. ) ;
#2544 = CARTESIAN_POINT ( 'NONE',  ( 4.114999999999999325, -1.580000000000000071, 0.7299999999999999822 ) ) ;
#2545 = CARTESIAN_POINT ( 'NONE',  ( -2.220000000000000195, -4.639999999999999680, -0.3400000000000000244 ) ) ;
#2546 = CARTESIAN_POINT ( 'NONE',  ( 4.760000000000000675, 8.580000000000000071, -0.3400000000000000244 ) ) ;
#2547 = ORIENTED_EDGE ( 'NONE', *, *, #1401, .T. ) ;
#2548 = ADVANCED_FACE ( 'NONE', ( #3484 ), #2723, .T. ) ;
#2549 = DIRECTION ( 'NONE',  ( 0.000000000000000000, 0.000000000000000000, -1.000000000000000000 ) ) ;
#2550 = ORIENTED_EDGE ( 'NONE', *, *, #1708, .T. ) ;
#2551 = DIRECTION ( 'NONE',  ( -1.000000000000000000, 0.000000000000000000, 0.000000000000000000 ) ) ;
#2552 = DIRECTION ( 'NONE',  ( -1.000000000000000000, 0.000000000000000000, 0.000000000000000000 ) ) ;
#2553 = CARTESIAN_POINT ( 'NONE',  ( -2.660000000000000142, 9.080000000000000071, 0.09999999999998999967 ) ) ;
#2554 = VERTEX_POINT ( 'NONE', #3184 ) ;
#2555 = ORIENTED_EDGE ( 'NONE', *, *, #2688, .T. ) ;
#2556 = ORIENTED_EDGE ( 'NONE', *, *, #2376, .T. ) ;
#2557 = EDGE_LOOP ( 'NONE', ( #506, #1940, #3738, #4220 ) ) ;
#2558 = LINE ( 'NONE', #3994, #2502 ) ;
#2559 = DIRECTION ( 'NONE',  ( -1.000000000000000000, 0.000000000000000000, 0.000000000000000000 ) ) ;
#2560 = CARTESIAN_POINT ( 'NONE',  ( -4.760000000000000675, 0.000000000000000000, 0.000000000000000000 ) ) ;
#2561 = LINE ( 'NONE', #4545, #4831 ) ;
#2562 = VECTOR ( 'NONE', #283, 1000.000000000000000 ) ;
#2563 = ORIENTED_EDGE ( 'NONE', *, *, #859, .F. ) ;
#2564 = CARTESIAN_POINT ( 'NONE',  ( -6.349999999999999645, -1.270000000000000018, 0.000000000000000000 ) ) ;
#2565 = VERTEX_POINT ( 'NONE', #1578 ) ;
#2566 = VECTOR ( 'NONE', #222, 1000.000000000000000 ) ;
#2567 = EDGE_CURVE ( 'NONE', #952, #1905, #1976, .T. ) ;
#2568 = CARTESIAN_POINT ( 'NONE',  ( 5.400000000000000355, -0.9399999999999999467, 0.2999999999999999889 ) ) ;
#2569 = CARTESIAN_POINT ( 'NONE',  ( -2.660000000000000142, -5.139999999999999680, 0.09999999999998999967 ) ) ;
#2570 = DIRECTION ( 'NONE',  ( 1.000000000000000000, 0.000000000000000000, 0.000000000000000000 ) ) ;
#2571 = VECTOR ( 'NONE', #4427, 1000.000000000000000 ) ;
#2572 = VECTOR ( 'NONE', #4603, 1000.000000000000000 ) ;
#2573 = ORIENTED_EDGE ( 'NONE', *, *, #581, .F. ) ;
#2574 = CARTESIAN_POINT ( 'NONE',  ( -2.860000000000000320, 8.580000000000000071, 0.2999999999999999889 ) ) ;
#2575 = EDGE_LOOP ( 'NONE', ( #3328, #4181, #4539, #826 ) ) ;
#2576 = ADVANCED_FACE ( 'NONE', ( #846 ), #2374, .F. ) ;
#2577 = VECTOR ( 'NONE', #1863, 999.9999999999998863 ) ;
#2578 = AXIS2_PLACEMENT_3D ( 'NONE', #3103, #4617, #1219 ) ;
#2579 = ADVANCED_FACE ( 'NONE', ( #4283 ), #3899, .T. ) ;
#2580 = CARTESIAN_POINT ( 'NONE',  ( 1.699999999999999956, -0.9399999999999999467, 2.899999999999999911 ) ) ;
#2581 = DIRECTION ( 'NONE',  ( 0.000000000000000000, 0.000000000000000000, 1.000000000000000000 ) ) ;
#2582 = CARTESIAN_POINT ( 'NONE',  ( -0.8400000000000000799, -0.9399999999999999467, 1.600000000000000089 ) ) ;
#2583 = VERTEX_POINT ( 'NONE', #4675 ) ;
#2584 = AXIS2_PLACEMENT_3D ( 'NONE', #3042, #2679, #419 ) ;
#2585 = AXIS2_PLACEMENT_3D ( 'NONE', #1092, #4501, #1135 ) ;
#2586 = ORIENTED_EDGE ( 'NONE', *, *, #2412, .F. ) ;
#2587 = MECHANICAL_DESIGN_GEOMETRIC_PRESENTATION_REPRESENTATION (  '', ( #4250 ), #2500 ) ;
#2588 = VECTOR ( 'NONE', #2526, 1000.000000000000000 ) ;
#2589 = VECTOR ( 'NONE', #2000, 1000.000000000000000 ) ;
#2590 = ORIENTED_EDGE ( 'NONE', *, *, #1190, .T. ) ;
#2591 = LINE ( 'NONE', #4789, #1475 ) ;
#2592 = CARTESIAN_POINT ( 'NONE',  ( -4.240000000000000213, -0.9399999999999999467, -2.899999999999999911 ) ) ;
#2593 = CARTESIAN_POINT ( 'NONE',  ( 2.220000000000000195, 8.580000000000000071, -0.3400000000000000244 ) ) ;
#2594 = VECTOR ( 'NONE', #782, 1000.000000000000000 ) ;
#2595 = DIRECTION ( 'NONE',  ( 0.000000000000000000, 0.000000000000000000, -1.000000000000000000 ) ) ;
#2596 = ORIENTED_EDGE ( 'NONE', *, *, #3350, .F. ) ;
#2597 = DIRECTION ( 'NONE',  ( 0.000000000000000000, 1.000000000000000000, 0.000000000000000000 ) ) ;
#2598 = ORIENTED_EDGE ( 'NONE', *, *, #1895, .F. ) ;
#2599 = EDGE_CURVE ( 'NONE', #3726, #717, #1305, .T. ) ;
#2600 = FACE_OUTER_BOUND ( 'NONE', #1662, .T. ) ;
#2601 = DIRECTION ( 'NONE',  ( 0.000000000000000000, 0.000000000000000000, 1.000000000000000000 ) ) ;
#2602 = CARTESIAN_POINT ( 'NONE',  ( 4.760000000000000675, 8.580000000000000071, -0.3400000000000000244 ) ) ;
#2603 = ORIENTED_EDGE ( 'NONE', *, *, #4745, .T. ) ;
#2604 = CARTESIAN_POINT ( 'NONE',  ( 4.760000000000000675, 9.080000000000000071, 0.2999999999999999889 ) ) ;
#2605 = ORIENTED_EDGE ( 'NONE', *, *, #993, .F. ) ;
#2606 = ADVANCED_FACE ( 'NONE', ( #1746 ), #1380, .T. ) ;
#2607 = EDGE_CURVE ( 'NONE', #4050, #4270, #622, .T. ) ;
#2608 = LINE ( 'NONE', #2205, #102 ) ;
#2609 = ORIENTED_EDGE ( 'NONE', *, *, #4019, .T. ) ;
#2610 = DIRECTION ( 'NONE',  ( 0.000000000000000000, 0.000000000000000000, -1.000000000000000000 ) ) ;
#2611 = DIRECTION ( 'NONE',  ( 1.000000000000000000, 0.000000000000000000, 0.000000000000000000 ) ) ;
#2612 = VERTEX_POINT ( 'NONE', #3213 ) ;
#2613 = ADVANCED_FACE ( 'NONE', ( #2466 ), #195, .T. ) ;
#2614 = EDGE_CURVE ( 'NONE', #4604, #1373, #4035, .T. ) ;
#2615 = ORIENTED_EDGE ( 'NONE', *, *, #1224, .F. ) ;
#2616 = ORIENTED_EDGE ( 'NONE', *, *, #1591, .F. ) ;
#2617 = LINE ( 'NONE', #1514, #3671 ) ;
#2618 = VERTEX_POINT ( 'NONE', #4729 ) ;
#2619 = DIRECTION ( 'NONE',  ( 0.000000000000000000, 1.000000000000000000, 0.000000000000000000 ) ) ;
#2620 = FACE_OUTER_BOUND ( 'NONE', #3118, .T. ) ;
#2621 = CARTESIAN_POINT ( 'NONE',  ( -4.959999999999999964, -5.139999999999999680, 0.09999999999998999967 ) ) ;
#2622 = LINE ( 'NONE', #1445, #353 ) ;
#2623 = VERTEX_POINT ( 'NONE', #2070 ) ;
#2624 = EDGE_LOOP ( 'NONE', ( #1127, #2510, #202, #2340 ) ) ;
#2625 = CARTESIAN_POINT ( 'NONE',  ( -4.240000000000000213, -1.580000000000000071, 2.899999999999999911 ) ) ;
#2626 = LINE ( 'NONE', #291, #2667 ) ;
#2627 = DIRECTION ( 'NONE',  ( -1.000000000000000000, 0.000000000000000000, 0.000000000000000000 ) ) ;
#2628 = VERTEX_POINT ( 'NONE', #1333 ) ;
#2629 = DIRECTION ( 'NONE',  ( 0.000000000000000000, 0.000000000000000000, -1.000000000000000000 ) ) ;
#2630 = LINE ( 'NONE', #3391, #4876 ) ;
#2631 = DIRECTION ( 'NONE',  ( 0.000000000000000000, -1.000000000000000000, 0.000000000000000000 ) ) ;
#2632 = ORIENTED_EDGE ( 'NONE', *, *, #2270, .T. ) ;
#2633 = EDGE_CURVE ( 'NONE', #3886, #3067, #3978, .T. ) ;
#2634 = ORIENTED_EDGE ( 'NONE', *, *, #334, .F. ) ;
#2635 = ORIENTED_EDGE ( 'NONE', *, *, #2210, .F. ) ;
#2636 = EDGE_CURVE ( 'NONE', #3222, #3708, #4416, .T. ) ;
#2637 = LINE ( 'NONE', #4863, #1539 ) ;
#2638 = ORIENTED_EDGE ( 'NONE', *, *, #2315, .T. ) ;
#2639 = CARTESIAN_POINT ( 'NONE',  ( -5.200000000000000178, -5.139999999999999680, 0.09999999999998999967 ) ) ;
#2640 = CARTESIAN_POINT ( 'NONE',  ( 2.220000000000000195, 8.580000000000000071, 0.2999999999999999889 ) ) ;
#2641 = DIRECTION ( 'NONE',  ( 1.000000000000000000, 0.000000000000000000, 0.000000000000000000 ) ) ;
#2642 = EDGE_CURVE ( 'NONE', #1736, #808, #1356, .T. ) ;
#2643 = PLANE ( 'NONE',  #1177 ) ;
#2644 = ORIENTED_EDGE ( 'NONE', *, *, #4749, .F. ) ;
#2645 = VECTOR ( 'NONE', #2742, 1000.000000000000114 ) ;
#2646 = FACE_OUTER_BOUND ( 'NONE', #3150, .T. ) ;
#2647 = DIRECTION ( 'NONE',  ( 0.000000000000000000, 0.000000000000000000, -1.000000000000000000 ) ) ;
#2648 = ORIENTED_EDGE ( 'NONE', *, *, #3438, .T. ) ;
#2649 = AXIS2_PLACEMENT_3D ( 'NONE', #467, #1997, #3114 ) ;
#2650 = CARTESIAN_POINT ( 'NONE',  ( 3.504999999999999893, -1.580000000000000071, -0.7699999999999999067 ) ) ;
#2651 = CARTESIAN_POINT ( 'NONE',  ( -4.240000000000000213, -1.580000000000000071, 2.899999999999999911 ) ) ;
#2652 = DIRECTION ( 'NONE',  ( 0.000000000000000000, -1.000000000000000000, 0.000000000000000000 ) ) ;
#2653 = EDGE_LOOP ( 'NONE', ( #3972, #3614, #3955, #2467 ) ) ;
#2654 = VERTEX_POINT ( 'NONE', #2497 ) ;
#2655 = ORIENTED_EDGE ( 'NONE', *, *, #3173, .T. ) ;
#2656 = VECTOR ( 'NONE', #2158, 1000.000000000000000 ) ;
#2657 = VECTOR ( 'NONE', #2122, 1000.000000000000000 ) ;
#2658 = EDGE_CURVE ( 'NONE', #594, #2873, #2524, .T. ) ;
#2659 = PLANE ( 'NONE',  #3512 ) ;
#2660 = ORIENTED_EDGE ( 'NONE', *, *, #4843, .F. ) ;
#2661 = CARTESIAN_POINT ( 'NONE',  ( 0.3200000000000000067, -4.639999999999999680, -0.3400000000000000244 ) ) ;
#2662 = CARTESIAN_POINT ( 'NONE',  ( -4.760000000000000675, -0.9399999999999999467, 0.2999999999999999889 ) ) ;
#2663 = FACE_OUTER_BOUND ( 'NONE', #4520, .T. ) ;
#2664 = VECTOR ( 'NONE', #2610, 1000.000000000000000 ) ;
#2665 = AXIS2_PLACEMENT_3D ( 'NONE', #1575, #1251, #3897 ) ;
#2666 = EDGE_CURVE ( 'NONE', #2925, #990, #218, .T. ) ;
#2667 = VECTOR ( 'NONE', #1431, 1000.000000000000000 ) ;
#2668 = AXIS2_PLACEMENT_3D ( 'NONE', #2604, #1434, #676 ) ;
#2669 = VECTOR ( 'NONE', #3801, 999.9999999999998863 ) ;
#2670 = EDGE_CURVE ( 'NONE', #4818, #618, #4774, .T. ) ;
#2671 = DIRECTION ( 'NONE',  ( 0.000000000000000000, -1.000000000000000000, 0.000000000000000000 ) ) ;
#2672 = VECTOR ( 'NONE', #3482, 1000.000000000000000 ) ;
#2673 = ORIENTED_EDGE ( 'NONE', *, *, #1089, .T. ) ;
#2674 = EDGE_CURVE ( 'NONE', #3713, #3658, #1699, .T. ) ;
#2675 = CARTESIAN_POINT ( 'NONE',  ( -2.860000000000000320, 1.580000000000000071, -0.3400000000000000244 ) ) ;
#2676 = LINE ( 'NONE', #1504, #4798 ) ;
#2677 = VERTEX_POINT ( 'NONE', #3789 ) ;
#2678 = LINE ( 'NONE', #3734, #4720 ) ;
#2679 = DIRECTION ( 'NONE',  ( 1.000000000000000000, 0.000000000000000000, 0.000000000000000000 ) ) ;
#2680 = CARTESIAN_POINT ( 'NONE',  ( 4.760000000000000675, -0.9399999999999999467, 0.2999999999999999889 ) ) ;
#2681 = ORIENTED_EDGE ( 'NONE', *, *, #4620, .T. ) ;
#2682 = ORIENTED_EDGE ( 'NONE', *, *, #2315, .F. ) ;
#2683 = DIRECTION ( 'NONE',  ( 0.000000000000000000, -1.000000000000000000, 0.000000000000000000 ) ) ;
#2684 = ORIENTED_EDGE ( 'NONE', *, *, #4931, .T. ) ;
#2685 = DIRECTION ( 'NONE',  ( 1.000000000000000000, 0.000000000000000000, 0.000000000000000000 ) ) ;
#2686 = DIRECTION ( 'NONE',  ( 0.000000000000000000, -1.000000000000000000, 0.000000000000000000 ) ) ;
#2687 = CARTESIAN_POINT ( 'NONE',  ( 0.9650000000000000799, 1.580000000000000071, 0.7299999999999999822 ) ) ;
#2688 = EDGE_CURVE ( 'NONE', #3355, #3384, #1090, .T. ) ;
#2689 = DIRECTION ( 'NONE',  ( 0.000000000000000000, 1.000000000000000000, 0.000000000000000000 ) ) ;
#2690 = CARTESIAN_POINT ( 'NONE',  ( -5.080000000000000071, 9.369999999999999218, -2.899999999999999911 ) ) ;
#2691 = EDGE_CURVE ( 'NONE', #4706, #4830, #3074, .T. ) ;
#2692 = EDGE_CURVE ( 'NONE', #110, #2618, #2617, .T. ) ;
#2693 = ORIENTED_EDGE ( 'NONE', *, *, #4089, .F. ) ;
#2694 = CARTESIAN_POINT ( 'NONE',  ( -1.574999999999999956, 1.580000000000000071, 0.7299999999999999822 ) ) ;
#2695 = ADVANCED_FACE ( 'NONE', ( #3767 ), #328, .T. ) ;
#2696 = ADVANCED_FACE ( 'NONE', ( #1494, #2327 ), #21, .T. ) ;
#2697 = ORIENTED_EDGE ( 'NONE', *, *, #3775, .F. ) ;
#2698 = DIRECTION ( 'NONE',  ( 0.000000000000000000, 1.000000000000000000, 0.000000000000000000 ) ) ;
#2699 = ADVANCED_FACE ( 'NONE', ( #1160 ), #1833, .T. ) ;
#2700 = DIRECTION ( 'NONE',  ( 0.000000000000000000, -1.000000000000000000, 0.000000000000000000 ) ) ;
#2701 = FACE_OUTER_BOUND ( 'NONE', #4174, .T. ) ;
#2702 = DIRECTION ( 'NONE',  ( 0.000000000000000000, 0.000000000000000000, 1.000000000000000000 ) ) ;
#2703 = ORIENTED_EDGE ( 'NONE', *, *, #4848, .T. ) ;
#2704 = ORIENTED_EDGE ( 'NONE', *, *, #2875, .T. ) ;
#2705 = CARTESIAN_POINT ( 'NONE',  ( -0.3200000000000000067, 8.580000000000000071, 0.2999999999999999889 ) ) ;
#2706 = ORIENTED_EDGE ( 'NONE', *, *, #684, .F. ) ;
#2707 = DIRECTION ( 'NONE',  ( 0.000000000000000000, 0.000000000000000000, -1.000000000000000000 ) ) ;
#2708 = LINE ( 'NONE', #3077, #1301 ) ;
#2709 = DIRECTION ( 'NONE',  ( -1.000000000000000000, 0.000000000000000000, 0.000000000000000000 ) ) ;
#2710 = ORIENTED_EDGE ( 'NONE', *, *, #2847, .T. ) ;
#2711 = FACE_OUTER_BOUND ( 'NONE', #287, .T. ) ;
#2712 = FACE_OUTER_BOUND ( 'NONE', #1009, .T. ) ;
#2713 = ORIENTED_EDGE ( 'NONE', *, *, #1423, .T. ) ;
#2714 = DIRECTION ( 'NONE',  ( -1.000000000000000000, 0.000000000000000000, 0.000000000000000000 ) ) ;
#2715 = FACE_OUTER_BOUND ( 'NONE', #978, .T. ) ;
#2716 = ORIENTED_EDGE ( 'NONE', *, *, #393, .F. ) ;
#2717 = VECTOR ( 'NONE', #783, 1000.000000000000000 ) ;
#2718 = EDGE_CURVE ( 'NONE', #4322, #1855, #2283, .T. ) ;
#2719 = CARTESIAN_POINT ( 'NONE',  ( -3.380000000000000338, -0.9399999999999999467, -1.600000000000000089 ) ) ;
#2720 = CARTESIAN_POINT ( 'NONE',  ( -2.660000000000000142, 9.080000000000000071, 0.09999999999998999967 ) ) ;
#2721 = CARTESIAN_POINT ( 'NONE',  ( -5.080000000000000071, 6.317986928012000014, -1.899999999999999911 ) ) ;
#2722 = CARTESIAN_POINT ( 'NONE',  ( 5.080000000000000071, 1.580000000000000071, -2.899999999999999911 ) ) ;
#2723 = PLANE ( 'NONE',  #485 ) ;
#2724 = AXIS2_PLACEMENT_3D ( 'NONE', #4487, #2947, #4461 ) ;
#2725 = ORIENTED_EDGE ( 'NONE', *, *, #4151, .F. ) ;
#2726 = ORIENTED_EDGE ( 'NONE', *, *, #3385, .T. ) ;
#2727 = ADVANCED_FACE ( 'NONE', ( #4538 ), #2659, .T. ) ;
#2728 = AXIS2_PLACEMENT_3D ( 'NONE', #3031, #4542, #1960 ) ;
#2729 = PLANE ( 'NONE',  #1073 ) ;
#2730 = ORIENTED_EDGE ( 'NONE', *, *, #2323, .F. ) ;
#2731 = CARTESIAN_POINT ( 'NONE',  ( -3.504999999999999893, 1.580000000000000071, 0.7299999999999999822 ) ) ;
#2732 = CARTESIAN_POINT ( 'NONE',  ( -3.380000000000000338, -0.9399999999999999467, 0.8249999999999999556 ) ) ;
#2733 = CARTESIAN_POINT ( 'NONE',  ( -6.349999999999999645, -1.580000000000000071, 2.899999999999999911 ) ) ;
#2734 = EDGE_LOOP ( 'NONE', ( #1579, #2020, #1831, #1495 ) ) ;
#2735 = EDGE_CURVE ( 'NONE', #3383, #414, #1132, .T. ) ;
#2736 = VECTOR ( 'NONE', #4176, 1000.000000000000000 ) ;
#2737 = VECTOR ( 'NONE', #2652, 1000.000000000000000 ) ;
#2738 = VECTOR ( 'NONE', #2772, 999.9999999999998863 ) ;
#2739 = AXIS2_PLACEMENT_3D ( 'NONE', #2895, #4459, #2521 ) ;
#2740 = ORIENTED_EDGE ( 'NONE', *, *, #1570, .F. ) ;
#2741 = DIRECTION ( 'NONE',  ( 0.9284766908852662981, 0.3713906763540865685, 0.000000000000000000 ) ) ;
#2742 = DIRECTION ( 'NONE',  ( 0.000000000000000000, -0.7071067811865474617, -0.7071067811865474617 ) ) ;
#2743 = EDGE_LOOP ( 'NONE', ( #3353, #3102, #2703, #271 ) ) ;
#2744 = VECTOR ( 'NONE', #1260, 1000.000000000000000 ) ;
#2745 = LINE ( 'NONE', #4256, #1866 ) ;
#2746 = PRESENTATION_STYLE_ASSIGNMENT (( #812 ) ) ;
#2747 = ORIENTED_EDGE ( 'NONE', *, *, #1957, .F. ) ;
#2748 = EDGE_CURVE ( 'NONE', #2144, #4041, #4519, .T. ) ;
#2749 = CARTESIAN_POINT ( 'NONE',  ( 0.8400000000000000799, -0.9399999999999999467, 0.8249999999999999556 ) ) ;
#2750 = LINE ( 'NONE', #59, #747 ) ;
#2751 = CARTESIAN_POINT ( 'NONE',  ( 2.220000000000000195, -5.139999999999999680, -0.3400000000000000244 ) ) ;
#2752 = CARTESIAN_POINT ( 'NONE',  ( -2.860000000000000320, -0.9399999999999999467, -0.3400000000000000244 ) ) ;
#2753 = CARTESIAN_POINT ( 'NONE',  ( -2.220000000000000195, 8.580000000000000071, -0.3400000000000000244 ) ) ;
#2754 = ORIENTED_EDGE ( 'NONE', *, *, #1595, .T. ) ;
#2755 = DIRECTION ( 'NONE',  ( 0.000000000000000000, -0.3713906763540865685, -0.9284766908852662981 ) ) ;
#2756 = ORIENTED_EDGE ( 'NONE', *, *, #2412, .T. ) ;
#2757 = DIRECTION ( 'NONE',  ( -0.3481553119113956485, 0.8703882797784894265, -0.3481553119113956485 ) ) ;
#2758 = FACE_BOUND ( 'NONE', #3944, .T. ) ;
#2759 = EDGE_CURVE ( 'NONE', #280, #4557, #2304, .T. ) ;
#2760 = DIRECTION ( 'NONE',  ( 0.000000000000000000, 1.000000000000000000, 0.000000000000000000 ) ) ;
#2761 = ORIENTED_EDGE ( 'NONE', *, *, #1765, .T. ) ;
#2762 = EDGE_CURVE ( 'NONE', #883, #3550, #731, .T. ) ;
#2763 = ORIENTED_EDGE ( 'NONE', *, *, #3389, .F. ) ;
#2764 = PLANE ( 'NONE',  #1246 ) ;
#2765 = CARTESIAN_POINT ( 'NONE',  ( -4.240000000000000213, -0.9399999999999999467, 2.899999999999999911 ) ) ;
#2766 = ORIENTED_EDGE ( 'NONE', *, *, #4660, .F. ) ;
#2767 = DIRECTION ( 'NONE',  ( 0.000000000000000000, 0.000000000000000000, -1.000000000000000000 ) ) ;
#2768 = ORIENTED_EDGE ( 'NONE', *, *, #4200, .F. ) ;
#2769 = CARTESIAN_POINT ( 'NONE',  ( -4.859999999999999432, 8.830000000000000071, -0.02000000000000999936 ) ) ;
#2770 = CARTESIAN_POINT ( 'NONE',  ( 3.504999999999999893, -1.580000000000000071, 0.7299999999999999822 ) ) ;
#2771 = CARTESIAN_POINT ( 'NONE',  ( 0.3200000000000000067, 8.580000000000000071, 0.2999999999999999889 ) ) ;
#2772 = DIRECTION ( 'NONE',  ( 0.3481553119113956485, 0.8703882797784894265, 0.3481553119113956485 ) ) ;
#2773 = DIRECTION ( 'NONE',  ( 0.000000000000000000, 1.000000000000000000, 0.000000000000000000 ) ) ;
#2774 = ORIENTED_EDGE ( 'NONE', *, *, #1561, .F. ) ;
#2775 = CARTESIAN_POINT ( 'NONE',  ( -4.114999999999999325, 1.580000000000000071, -0.7699999999999999067 ) ) ;
#2776 = CARTESIAN_POINT ( 'NONE',  ( 0.8400000000000000799, -1.580000000000000071, -2.899999999999999911 ) ) ;
#2777 = EDGE_CURVE ( 'NONE', #4564, #144, #3439, .T. ) ;
#2778 = DIRECTION ( 'NONE',  ( 0.000000000000000000, -1.000000000000000000, 0.000000000000000000 ) ) ;
#2779 = LINE ( 'NONE', #450, #3821 ) ;
#2780 = LINE ( 'NONE', #2451, #1532 ) ;
#2781 = ORIENTED_EDGE ( 'NONE', *, *, #303, .F. ) ;
#2782 = EDGE_CURVE ( 'NONE', #4325, #3185, #4192, .T. ) ;
#2783 = ORIENTED_EDGE ( 'NONE', *, *, #1326, .F. ) ;
#2784 = PLANE ( 'NONE',  #20 ) ;
#2785 = CARTESIAN_POINT ( 'NONE',  ( -3.504999999999999893, 1.580000000000000071, -0.7699999999999999067 ) ) ;
#2786 = EDGE_CURVE ( 'NONE', #1909, #1961, #1888, .T. ) ;
#2787 = ORIENTED_EDGE ( 'NONE', *, *, #1987, .F. ) ;
#2788 = EDGE_CURVE ( 'NONE', #1643, #3383, #2637, .T. ) ;
#2789 = DIRECTION ( 'NONE',  ( 0.000000000000000000, -1.000000000000000000, 0.000000000000000000 ) ) ;
#2790 = EDGE_LOOP ( 'NONE', ( #1247, #3804, #3491, #4471 ) ) ;
#2791 = VERTEX_POINT ( 'NONE', #2258 ) ;
#2792 = FACE_OUTER_BOUND ( 'NONE', #372, .T. ) ;
#2793 = DIRECTION ( 'NONE',  ( 1.000000000000000000, 0.000000000000000000, 0.000000000000000000 ) ) ;
#2794 = LINE ( 'NONE', #4260, #3924 ) ;
#2795 = PLANE ( 'NONE',  #3751 ) ;
#2796 = ORIENTED_EDGE ( 'NONE', *, *, #4139, .T. ) ;
#2797 = CARTESIAN_POINT ( 'NONE',  ( 1.699999999999999956, -1.270000000000000018, -1.600000000000000089 ) ) ;
#2798 = AXIS2_PLACEMENT_3D ( 'NONE', #3381, #4128, #2287 ) ;
#2799 = CARTESIAN_POINT ( 'NONE',  ( -5.400000000000000355, -4.639999999999999680, -0.3400000000000000244 ) ) ;
#2800 = LINE ( 'NONE', #4313, #4163 ) ;
#2801 = CARTESIAN_POINT ( 'NONE',  ( -5.919999999999999929, -0.9399999999999999467, 2.899999999999999911 ) ) ;
#2802 = CARTESIAN_POINT ( 'NONE',  ( -5.080000000000000071, 9.369999999999999218, -2.899999999999999911 ) ) ;
#2803 = ORIENTED_EDGE ( 'NONE', *, *, #2292, .T. ) ;
#2804 = ORIENTED_EDGE ( 'NONE', *, *, #2748, .T. ) ;
#2805 = VECTOR ( 'NONE', #3097, 1000.000000000000000 ) ;
#2806 = ORIENTED_EDGE ( 'NONE', *, *, #2614, .T. ) ;
#2807 = CARTESIAN_POINT ( 'NONE',  ( 0.8400000000000000799, -0.9399999999999999467, 2.899999999999999911 ) ) ;
#2808 = CARTESIAN_POINT ( 'NONE',  ( -4.114999999999999325, -1.580000000000000071, 0.7299999999999999822 ) ) ;
#2809 = AXIS2_PLACEMENT_3D ( 'NONE', #3807, #4933, #2683 ) ;
#2810 = EDGE_CURVE ( 'NONE', #1407, #3715, #4916, .T. ) ;
#2811 = EDGE_LOOP ( 'NONE', ( #1559, #3547, #1271, #219 ) ) ;
#2812 = ADVANCED_FACE ( 'NONE', ( #941 ), #2198, .T. ) ;
#2813 = VECTOR ( 'NONE', #4764, 1000.000000000000227 ) ;
#2814 = VECTOR ( 'NONE', #4436, 1000.000000000000000 ) ;
#2815 = LINE ( 'NONE', #460, #3437 ) ;
#2816 = ORIENTED_EDGE ( 'NONE', *, *, #2202, .T. ) ;
#2817 = EDGE_CURVE ( 'NONE', #1720, #2929, #4827, .T. ) ;
#2818 = AXIS2_PLACEMENT_3D ( 'NONE', #1414, #2581, #4910 ) ;
#2819 = AXIS2_PLACEMENT_3D ( 'NONE', #3223, #786, #3817 ) ;
#2820 = EDGE_CURVE ( 'NONE', #4106, #605, #1798, .T. ) ;
#2821 = VERTEX_POINT ( 'NONE', #2544 ) ;
#2822 = VECTOR ( 'NONE', #3753, 1000.000000000000000 ) ;
#2823 = AXIS2_PLACEMENT_3D ( 'NONE', #3951, #3504, #2440 ) ;
#2824 = VECTOR ( 'NONE', #4757, 1000.000000000000000 ) ;
#2825 = DIRECTION ( 'NONE',  ( -1.000000000000000000, 0.000000000000000000, 0.000000000000000000 ) ) ;
#2826 = LINE ( 'NONE', #3234, #2266 ) ;
#2827 = CARTESIAN_POINT ( 'NONE',  ( -4.760000000000000675, 8.580000000000000071, 0.2999999999999999889 ) ) ;
#2828 = CARTESIAN_POINT ( 'NONE',  ( -4.240000000000000213, -1.580000000000000071, -2.899999999999999911 ) ) ;
#2829 = ORIENTED_EDGE ( 'NONE', *, *, #1008, .T. ) ;
#2830 = CARTESIAN_POINT ( 'NONE',  ( -2.220000000000000195, 0.000000000000000000, 0.000000000000000000 ) ) ;
#2831 = LINE ( 'NONE', #3188, #3844 ) ;
#2832 = CARTESIAN_POINT ( 'NONE',  ( -2.220000000000000195, 8.580000000000000071, 0.2999999999999999889 ) ) ;
#2833 = FACE_OUTER_BOUND ( 'NONE', #1440, .T. ) ;
#2834 = LINE ( 'NONE', #2078, #4780 ) ;
#2835 = ORIENTED_EDGE ( 'NONE', *, *, #4431, .T. ) ;
#2836 = VERTEX_POINT ( 'NONE', #2869 ) ;
#2837 = LINE ( 'NONE', #4345, #1069 ) ;
#2838 = CARTESIAN_POINT ( 'NONE',  ( -5.080000000000000071, 9.369999999999999218, -1.899999999999999911 ) ) ;
#2839 = DIRECTION ( 'NONE',  ( 0.000000000000000000, 0.000000000000000000, -1.000000000000000000 ) ) ;
#2840 = ORIENTED_EDGE ( 'NONE', *, *, #737, .F. ) ;
#2841 = EDGE_CURVE ( 'NONE', #1530, #4852, #4726, .T. ) ;
#2842 = DIRECTION ( 'NONE',  ( 0.000000000000000000, -1.000000000000000000, 0.000000000000000000 ) ) ;
#2843 = EDGE_CURVE ( 'NONE', #1954, #4551, #1743, .T. ) ;
#2844 = ORIENTED_EDGE ( 'NONE', *, *, #2666, .T. ) ;
#2845 = EDGE_LOOP ( 'NONE', ( #1707, #2029, #2111, #2001 ) ) ;
#2846 = ADVANCED_FACE ( 'NONE', ( #4378, #1377 ), #192, .F. ) ;
#2847 = EDGE_CURVE ( 'NONE', #3966, #4293, #1408, .T. ) ;
#2848 = CARTESIAN_POINT ( 'NONE',  ( 2.540000000000000036, 8.830000000000000071, -0.2400000000000000189 ) ) ;
#2849 = CARTESIAN_POINT ( 'NONE',  ( -0.9650000000000000799, 1.580000000000000071, -0.7699999999999999067 ) ) ;
#2850 = LINE ( 'NONE', #2069, #4861 ) ;
#2851 = DIRECTION ( 'NONE',  ( 0.000000000000000000, 1.000000000000000000, 0.000000000000000000 ) ) ;
#2852 = EDGE_LOOP ( 'NONE', ( #1780, #3599, #4352, #3028 ) ) ;
#2853 = LINE ( 'NONE', #4361, #1550 ) ;
#2854 = EDGE_CURVE ( 'NONE', #1391, #2454, #2095, .T. ) ;
#2855 = LINE ( 'NONE', #975, #1787 ) ;
#2856 = CARTESIAN_POINT ( 'NONE',  ( -2.860000000000000320, -0.9399999999999999467, -0.3400000000000000244 ) ) ;
#2857 = CARTESIAN_POINT ( 'NONE',  ( -1.574999999999999956, -1.580000000000000071, 0.7299999999999999822 ) ) ;
#2858 = CARTESIAN_POINT ( 'NONE',  ( -4.959999999999999964, -5.139999999999999680, -0.1399999999999999856 ) ) ;
#2859 = ORIENTED_EDGE ( 'NONE', *, *, #28, .T. ) ;
#2860 = VERTEX_POINT ( 'NONE', #4771 ) ;
#2861 = LINE ( 'NONE', #3499, #3842 ) ;
#2862 = DIRECTION ( 'NONE',  ( 0.000000000000000000, 0.000000000000000000, -1.000000000000000000 ) ) ;
#2863 = CARTESIAN_POINT ( 'NONE',  ( 2.860000000000000320, 8.580000000000000071, -0.3400000000000000244 ) ) ;
#2864 = ORIENTED_EDGE ( 'NONE', *, *, #3474, .T. ) ;
#2865 = CARTESIAN_POINT ( 'NONE',  ( 4.240000000000000213, -0.9399999999999999467, 2.899999999999999911 ) ) ;
#2866 = ORIENTED_EDGE ( 'NONE', *, *, #185, .T. ) ;
#2867 = DIRECTION ( 'NONE',  ( -1.000000000000000000, 0.000000000000000000, 0.000000000000000000 ) ) ;
#2868 = EDGE_LOOP ( 'NONE', ( #3127, #3479, #4546, #3022, #3914, #48, #1484, #445, #1759, #1055, #4235, #3664 ) ) ;
#2869 = CARTESIAN_POINT ( 'NONE',  ( -1.699999999999999956, -1.580000000000000071, 2.899999999999999911 ) ) ;
#2870 = LINE ( 'NONE', #3285, #4878 ) ;
#2871 = DIRECTION ( 'NONE',  ( 1.000000000000000000, 0.000000000000000000, 0.000000000000000000 ) ) ;
#2872 = CARTESIAN_POINT ( 'NONE',  ( -4.760000000000000675, -4.639999999999999680, 0.2999999999999999889 ) ) ;
#2873 = VERTEX_POINT ( 'NONE', #595 ) ;
#2874 = DIRECTION ( 'NONE',  ( 0.000000000000000000, 0.000000000000000000, 1.000000000000000000 ) ) ;
#2875 = EDGE_CURVE ( 'NONE', #753, #3222, #290, .T. ) ;
#2876 = FACE_OUTER_BOUND ( 'NONE', #3279, .T. ) ;
#2877 = CARTESIAN_POINT ( 'NONE',  ( -0.8400000000000000799, -1.580000000000000071, 2.899999999999999911 ) ) ;
#2878 = DIRECTION ( 'NONE',  ( 0.000000000000000000, 0.000000000000000000, -1.000000000000000000 ) ) ;
#2879 = EDGE_LOOP ( 'NONE', ( #3568, #2386, #2444, #4839 ) ) ;
#2880 = VERTEX_POINT ( 'NONE', #1430 ) ;
#2881 = EDGE_CURVE ( 'NONE', #4316, #2654, #1352, .T. ) ;
#2882 = VECTOR ( 'NONE', #2009, 1000.000000000000000 ) ;
#2883 = ORIENTED_EDGE ( 'NONE', *, *, #1738, .F. ) ;
#2884 = LINE ( 'NONE', #4865, #3445 ) ;
#2885 = DIRECTION ( 'NONE',  ( -0.3481553119113956485, 0.8703882797784894265, -0.3481553119113956485 ) ) ;
#2886 = LINE ( 'NONE', #1063, #3349 ) ;
#2887 = VECTOR ( 'NONE', #2878, 1000.000000000000000 ) ;
#2888 = VERTEX_POINT ( 'NONE', #2492 ) ;
#2889 = DIRECTION ( 'NONE',  ( 1.000000000000000000, 0.000000000000000000, 0.000000000000000000 ) ) ;
#2890 = ORIENTED_EDGE ( 'NONE', *, *, #1738, .T. ) ;
#2891 = CARTESIAN_POINT ( 'NONE',  ( 3.850000000000000089, 1.580000000000000071, -1.600000000000000089 ) ) ;
#2892 = ORIENTED_EDGE ( 'NONE', *, *, #886, .T. ) ;
#2893 = VECTOR ( 'NONE', #3770, 1000.000000000000000 ) ;
#2894 = VECTOR ( 'NONE', #965, 1000.000000000000000 ) ;
#2895 = CARTESIAN_POINT ( 'NONE',  ( 0.8400000000000000799, -0.9399999999999999467, 2.899999999999999911 ) ) ;
#2896 = VECTOR ( 'NONE', #593, 1000.000000000000000 ) ;
#2897 = VECTOR ( 'NONE', #2757, 999.9999999999998863 ) ;
#2898 = DIRECTION ( 'NONE',  ( 1.000000000000000000, 0.000000000000000000, 0.000000000000000000 ) ) ;
#2899 = DIRECTION ( 'NONE',  ( 0.3481553119113956485, 0.8703882797784894265, 0.3481553119113956485 ) ) ;
#2900 = DIRECTION ( 'NONE',  ( -1.000000000000000000, 0.000000000000000000, 0.000000000000000000 ) ) ;
#2901 = EDGE_LOOP ( 'NONE', ( #686, #3158, #1854, #535 ) ) ;
#2902 = EDGE_CURVE ( 'NONE', #3375, #3067, #641, .T. ) ;
#2903 = VECTOR ( 'NONE', #2199, 1000.000000000000000 ) ;
#2904 = AXIS2_PLACEMENT_3D ( 'NONE', #1675, #1726, #3585 ) ;
#2905 = VECTOR ( 'NONE', #4833, 1000.000000000000000 ) ;
#2906 = DIRECTION ( 'NONE',  ( 0.000000000000000000, 0.000000000000000000, -1.000000000000000000 ) ) ;
#2907 = LINE ( 'NONE', #2473, #1857 ) ;
#2908 = CARTESIAN_POINT ( 'NONE',  ( -6.349999999999999645, 1.580000000000000071, -2.899999999999999911 ) ) ;
#2909 = ORIENTED_EDGE ( 'NONE', *, *, #4302, .T. ) ;
#2910 = VECTOR ( 'NONE', #1198, 1000.000000000000000 ) ;
#2911 = ORIENTED_EDGE ( 'NONE', *, *, #1843, .T. ) ;
#2912 = ADVANCED_FACE ( 'NONE', ( #3654 ), #1042, .F. ) ;
#2913 = ORIENTED_EDGE ( 'NONE', *, *, #4052, .F. ) ;
#2914 = EDGE_CURVE ( 'NONE', #2254, #1315, #2926, .T. ) ;
#2915 = EDGE_CURVE ( 'NONE', #4592, #4607, #4413, .T. ) ;
#2916 = EDGE_LOOP ( 'NONE', ( #4017, #2038, #540, #3766 ) ) ;
#2917 = DIRECTION ( 'NONE',  ( 0.000000000000000000, 1.000000000000000000, 0.000000000000000000 ) ) ;
#2918 = CARTESIAN_POINT ( 'NONE',  ( -1.699999999999999956, -1.270000000000000018, -1.600000000000000089 ) ) ;
#2919 = DIRECTION ( 'NONE',  ( -1.000000000000000000, 0.000000000000000000, 0.000000000000000000 ) ) ;
#2920 = ORIENTED_EDGE ( 'NONE', *, *, #4031, .F. ) ;
#2921 = EDGE_CURVE ( 'NONE', #3485, #512, #1329, .T. ) ;
#2922 = DIRECTION ( 'NONE',  ( -1.000000000000000000, 0.000000000000000000, 0.000000000000000000 ) ) ;
#2923 = ORIENTED_EDGE ( 'NONE', *, *, #3408, .F. ) ;
#2924 = CARTESIAN_POINT ( 'NONE',  ( 5.200000000000000178, -5.139999999999999680, -0.1399999999999999856 ) ) ;
#2925 = VERTEX_POINT ( 'NONE', #3678 ) ;
#2926 = LINE ( 'NONE', #3633, #258 ) ;
#2927 = CARTESIAN_POINT ( 'NONE',  ( -6.349999999999999645, -1.580000000000000071, 2.899999999999999911 ) ) ;
#2928 = FACE_OUTER_BOUND ( 'NONE', #2901, .T. ) ;
#2929 = VERTEX_POINT ( 'NONE', #3210 ) ;
#2930 = DIRECTION ( 'NONE',  ( 0.000000000000000000, 0.000000000000000000, -1.000000000000000000 ) ) ;
#2931 = CARTESIAN_POINT ( 'NONE',  ( 5.919999999999999929, -0.9399999999999999467, 2.899999999999999911 ) ) ;
#2932 = DIRECTION ( 'NONE',  ( 0.3481553119113956485, 0.8703882797784894265, 0.3481553119113956485 ) ) ;
#2933 = ORIENTED_EDGE ( 'NONE', *, *, #2854, .T. ) ;
#2934 = ORIENTED_EDGE ( 'NONE', *, *, #678, .F. ) ;
#2935 = ORIENTED_EDGE ( 'NONE', *, *, #3782, .F. ) ;
#2936 = DIRECTION ( 'NONE',  ( 0.000000000000000000, -1.000000000000000000, 0.000000000000000000 ) ) ;
#2937 = CARTESIAN_POINT ( 'NONE',  ( 3.380000000000000338, -0.9399999999999999467, -2.899999999999999911 ) ) ;
#2938 = LINE ( 'NONE', #659, #2086 ) ;
#2939 = EDGE_CURVE ( 'NONE', #1580, #3355, #3309, .T. ) ;
#2940 = CARTESIAN_POINT ( 'NONE',  ( 2.419999999999999929, 9.080000000000000071, 0.09999999999998999967 ) ) ;
#2941 = ORIENTED_EDGE ( 'NONE', *, *, #308, .T. ) ;
#2942 = CARTESIAN_POINT ( 'NONE',  ( 1.699999999999999956, -0.9399999999999999467, 0.8249999999999999556 ) ) ;
#2943 = ORIENTED_EDGE ( 'NONE', *, *, #541, .F. ) ;
#2944 = EDGE_CURVE ( 'NONE', #3726, #1616, #268, .T. ) ;
#2945 = CARTESIAN_POINT ( 'NONE',  ( 5.080000000000000071, 1.580000000000000071, -2.899999999999999911 ) ) ;
#2946 = CARTESIAN_POINT ( 'NONE',  ( -5.080000000000000071, 6.317986928012000014, -1.899999999999999911 ) ) ;
#2947 = DIRECTION ( 'NONE',  ( -0.9284766908852662981, 0.3713906763540865685, 0.000000000000000000 ) ) ;
#2948 = EDGE_LOOP ( 'NONE', ( #4454, #607, #1885, #1216 ) ) ;
#2949 = DIRECTION ( 'NONE',  ( 0.3481553119113956485, 0.8703882797784894265, 0.3481553119113956485 ) ) ;
#2950 = LINE ( 'NONE', #274, #503 ) ;
#2951 = LINE ( 'NONE', #1852, #662 ) ;
#2952 = DIRECTION ( 'NONE',  ( 0.000000000000000000, 1.000000000000000000, 0.000000000000000000 ) ) ;
#2953 = ORIENTED_EDGE ( 'NONE', *, *, #4600, .T. ) ;
#2954 = EDGE_LOOP ( 'NONE', ( #1681, #3728, #2197, #2804 ) ) ;
#2955 = ORIENTED_EDGE ( 'NONE', *, *, #1875, .F. ) ;
#2956 = ORIENTED_EDGE ( 'NONE', *, *, #3980, .T. ) ;
#2957 = DIRECTION ( 'NONE',  ( 1.000000000000000000, 0.000000000000000000, 0.000000000000000000 ) ) ;
#2958 = CARTESIAN_POINT ( 'NONE',  ( -0.3200000000000000067, -5.139999999999999680, -0.3400000000000000244 ) ) ;
#2959 = LINE ( 'NONE', #4474, #4543 ) ;
#2960 = EDGE_CURVE ( 'NONE', #2118, #1753, #1503, .T. ) ;
#2961 = LINE ( 'NONE', #1068, #3137 ) ;
#2962 = VECTOR ( 'NONE', #4842, 1000.000000000000000 ) ;
#2963 = ADVANCED_FACE ( 'NONE', ( #4157 ), #4507, .F. ) ;
#2964 = EDGE_LOOP ( 'NONE', ( #1732, #1809, #4922, #240 ) ) ;
#2965 = DIRECTION ( 'NONE',  ( -1.000000000000000000, 0.000000000000000000, 0.000000000000000000 ) ) ;
#2966 = VERTEX_POINT ( 'NONE', #3065 ) ;
#2967 = VECTOR ( 'NONE', #852, 1000.000000000000227 ) ;
#2968 = DIRECTION ( 'NONE',  ( 0.000000000000000000, 1.000000000000000000, 0.000000000000000000 ) ) ;
#2969 = EDGE_CURVE ( 'NONE', #1643, #509, #1149, .T. ) ;
#2970 = DIRECTION ( 'NONE',  ( 0.000000000000000000, -1.000000000000000000, 0.000000000000000000 ) ) ;
#2971 = ADVANCED_FACE ( 'NONE', ( #2600 ), #3426, .T. ) ;
#2972 = PLANE ( 'NONE',  #2724 ) ;
#2973 = VECTOR ( 'NONE', #2450, 1000.000000000000000 ) ;
#2974 = VECTOR ( 'NONE', #3021, 1000.000000000000000 ) ;
#2975 = EDGE_LOOP ( 'NONE', ( #1180, #2982, #3591, #3814 ) ) ;
#2976 = EDGE_LOOP ( 'NONE', ( #3628, #421, #2844, #4768 ) ) ;
#2977 = AXIS2_PLACEMENT_3D ( 'NONE', #466, #1156, #1601 ) ;
#2978 = VECTOR ( 'NONE', #3255, 1000.000000000000000 ) ;
#2979 = DIRECTION ( 'NONE',  ( 0.000000000000000000, 0.000000000000000000, -1.000000000000000000 ) ) ;
#2980 = LINE ( 'NONE', #4495, #3757 ) ;
#2981 = DIRECTION ( 'NONE',  ( 0.000000000000000000, -1.000000000000000000, 0.000000000000000000 ) ) ;
#2982 = ORIENTED_EDGE ( 'NONE', *, *, #3917, .F. ) ;
#2983 = VECTOR ( 'NONE', #3478, 1000.000000000000000 ) ;
#2984 = VERTEX_POINT ( 'NONE', #3729 ) ;
#2985 = AXIS2_PLACEMENT_3D ( 'NONE', #3976, #565, #193 ) ;
#2986 = VECTOR ( 'NONE', #3019, 1000.000000000000000 ) ;
#2987 = DIRECTION ( 'NONE',  ( 1.000000000000000000, 0.000000000000000000, 0.000000000000000000 ) ) ;
#2988 = ORIENTED_EDGE ( 'NONE', *, *, #4572, .F. ) ;
#2989 = DIRECTION ( 'NONE',  ( -0.9284766908852662981, -0.3713906763540865685, 0.000000000000000000 ) ) ;
#2990 = DIRECTION ( 'NONE',  ( 0.000000000000000000, -1.000000000000000000, 0.000000000000000000 ) ) ;
#2991 = CARTESIAN_POINT ( 'NONE',  ( -1.574999999999999956, 1.580000000000000071, -0.7699999999999999067 ) ) ;
#2992 = CARTESIAN_POINT ( 'NONE',  ( 5.400000000000000355, -0.9399999999999999467, 0.2999999999999999889 ) ) ;
#2993 = ORIENTED_EDGE ( 'NONE', *, *, #3806, .F. ) ;
#2994 = ORIENTED_EDGE ( 'NONE', *, *, #4848, .F. ) ;
#2995 = ADVANCED_FACE ( 'NONE', ( #3 ), #3386, .T. ) ;
#2996 = CARTESIAN_POINT ( 'NONE',  ( -0.8400000000000000799, -0.9399999999999999467, 2.899999999999999911 ) ) ;
#2997 = PLANE ( 'NONE',  #4490 ) ;
#2998 = CARTESIAN_POINT ( 'NONE',  ( 5.200000000000000178, 9.080000000000000071, -0.1399999999999999856 ) ) ;
#2999 = ORIENTED_EDGE ( 'NONE', *, *, #1591, .T. ) ;
#3000 = EDGE_CURVE ( 'NONE', #711, #4564, #2312, .T. ) ;
#3001 = CARTESIAN_POINT ( 'NONE',  ( 4.114999999999999325, 1.580000000000000071, -0.7699999999999999067 ) ) ;
#3002 = CARTESIAN_POINT ( 'NONE',  ( -2.220000000000000195, 8.580000000000000071, -0.3400000000000000244 ) ) ;
#3003 = CARTESIAN_POINT ( 'NONE',  ( -0.3200000000000000067, 1.580000000000000071, -0.3400000000000000244 ) ) ;
#3004 = ORIENTED_EDGE ( 'NONE', *, *, #27, .F. ) ;
#3005 = ORIENTED_EDGE ( 'NONE', *, *, #339, .F. ) ;
#3006 = ORIENTED_EDGE ( 'NONE', *, *, #3621, .F. ) ;
#3007 = EDGE_CURVE ( 'NONE', #4592, #4628, #766, .T. ) ;
#3008 = CARTESIAN_POINT ( 'NONE',  ( 2.419999999999999929, -5.139999999999999680, -0.1399999999999999856 ) ) ;
#3009 = EDGE_LOOP ( 'NONE', ( #778, #561, #3374, #1328 ) ) ;
#3010 = FACE_OUTER_BOUND ( 'NONE', #3014, .T. ) ;
#3011 = CARTESIAN_POINT ( 'NONE',  ( 0.8400000000000000799, -0.9399999999999999467, 2.899999999999999911 ) ) ;
#3012 = PLANE ( 'NONE',  #3592 ) ;
#3013 = PLANE ( 'NONE',  #1776 ) ;
#3014 = EDGE_LOOP ( 'NONE', ( #2247, #1847, #2366, #855 ) ) ;
#3015 = ORIENTED_EDGE ( 'NONE', *, *, #4596, .T. ) ;
#3016 = LINE ( 'NONE', #4879, #3203 ) ;
#3017 = FACE_OUTER_BOUND ( 'NONE', #2948, .T. ) ;
#3018 = EDGE_LOOP ( 'NONE', ( #4085, #3468, #1807, #234 ) ) ;
#3019 = DIRECTION ( 'NONE',  ( 0.000000000000000000, 1.000000000000000000, 0.000000000000000000 ) ) ;
#3020 = CARTESIAN_POINT ( 'NONE',  ( 3.380000000000000338, -0.9399999999999999467, 0.8249999999999999556 ) ) ;
#3021 = DIRECTION ( 'NONE',  ( 1.000000000000000000, 0.000000000000000000, 0.000000000000000000 ) ) ;
#3022 = ORIENTED_EDGE ( 'NONE', *, *, #230, .T. ) ;
#3023 = EDGE_CURVE ( 'NONE', #4736, #480, #4484, .T. ) ;
#3024 = ORIENTED_EDGE ( 'NONE', *, *, #2024, .T. ) ;
#3025 = ORIENTED_EDGE ( 'NONE', *, *, #3746, .T. ) ;
#3026 = EDGE_CURVE ( 'NONE', #1366, #3034, #3016, .T. ) ;
#3027 = CARTESIAN_POINT ( 'NONE',  ( 5.400000000000000355, 8.580000000000000071, 0.2999999999999999889 ) ) ;
#3028 = ORIENTED_EDGE ( 'NONE', *, *, #2032, .T. ) ;
#3029 = LINE ( 'NONE', #3379, #2104 ) ;
#3030 = CARTESIAN_POINT ( 'NONE',  ( -3.504999999999999893, 1.580000000000000071, -0.7699999999999999067 ) ) ;
#3031 = CARTESIAN_POINT ( 'NONE',  ( -6.349999999999999645, -1.580000000000000071, 2.899999999999999911 ) ) ;
#3032 = EDGE_CURVE ( 'NONE', #3911, #788, #1822, .T. ) ;
#3033 = CARTESIAN_POINT ( 'NONE',  ( 1.699999999999999956, -1.270000000000000018, 1.600000000000000089 ) ) ;
#3034 = VERTEX_POINT ( 'NONE', #1077 ) ;
#3035 = VECTOR ( 'NONE', #4503, 1000.000000000000000 ) ;
#3036 = FACE_OUTER_BOUND ( 'NONE', #1924, .T. ) ;
#3037 = CARTESIAN_POINT ( 'NONE',  ( -3.504999999999999893, -1.580000000000000071, -0.7699999999999999067 ) ) ;
#3038 = EDGE_LOOP ( 'NONE', ( #1480, #2781, #2660, #3194 ) ) ;
#3039 = VECTOR ( 'NONE', #1638, 1000.000000000000000 ) ;
#3040 = VECTOR ( 'NONE', #4563, 1000.000000000000000 ) ;
#3041 = CARTESIAN_POINT ( 'NONE',  ( 2.220000000000000195, -0.9399999999999999467, 0.2999999999999999889 ) ) ;
#3042 = CARTESIAN_POINT ( 'NONE',  ( 4.760000000000000675, 0.000000000000000000, 0.000000000000000000 ) ) ;
#3043 = FACE_OUTER_BOUND ( 'NONE', #2311, .T. ) ;
#3044 = EDGE_LOOP ( 'NONE', ( #190, #3461, #2328, #4742 ) ) ;
#3045 = ORIENTED_EDGE ( 'NONE', *, *, #2762, .F. ) ;
#3046 = VECTOR ( 'NONE', #2400, 1000.000000000000000 ) ;
#3047 = AXIS2_PLACEMENT_3D ( 'NONE', #1118, #1170, #315 ) ;
#3048 = CARTESIAN_POINT ( 'NONE',  ( 5.080000000000000071, 9.369999999999999218, -2.899999999999999911 ) ) ;
#3049 = ORIENTED_EDGE ( 'NONE', *, *, #3403, .T. ) ;
#3050 = LINE ( 'NONE', #1183, #1309 ) ;
#3051 = FACE_BOUND ( 'NONE', #3044, .T. ) ;
#3052 = DIRECTION ( 'NONE',  ( 1.000000000000000000, 0.000000000000000000, 0.000000000000000000 ) ) ;
#3053 = VECTOR ( 'NONE', #1004, 1000.000000000000000 ) ;
#3054 = VECTOR ( 'NONE', #3418, 1000.000000000000000 ) ;
#3055 = ADVANCED_FACE ( 'NONE', ( #1896 ), #2293, .T. ) ;
#3056 = COLOUR_RGB ( '',0.7921568627450980005, 0.8196078431372548767, 0.9333333333333333481 ) ;
#3057 = AXIS2_PLACEMENT_3D ( 'NONE', #1703, #4388, #3959 ) ;
#3058 = ADVANCED_FACE ( 'NONE', ( #2646 ), #1522, .F. ) ;
#3059 = UNCERTAINTY_MEASURE_WITH_UNIT (LENGTH_MEASURE( 1.000000000000000082E-05 ), #1848, 'distance_accuracy_value', 'NONE');
#3060 = CARTESIAN_POINT ( 'NONE',  ( -4.959999999999999964, -5.139999999999999680, 0.09999999999998999967 ) ) ;
#3061 = CARTESIAN_POINT ( 'NONE',  ( -1.699999999999999956, -0.9399999999999999467, 0.8249999999999999556 ) ) ;
#3062 = AXIS2_PLACEMENT_3D ( 'NONE', #4438, #2124, #1379 ) ;
#3063 = EDGE_LOOP ( 'NONE', ( #3765, #4934, #1049, #4488 ) ) ;
#3064 = ADVANCED_FACE ( 'NONE', ( #3036 ), #1482, .F. ) ;
#3065 = CARTESIAN_POINT ( 'NONE',  ( 5.080000000000000071, 5.400000000000000355, -1.369999999999999885 ) ) ;
#3066 = SURFACE_STYLE_FILL_AREA ( #2455 ) ;
#3067 = VERTEX_POINT ( 'NONE', #3331 ) ;
#3068 = FACE_OUTER_BOUND ( 'NONE', #3840, .T. ) ;
#3069 = CARTESIAN_POINT ( 'NONE',  ( 4.760000000000000675, -4.639999999999999680, 0.2999999999999999889 ) ) ;
#3070 = CARTESIAN_POINT ( 'NONE',  ( 2.860000000000000320, 1.580000000000000071, -0.3400000000000000244 ) ) ;
#3071 = PLANE ( 'NONE',  #1615 ) ;
#3072 = VERTEX_POINT ( 'NONE', #1451 ) ;
#3073 = EDGE_LOOP ( 'NONE', ( #592, #1899, #4685, #2806 ) ) ;
#3074 = LINE ( 'NONE', #2705, #4871 ) ;
#3075 = ORIENTED_EDGE ( 'NONE', *, *, #2939, .F. ) ;
#3076 = LINE ( 'NONE', #3791, #3284 ) ;
#3077 = CARTESIAN_POINT ( 'NONE',  ( -0.8400000000000000799, -0.9399999999999999467, -1.600000000000000089 ) ) ;
#3078 = DIRECTION ( 'NONE',  ( 0.000000000000000000, 0.000000000000000000, 1.000000000000000000 ) ) ;
#3079 = EDGE_CURVE ( 'NONE', #2628, #110, #719, .T. ) ;
#3080 = CARTESIAN_POINT ( 'NONE',  ( 4.114999999999999325, 1.580000000000000071, 0.7299999999999999822 ) ) ;
#3081 = DIRECTION ( 'NONE',  ( 0.000000000000000000, 0.000000000000000000, 1.000000000000000000 ) ) ;
#3082 = ADVANCED_FACE ( 'NONE', ( #696 ), #2221, .T. ) ;
#3083 = VERTEX_POINT ( 'NONE', #2367 ) ;
#3084 = CARTESIAN_POINT ( 'NONE',  ( 2.419999999999999929, 9.080000000000000071, 0.09999999999998999967 ) ) ;
#3085 = DIRECTION ( 'NONE',  ( 0.000000000000000000, 0.000000000000000000, 1.000000000000000000 ) ) ;
#3086 = EDGE_CURVE ( 'NONE', #105, #749, #882, .T. ) ;
#3087 = FACE_OUTER_BOUND ( 'NONE', #991, .T. ) ;
#3088 = CARTESIAN_POINT ( 'NONE',  ( -2.860000000000000320, -5.139999999999999680, -0.3400000000000000244 ) ) ;
#3089 = LINE ( 'NONE', #61, #897 ) ;
#3090 = CARTESIAN_POINT ( 'NONE',  ( -5.080000000000000071, -4.890000000000000568, 0.2000000000000000111 ) ) ;
#3091 = ORIENTED_EDGE ( 'NONE', *, *, #953, .F. ) ;
#3092 = ORIENTED_EDGE ( 'NONE', *, *, #3108, .T. ) ;
#3093 = LINE ( 'NONE', #4339, #4491 ) ;
#3094 = ORIENTED_EDGE ( 'NONE', *, *, #4590, .F. ) ;
#3095 = LINE ( 'NONE', #2832, #2897 ) ;
#3096 = CARTESIAN_POINT ( 'NONE',  ( 0.1200000000000000094, 9.080000000000000071, 0.09999999999998999967 ) ) ;
#3097 = DIRECTION ( 'NONE',  ( 0.000000000000000000, 0.000000000000000000, -1.000000000000000000 ) ) ;
#3098 = ORIENTED_EDGE ( 'NONE', *, *, #3171, .F. ) ;
#3099 = ORIENTED_EDGE ( 'NONE', *, *, #1171, .T. ) ;
#3100 = DIRECTION ( 'NONE',  ( 0.000000000000000000, 1.000000000000000000, 0.000000000000000000 ) ) ;
#3101 = CARTESIAN_POINT ( 'NONE',  ( -6.349999999999999645, 1.580000000000000071, 2.899999999999999911 ) ) ;
#3102 = ORIENTED_EDGE ( 'NONE', *, *, #885, .T. ) ;
#3103 = CARTESIAN_POINT ( 'NONE',  ( 2.540000000000000036, 8.830000000000000071, 0.2000000000000000111 ) ) ;
#3104 = DIRECTION ( 'NONE',  ( 1.000000000000000000, 0.000000000000000000, 0.000000000000000000 ) ) ;
#3105 = EDGE_CURVE ( 'NONE', #1397, #3673, #1296, .T. ) ;
#3106 = EDGE_LOOP ( 'NONE', ( #2563, #3943, #2082, #3393 ) ) ;
#3107 = VECTOR ( 'NONE', #1322, 1000.000000000000114 ) ;
#3108 = EDGE_CURVE ( 'NONE', #4087, #990, #4327, .T. ) ;
#3109 = EDGE_CURVE ( 'NONE', #1161, #3341, #2815, .T. ) ;
#3110 = CARTESIAN_POINT ( 'NONE',  ( 2.660000000000000142, 9.080000000000000071, 0.09999999999998999967 ) ) ;
#3111 = CARTESIAN_POINT ( 'NONE',  ( -4.760000000000000675, 8.580000000000000071, -0.3400000000000000244 ) ) ;
#3112 = DIRECTION ( 'NONE',  ( 0.000000000000000000, 0.000000000000000000, -1.000000000000000000 ) ) ;
#3113 = LINE ( 'NONE', #3432, #813 ) ;
#3114 = DIRECTION ( 'NONE',  ( 1.000000000000000000, 0.000000000000000000, 0.000000000000000000 ) ) ;
#3115 = VECTOR ( 'NONE', #4467, 1000.000000000000000 ) ;
#3116 = ORIENTED_EDGE ( 'NONE', *, *, #2788, .F. ) ;
#3117 = CARTESIAN_POINT ( 'NONE',  ( 5.200000000000000178, 9.080000000000000071, -0.1399999999999999856 ) ) ;
#3118 = EDGE_LOOP ( 'NONE', ( #1070, #4489, #3221, #4300 ) ) ;
#3119 = DIRECTION ( 'NONE',  ( 0.000000000000000000, 1.000000000000000000, 0.000000000000000000 ) ) ;
#3120 = CARTESIAN_POINT ( 'NONE',  ( -4.114999999999999325, 1.580000000000000071, -0.7699999999999999067 ) ) ;
#3121 = CARTESIAN_POINT ( 'NONE',  ( 4.959999999999999964, -5.139999999999999680, -0.1399999999999999856 ) ) ;
#3122 = VERTEX_POINT ( 'NONE', #914 ) ;
#3123 = VECTOR ( 'NONE', #2405, 1000.000000000000000 ) ;
#3124 = AXIS2_PLACEMENT_3D ( 'NONE', #3752, #2411, #2789 ) ;
#3125 = VECTOR ( 'NONE', #2350, 1000.000000000000000 ) ;
#3126 = AXIS2_PLACEMENT_3D ( 'NONE', #4147, #758, #2619 ) ;
#3127 = ORIENTED_EDGE ( 'NONE', *, *, #73, .T. ) ;
#3128 = DIRECTION ( 'NONE',  ( -0.3713906763540865130, 0.9284766908852661871, 0.000000000000000000 ) ) ;
#3129 = LINE ( 'NONE', #2785, #4693 ) ;
#3130 = ORIENTED_EDGE ( 'NONE', *, *, #634, .F. ) ;
#3131 = PRESENTATION_LAYER_ASSIGNMENT (  '', '', ( #422 ) ) ;
#3132 = VECTOR ( 'NONE', #1920, 1000.000000000000000 ) ;
#3133 = CARTESIAN_POINT ( 'NONE',  ( 0.1200000000000000094, 9.080000000000000071, -0.1399999999999999856 ) ) ;
#3134 = DIRECTION ( 'NONE',  ( 0.000000000000000000, 0.000000000000000000, -1.000000000000000000 ) ) ;
#3135 = VERTEX_POINT ( 'NONE', #839 ) ;
#3136 = EDGE_CURVE ( 'NONE', #1961, #917, #2436, .T. ) ;
#3137 = VECTOR ( 'NONE', #2595, 1000.000000000000000 ) ;
#3138 = CARTESIAN_POINT ( 'NONE',  ( -4.760000000000000675, -4.639999999999999680, 0.2999999999999999889 ) ) ;
#3139 = CARTESIAN_POINT ( 'NONE',  ( -3.380000000000000338, -1.270000000000000018, -0.8249999999999999556 ) ) ;
#3140 = CARTESIAN_POINT ( 'NONE',  ( 4.240000000000000213, -0.9399999999999999467, 2.899999999999999911 ) ) ;
#3141 = DIRECTION ( 'NONE',  ( -1.000000000000000000, 0.000000000000000000, 0.000000000000000000 ) ) ;
#3142 = DIRECTION ( 'NONE',  ( -1.000000000000000000, 0.000000000000000000, 0.000000000000000000 ) ) ;
#3143 = ORIENTED_EDGE ( 'NONE', *, *, #236, .T. ) ;
#3144 = LINE ( 'NONE', #92, #3527 ) ;
#3145 = EDGE_CURVE ( 'NONE', #4263, #1320, #2042, .T. ) ;
#3146 = CARTESIAN_POINT ( 'NONE',  ( -1.699999999999999956, -0.9399999999999999467, -1.600000000000000089 ) ) ;
#3147 = LINE ( 'NONE', #3543, #4321 ) ;
#3148 = FACE_OUTER_BOUND ( 'NONE', #3570, .T. ) ;
#3149 = DIRECTION ( 'NONE',  ( 1.000000000000000000, 0.000000000000000000, 0.000000000000000000 ) ) ;
#3150 = EDGE_LOOP ( 'NONE', ( #1210, #1906, #2255, #211, #4730, #3756, #1469, #1327, #2956, #1060, #2697, #2783 ) ) ;
#3151 = ADVANCED_FACE ( 'NONE', ( #3498 ), #2388, .T. ) ;
#3152 = ORIENTED_EDGE ( 'NONE', *, *, #4031, .T. ) ;
#3153 = FACE_OUTER_BOUND ( 'NONE', #4901, .T. ) ;
#3154 = CARTESIAN_POINT ( 'NONE',  ( 2.220000000000000195, -0.9399999999999999467, 0.2999999999999999889 ) ) ;
#3155 = ORIENTED_EDGE ( 'NONE', *, *, #4749, .T. ) ;
#3156 = CARTESIAN_POINT ( 'NONE',  ( 5.080000000000000071, 2.180000000000000160, -1.300000000000000044 ) ) ;
#3157 = ORIENTED_EDGE ( 'NONE', *, *, #4600, .F. ) ;
#3158 = ORIENTED_EDGE ( 'NONE', *, *, #2509, .T. ) ;
#3159 = DIRECTION ( 'NONE',  ( 0.000000000000000000, 0.3713906763540865685, -0.9284766908852662981 ) ) ;
#3160 = DIRECTION ( 'NONE',  ( 0.000000000000000000, -1.000000000000000000, 0.000000000000000000 ) ) ;
#3161 = FACE_OUTER_BOUND ( 'NONE', #277, .T. ) ;
#3162 = CARTESIAN_POINT ( 'NONE',  ( -1.699999999999999956, -0.9399999999999999467, 1.600000000000000089 ) ) ;
#3163 = VERTEX_POINT ( 'NONE', #4299 ) ;
#3164 = CARTESIAN_POINT ( 'NONE',  ( -0.3200000000000000067, 8.580000000000000071, -0.3400000000000000244 ) ) ;
#3165 = EDGE_CURVE ( 'NONE', #3252, #700, #130, .T. ) ;
#3166 = CARTESIAN_POINT ( 'NONE',  ( -5.400000000000000355, 0.000000000000000000, 0.000000000000000000 ) ) ;
#3167 = LINE ( 'NONE', #1583, #3207 ) ;
#3168 = LINE ( 'NONE', #1338, #2493 ) ;
#3169 = DIRECTION ( 'NONE',  ( 1.000000000000000000, 0.000000000000000000, 0.000000000000000000 ) ) ;
#3170 = ORIENTED_EDGE ( 'NONE', *, *, #397, .F. ) ;
#3171 = EDGE_CURVE ( 'NONE', #2612, #3632, #3178, .T. ) ;
#3172 = ADVANCED_FACE ( 'NONE', ( #860 ), #3453, .T. ) ;
#3173 = EDGE_CURVE ( 'NONE', #4640, #3252, #4593, .T. ) ;
#3174 = VERTEX_POINT ( 'NONE', #4222 ) ;
#3175 = DIRECTION ( 'NONE',  ( 0.000000000000000000, 1.000000000000000000, 0.000000000000000000 ) ) ;
#3176 = CARTESIAN_POINT ( 'NONE',  ( 5.919999999999999929, -0.9399999999999999467, 2.899999999999999911 ) ) ;
#3177 = ORIENTED_EDGE ( 'NONE', *, *, #2240, .F. ) ;
#3178 = LINE ( 'NONE', #4690, #1541 ) ;
#3179 = ORIENTED_EDGE ( 'NONE', *, *, #919, .T. ) ;
#3180 = EDGE_LOOP ( 'NONE', ( #2479, #4837, #1416, #4447 ) ) ;
#3181 = CARTESIAN_POINT ( 'NONE',  ( -0.3200000000000000067, -4.639999999999999680, 0.2999999999999999889 ) ) ;
#3182 = LINE ( 'NONE', #2098, #4243 ) ;
#3183 = FACE_OUTER_BOUND ( 'NONE', #2462, .T. ) ;
#3184 = CARTESIAN_POINT ( 'NONE',  ( 0.1200000000000000094, -5.139999999999999680, -0.1399999999999999856 ) ) ;
#3185 = VERTEX_POINT ( 'NONE', #1619 ) ;
#3186 = LINE ( 'NONE', #4700, #3447 ) ;
#3187 = AXIS2_PLACEMENT_3D ( 'NONE', #1443, #2159, #256 ) ;
#3188 = CARTESIAN_POINT ( 'NONE',  ( 2.220000000000000195, -0.9399999999999999467, -0.3400000000000000244 ) ) ;
#3189 = CARTESIAN_POINT ( 'NONE',  ( -5.400000000000000355, -0.9399999999999999467, 0.2999999999999999889 ) ) ;
#3190 = CARTESIAN_POINT ( 'NONE',  ( -0.8400000000000000799, -0.9399999999999999467, 0.8249999999999999556 ) ) ;
#3191 = DIRECTION ( 'NONE',  ( 0.000000000000000000, -1.000000000000000000, 0.000000000000000000 ) ) ;
#3192 = ORIENTED_EDGE ( 'NONE', *, *, #2297, .F. ) ;
#3193 = ADVANCED_FACE ( 'NONE', ( #811 ), #2344, .T. ) ;
#3194 = ORIENTED_EDGE ( 'NONE', *, *, #4049, .T. ) ;
#3195 = CARTESIAN_POINT ( 'NONE',  ( -4.760000000000000675, 8.580000000000000071, 0.2999999999999999889 ) ) ;
#3196 = DIRECTION ( 'NONE',  ( 0.000000000000000000, -1.000000000000000000, 0.000000000000000000 ) ) ;
#3197 = VECTOR ( 'NONE', #3812, 999.9999999999998863 ) ;
#3198 = VECTOR ( 'NONE', #798, 1000.000000000000000 ) ;
#3199 = ADVANCED_FACE ( 'NONE', ( #1968 ), #481, .T. ) ;
#3200 = ORIENTED_EDGE ( 'NONE', *, *, #3476, .T. ) ;
#3201 = EDGE_CURVE ( 'NONE', #4754, #2506, #2745, .T. ) ;
#3202 = VECTOR ( 'NONE', #2965, 1000.000000000000000 ) ;
#3203 = VECTOR ( 'NONE', #4183, 999.9999999999998863 ) ;
#3204 = CARTESIAN_POINT ( 'NONE',  ( -5.400000000000000355, 0.000000000000000000, 0.000000000000000000 ) ) ;
#3205 = EDGE_LOOP ( 'NONE', ( #599, #1121, #3720, #4770 ) ) ;
#3206 = VECTOR ( 'NONE', #1763, 1000.000000000000000 ) ;
#3207 = VECTOR ( 'NONE', #2778, 1000.000000000000000 ) ;
#3208 = VERTEX_POINT ( 'NONE', #4277 ) ;
#3209 = VECTOR ( 'NONE', #178, 1000.000000000000000 ) ;
#3210 = CARTESIAN_POINT ( 'NONE',  ( -2.419999999999999929, 9.080000000000000071, 0.09999999999998999967 ) ) ;
#3211 = CARTESIAN_POINT ( 'NONE',  ( -5.400000000000000355, -5.139999999999999680, 0.2999999999999999889 ) ) ;
#3212 = FACE_OUTER_BOUND ( 'NONE', #2302, .T. ) ;
#3213 = CARTESIAN_POINT ( 'NONE',  ( -4.959999999999999964, 9.080000000000000071, 0.09999999999998999967 ) ) ;
#3214 = EDGE_LOOP ( 'NONE', ( #347, #4171, #4273, #2212 ) ) ;
#3215 = DIRECTION ( 'NONE',  ( -0.000000000000000000, 1.000000000000000000, 0.000000000000000000 ) ) ;
#3216 = PLANE ( 'NONE',  #1317 ) ;
#3217 = CARTESIAN_POINT ( 'NONE',  ( -2.860000000000000320, 0.000000000000000000, 0.000000000000000000 ) ) ;
#3218 = LINE ( 'NONE', #3617, #4239 ) ;
#3219 = DIRECTION ( 'NONE',  ( 0.000000000000000000, 0.000000000000000000, 1.000000000000000000 ) ) ;
#3220 = EDGE_LOOP ( 'NONE', ( #2220, #1096, #1929, #1797 ) ) ;
#3221 = ORIENTED_EDGE ( 'NONE', *, *, #3541, .T. ) ;
#3222 = VERTEX_POINT ( 'NONE', #3892 ) ;
#3223 = CARTESIAN_POINT ( 'NONE',  ( 2.220000000000000195, 9.080000000000000071, -0.3400000000000000244 ) ) ;
#3224 = LINE ( 'NONE', #2113, #2256 ) ;
#3225 = LINE ( 'NONE', #2062, #155 ) ;
#3226 = EDGE_CURVE ( 'NONE', #3652, #301, #2015, .T. ) ;
#3227 = ORIENTED_EDGE ( 'NONE', *, *, #947, .T. ) ;
#3228 = CARTESIAN_POINT ( 'NONE',  ( -2.220000000000000195, -4.639999999999999680, -0.3400000000000000244 ) ) ;
#3229 = EDGE_CURVE ( 'NONE', #129, #2654, #412, .T. ) ;
#3230 = EDGE_LOOP ( 'NONE', ( #4875, #2761, #3988, #2693, #2259, #177 ) ) ;
#3231 = LINE ( 'NONE', #996, #3365 ) ;
#3232 = ORIENTED_EDGE ( 'NONE', *, *, #1932, .T. ) ;
#3233 = DIRECTION ( 'NONE',  ( 1.000000000000000000, 0.000000000000000000, 0.000000000000000000 ) ) ;
#3234 = CARTESIAN_POINT ( 'NONE',  ( -2.419999999999999929, -5.139999999999999680, 0.09999999999998999967 ) ) ;
#3235 = ADVANCED_FACE ( 'NONE', ( #2486 ), #1371, .T. ) ;
#3236 = LINE ( 'NONE', #2146, #1686 ) ;
#3237 = CARTESIAN_POINT ( 'NONE',  ( -4.114999999999999325, 1.580000000000000071, -0.7699999999999999067 ) ) ;
#3238 = ORIENTED_EDGE ( 'NONE', *, *, #3917, .T. ) ;
#3239 = CARTESIAN_POINT ( 'NONE',  ( 1.699999999999999956, -1.270000000000000018, -0.8249999999999999556 ) ) ;
#3240 = LINE ( 'NONE', #3263, #2905 ) ;
#3241 = DIRECTION ( 'NONE',  ( 0.000000000000000000, 0.000000000000000000, 1.000000000000000000 ) ) ;
#3242 = FACE_OUTER_BOUND ( 'NONE', #2868, .T. ) ;
#3243 = EDGE_LOOP ( 'NONE', ( #3116, #2943, #4468, #3941 ) ) ;
#3244 = ORIENTED_EDGE ( 'NONE', *, *, #2239, .T. ) ;
#3245 = ORIENTED_EDGE ( 'NONE', *, *, #4446, .T. ) ;
#3246 = CARTESIAN_POINT ( 'NONE',  ( 2.220000000000000195, -5.139999999999999680, -0.3400000000000000244 ) ) ;
#3247 = CARTESIAN_POINT ( 'NONE',  ( 4.760000000000000675, -4.639999999999999680, 0.2999999999999999889 ) ) ;
#3248 = LINE ( 'NONE', #4397, #1529 ) ;
#3249 = VERTEX_POINT ( 'NONE', #261 ) ;
#3250 = ADVANCED_FACE ( 'NONE', ( #2089 ), #635, .F. ) ;
#3251 = DIRECTION ( 'NONE',  ( 0.000000000000000000, 1.000000000000000000, 0.000000000000000000 ) ) ;
#3252 = VERTEX_POINT ( 'NONE', #2940 ) ;
#3253 = LINE ( 'NONE', #4408, #93 ) ;
#3254 = ORIENTED_EDGE ( 'NONE', *, *, #425, .T. ) ;
#3255 = DIRECTION ( 'NONE',  ( 0.000000000000000000, -1.000000000000000000, 0.000000000000000000 ) ) ;
#3256 = LINE ( 'NONE', #3556, #2187 ) ;
#3257 = PLANE ( 'NONE',  #4562 ) ;
#3258 = DIRECTION ( 'NONE',  ( 0.000000000000000000, -1.000000000000000000, 0.000000000000000000 ) ) ;
#3259 = ORIENTED_EDGE ( 'NONE', *, *, #230, .F. ) ;
#3260 = CARTESIAN_POINT ( 'NONE',  ( -6.349999999999999645, -1.580000000000000071, 2.899999999999999911 ) ) ;
#3261 = ADVANCED_FACE ( 'NONE', ( #3577 ), #3672, .F. ) ;
#3262 = EDGE_CURVE ( 'NONE', #883, #3713, #2117, .T. ) ;
#3263 = CARTESIAN_POINT ( 'NONE',  ( -0.8400000000000000799, -1.580000000000000071, -2.899999999999999911 ) ) ;
#3264 = LINE ( 'NONE', #3589, #3997 ) ;
#3265 = LINE ( 'NONE', #3317, #2887 ) ;
#3266 = EDGE_LOOP ( 'NONE', ( #4329, #3094, #4498, #784 ) ) ;
#3267 = EDGE_CURVE ( 'NONE', #3708, #4445, #187, .T. ) ;
#3268 = VECTOR ( 'NONE', #2570, 1000.000000000000000 ) ;
#3269 = ORIENTED_EDGE ( 'NONE', *, *, #2110, .F. ) ;
#3270 = DIRECTION ( 'NONE',  ( 0.000000000000000000, 0.000000000000000000, -1.000000000000000000 ) ) ;
#3271 = CARTESIAN_POINT ( 'NONE',  ( 5.919999999999999929, -1.580000000000000071, 2.899999999999999911 ) ) ;
#3272 = DIRECTION ( 'NONE',  ( 1.000000000000000000, 0.000000000000000000, 0.000000000000000000 ) ) ;
#3273 = VECTOR ( 'NONE', #1164, 1000.000000000000000 ) ;
#3274 = VERTEX_POINT ( 'NONE', #4027 ) ;
#3275 = AXIS2_PLACEMENT_3D ( 'NONE', #894, #2422, #4697 ) ;
#3276 = CARTESIAN_POINT ( 'NONE',  ( -4.760000000000000675, 8.580000000000000071, 0.2999999999999999889 ) ) ;
#3277 = ORIENTED_EDGE ( 'NONE', *, *, #4026, .T. ) ;
#3278 = CARTESIAN_POINT ( 'NONE',  ( 1.699999999999999956, -0.9399999999999999467, -0.8249999999999999556 ) ) ;
#3279 = EDGE_LOOP ( 'NONE', ( #4255, #3269, #4059, #708 ) ) ;
#3280 = VECTOR ( 'NONE', #3915, 1000.000000000000000 ) ;
#3281 = VECTOR ( 'NONE', #2922, 1000.000000000000000 ) ;
#3282 = CARTESIAN_POINT ( 'NONE',  ( 1.699999999999999956, -0.9399999999999999467, -1.600000000000000089 ) ) ;
#3283 = VECTOR ( 'NONE', #2552, 1000.000000000000000 ) ;
#3284 = VECTOR ( 'NONE', #3835, 999.9999999999998863 ) ;
#3285 = CARTESIAN_POINT ( 'NONE',  ( -1.699999999999999956, -0.9399999999999999467, 1.600000000000000089 ) ) ;
#3286 = DIRECTION ( 'NONE',  ( 0.000000000000000000, -1.000000000000000000, 0.000000000000000000 ) ) ;
#3287 = ORIENTED_EDGE ( 'NONE', *, *, #2921, .T. ) ;
#3288 = CARTESIAN_POINT ( 'NONE',  ( -5.400000000000000355, -5.139999999999999680, -0.3400000000000000244 ) ) ;
#3289 = EDGE_CURVE ( 'NONE', #2836, #1513, #2138, .T. ) ;
#3290 = AXIS2_PLACEMENT_3D ( 'NONE', #1099, #345, #365 ) ;
#3291 = VECTOR ( 'NONE', #3540, 1000.000000000000000 ) ;
#3292 = VECTOR ( 'NONE', #772, 999.9999999999998863 ) ;
#3293 = LINE ( 'NONE', #4732, #184 ) ;
#3294 = LINE ( 'NONE', #1805, #980 ) ;
#3295 = PLANE ( 'NONE',  #1376 ) ;
#3296 = AXIS2_PLACEMENT_3D ( 'NONE', #2751, #4601, #4674 ) ;
#3297 = ORIENTED_EDGE ( 'NONE', *, *, #1286, .F. ) ;
#3298 = EDGE_CURVE ( 'NONE', #2060, #249, #4405, .T. ) ;
#3299 = VERTEX_POINT ( 'NONE', #1715 ) ;
#3300 = ORIENTED_EDGE ( 'NONE', *, *, #4463, .F. ) ;
#3301 = DIRECTION ( 'NONE',  ( 0.000000000000000000, 1.000000000000000000, 0.000000000000000000 ) ) ;
#3302 = CARTESIAN_POINT ( 'NONE',  ( -4.959999999999999964, -5.139999999999999680, -0.1399999999999999856 ) ) ;
#3303 = DIRECTION ( 'NONE',  ( 0.000000000000000000, 1.000000000000000000, 0.000000000000000000 ) ) ;
#3304 = EDGE_CURVE ( 'NONE', #110, #2498, #152, .T. ) ;
#3305 = CARTESIAN_POINT ( 'NONE',  ( -1.699999999999999956, -1.580000000000000071, 2.899999999999999911 ) ) ;
#3306 = ORIENTED_EDGE ( 'NONE', *, *, #683, .T. ) ;
#3307 = LINE ( 'NONE', #2461, #2896 ) ;
#3308 = ORIENTED_EDGE ( 'NONE', *, *, #2270, .F. ) ;
#3309 = LINE ( 'NONE', #2143, #2491 ) ;
#3310 = CARTESIAN_POINT ( 'NONE',  ( 0.3200000000000000067, -4.639999999999999680, 0.2999999999999999889 ) ) ;
#3311 = CARTESIAN_POINT ( 'NONE',  ( 5.080000000000000071, 0.000000000000000000, 0.000000000000000000 ) ) ;
#3312 = ORIENTED_EDGE ( 'NONE', *, *, #3262, .F. ) ;
#3313 = PLANE ( 'NONE',  #3920 ) ;
#3314 = CARTESIAN_POINT ( 'NONE',  ( 2.660000000000000142, -5.139999999999999680, -0.1399999999999999856 ) ) ;
#3315 = ADVANCED_FACE ( 'NONE', ( #3603 ), #4797, .F. ) ;
#3316 = PLANE ( 'NONE',  #3912 ) ;
#3317 = CARTESIAN_POINT ( 'NONE',  ( 5.400000000000000355, -4.639999999999999680, 0.2999999999999999889 ) ) ;
#3318 = ORIENTED_EDGE ( 'NONE', *, *, #878, .F. ) ;
#3319 = ORIENTED_EDGE ( 'NONE', *, *, #490, .T. ) ;
#3320 = ADVANCED_FACE ( 'NONE', ( #1689 ), #1036, .F. ) ;
#3321 = ORIENTED_EDGE ( 'NONE', *, *, #1962, .T. ) ;
#3322 = DIRECTION ( 'NONE',  ( 0.000000000000000000, 0.000000000000000000, 1.000000000000000000 ) ) ;
#3323 = LINE ( 'NONE', #2236, #3909 ) ;
#3324 = CARTESIAN_POINT ( 'NONE',  ( 0.8400000000000000799, -0.9399999999999999467, -1.600000000000000089 ) ) ;
#3325 = EDGE_CURVE ( 'NONE', #1134, #1563, #613, .T. ) ;
#3326 = ADVANCED_FACE ( 'NONE', ( #1404 ), #1760, .T. ) ;
#3327 = LINE ( 'NONE', #3033, #4351 ) ;
#3328 = ORIENTED_EDGE ( 'NONE', *, *, #3408, .T. ) ;
#3329 = LINE ( 'NONE', #2942, #3206 ) ;
#3330 = ORIENTED_EDGE ( 'NONE', *, *, #581, .T. ) ;
#3331 = CARTESIAN_POINT ( 'NONE',  ( 1.699999999999999956, -0.9399999999999999467, -2.899999999999999911 ) ) ;
#3332 = CARTESIAN_POINT ( 'NONE',  ( -5.400000000000000355, -0.9399999999999999467, 0.2999999999999999889 ) ) ;
#3333 = LINE ( 'NONE', #1939, #2717 ) ;
#3334 = EDGE_LOOP ( 'NONE', ( #266, #3402, #1771, #4836 ) ) ;
#3335 = CARTESIAN_POINT ( 'NONE',  ( -1.699999999999999956, -1.270000000000000018, 0.8249999999999999556 ) ) ;
#3336 = ORIENTED_EDGE ( 'NONE', *, *, #3289, .F. ) ;
#3337 = CARTESIAN_POINT ( 'NONE',  ( 4.760000000000000675, 8.580000000000000071, 0.2999999999999999889 ) ) ;
#3338 = ORIENTED_EDGE ( 'NONE', *, *, #543, .F. ) ;
#3339 = CARTESIAN_POINT ( 'NONE',  ( 2.860000000000000320, 8.580000000000000071, 0.2999999999999999889 ) ) ;
#3340 = CARTESIAN_POINT ( 'NONE',  ( -0.8400000000000000799, -0.9399999999999999467, 2.899999999999999911 ) ) ;
#3341 = VERTEX_POINT ( 'NONE', #2865 ) ;
#3342 = VERTEX_POINT ( 'NONE', #4744 ) ;
#3343 = ORIENTED_EDGE ( 'NONE', *, *, #983, .T. ) ;
#3344 = CARTESIAN_POINT ( 'NONE',  ( -3.850000000000000089, 1.580000000000000071, 1.600000000000000089 ) ) ;
#3345 = ORIENTED_EDGE ( 'NONE', *, *, #210, .T. ) ;
#3346 = LINE ( 'NONE', #281, #663 ) ;
#3347 = DIRECTION ( 'NONE',  ( -1.000000000000000000, 0.000000000000000000, 0.000000000000000000 ) ) ;
#3348 = DIRECTION ( 'NONE',  ( 1.000000000000000000, 0.000000000000000000, 0.000000000000000000 ) ) ;
#3349 = VECTOR ( 'NONE', #4071, 1000.000000000000000 ) ;
#3350 = EDGE_CURVE ( 'NONE', #3708, #1709, #4767, .T. ) ;
#3351 = DIRECTION ( 'NONE',  ( 0.000000000000000000, 1.000000000000000000, 0.000000000000000000 ) ) ;
#3352 = VECTOR ( 'NONE', #2709, 1000.000000000000000 ) ;
#3353 = ORIENTED_EDGE ( 'NONE', *, *, #513, .T. ) ;
#3354 = EDGE_CURVE ( 'NONE', #3710, #2325, #960, .T. ) ;
#3355 = VERTEX_POINT ( 'NONE', #4432 ) ;
#3356 = VECTOR ( 'NONE', #2981, 1000.000000000000000 ) ;
#3357 = CARTESIAN_POINT ( 'NONE',  ( 5.919999999999999929, -1.580000000000000071, 2.899999999999999911 ) ) ;
#3358 = DIRECTION ( 'NONE',  ( -1.000000000000000000, 0.000000000000000000, 0.000000000000000000 ) ) ;
#3359 = AXIS2_PLACEMENT_3D ( 'NONE', #3862, #1261, #4245 ) ;
#3360 = AXIS2_PLACEMENT_3D ( 'NONE', #3855, #62, #1602 ) ;
#3361 = EDGE_LOOP ( 'NONE', ( #549, #7, #2638, #4191 ) ) ;
#3362 = ADVANCED_FACE ( 'NONE', ( #1015 ), #3013, .T. ) ;
#3363 = CARTESIAN_POINT ( 'NONE',  ( 3.504999999999999893, -1.580000000000000071, 0.7299999999999999822 ) ) ;
#3364 = EDGE_LOOP ( 'NONE', ( #2063, #580, #1038, #2303 ) ) ;
#3365 = VECTOR ( 'NONE', #4747, 1000.000000000000000 ) ;
#3366 = VECTOR ( 'NONE', #1845, 1000.000000000000000 ) ;
#3367 = LINE ( 'NONE', #4511, #2986 ) ;
#3368 = DIRECTION ( 'NONE',  ( -1.000000000000000000, 0.000000000000000000, 0.000000000000000000 ) ) ;
#3369 = CARTESIAN_POINT ( 'NONE',  ( 4.760000000000000675, -5.139999999999999680, -0.3400000000000000244 ) ) ;
#3370 = ORIENTED_EDGE ( 'NONE', *, *, #2847, .F. ) ;
#3371 = MECHANICAL_DESIGN_GEOMETRIC_PRESENTATION_REPRESENTATION (  '', ( #422 ), #1072 ) ;
#3372 = AXIS2_PLACEMENT_3D ( 'NONE', #3861, #2034, #1677 ) ;
#3373 = ORIENTED_EDGE ( 'NONE', *, *, #1781, .T. ) ;
#3374 = ORIENTED_EDGE ( 'NONE', *, *, #4092, .T. ) ;
#3375 = VERTEX_POINT ( 'NONE', #3422 ) ;
#3376 = AXIS2_PLACEMENT_3D ( 'NONE', #892, #2793, #2698 ) ;
#3377 = CARTESIAN_POINT ( 'NONE',  ( -2.860000000000000320, 8.580000000000000071, -0.3400000000000000244 ) ) ;
#3378 = ORIENTED_EDGE ( 'NONE', *, *, #2202, .F. ) ;
#3379 = CARTESIAN_POINT ( 'NONE',  ( -2.860000000000000320, 1.580000000000000071, 0.2999999999999999889 ) ) ;
#3380 = LINE ( 'NONE', #3743, #1141 ) ;
#3381 = CARTESIAN_POINT ( 'NONE',  ( 0.000000000000000000, -4.890000000000000568, 0.2000000000000000111 ) ) ;
#3382 = LINE ( 'NONE', #2008, #2594 ) ;
#3383 = VERTEX_POINT ( 'NONE', #311 ) ;
#3384 = VERTEX_POINT ( 'NONE', #1115 ) ;
#3385 = EDGE_CURVE ( 'NONE', #1134, #1580, #4900, .T. ) ;
#3386 = PLANE ( 'NONE',  #3047 ) ;
#3387 = DIRECTION ( 'NONE',  ( 0.3481553119113956485, -0.8703882797784894265, -0.3481553119113956485 ) ) ;
#3388 = ORIENTED_EDGE ( 'NONE', *, *, #2691, .T. ) ;
#3389 = EDGE_CURVE ( 'NONE', #4736, #3911, #4153, .T. ) ;
#3390 = CARTESIAN_POINT ( 'NONE',  ( -0.3200000000000000067, -4.639999999999999680, -0.3400000000000000244 ) ) ;
#3391 = CARTESIAN_POINT ( 'NONE',  ( -5.400000000000000355, 1.580000000000000071, -0.3400000000000000244 ) ) ;
#3392 = CARTESIAN_POINT ( 'NONE',  ( -5.080000000000000071, 1.580000000000000071, -2.899999999999999911 ) ) ;
#3393 = ORIENTED_EDGE ( 'NONE', *, *, #3554, .F. ) ;
#3394 = ORIENTED_EDGE ( 'NONE', *, *, #2762, .T. ) ;
#3395 = ORIENTED_EDGE ( 'NONE', *, *, #1019, .T. ) ;
#3396 = DIRECTION ( 'NONE',  ( 0.000000000000000000, 0.000000000000000000, 1.000000000000000000 ) ) ;
#3397 = ORIENTED_EDGE ( 'NONE', *, *, #3007, .F. ) ;
#3398 = PLANE ( 'NONE',  #1622 ) ;
#3399 = CARTESIAN_POINT ( 'NONE',  ( 0.3200000000000000067, 8.580000000000000071, -0.3400000000000000244 ) ) ;
#3400 = FACE_OUTER_BOUND ( 'NONE', #1849, .T. ) ;
#3401 = CARTESIAN_POINT ( 'NONE',  ( -0.3200000000000000067, 9.080000000000000071, 0.2999999999999999889 ) ) ;
#3402 = ORIENTED_EDGE ( 'NONE', *, *, #2081, .T. ) ;
#3403 = EDGE_CURVE ( 'NONE', #4116, #3531, #2561, .T. ) ;
#3404 = DIRECTION ( 'NONE',  ( 1.000000000000000000, 0.000000000000000000, 0.000000000000000000 ) ) ;
#3405 = FACE_OUTER_BOUND ( 'NONE', #2954, .T. ) ;
#3406 = EDGE_LOOP ( 'NONE', ( #2573, #1610, #3005, #1531 ) ) ;
#3407 = ADVANCED_FACE ( 'NONE', ( #4105 ), #2643, .T. ) ;
#3408 = EDGE_CURVE ( 'NONE', #618, #1998, #3327, .T. ) ;
#3409 = DIRECTION ( 'NONE',  ( 0.000000000000000000, 0.000000000000000000, -1.000000000000000000 ) ) ;
#3410 = FACE_OUTER_BOUND ( 'NONE', #1691, .T. ) ;
#3411 = DIRECTION ( 'NONE',  ( 0.000000000000000000, 0.000000000000000000, -1.000000000000000000 ) ) ;
#3412 = ORIENTED_EDGE ( 'NONE', *, *, #1106, .F. ) ;
#3413 = ADVANCED_FACE ( 'NONE', ( #2241 ), #3794, .F. ) ;
#3414 = ADVANCED_FACE ( 'NONE', ( #1143 ), #691, .T. ) ;
#3415 = ORIENTED_EDGE ( 'NONE', *, *, #4298, .T. ) ;
#3416 = DIRECTION ( 'NONE',  ( 1.000000000000000000, 0.000000000000000000, 0.000000000000000000 ) ) ;
#3417 = ORIENTED_EDGE ( 'NONE', *, *, #4908, .F. ) ;
#3418 = DIRECTION ( 'NONE',  ( -1.000000000000000000, 0.000000000000000000, 0.000000000000000000 ) ) ;
#3419 = LINE ( 'NONE', #2330, #890 ) ;
#3420 = CARTESIAN_POINT ( 'NONE',  ( 6.349999999999999645, -1.580000000000000071, 2.899999999999999911 ) ) ;
#3421 = ADVANCED_FACE ( 'NONE', ( #4844 ), #361, .T. ) ;
#3422 = CARTESIAN_POINT ( 'NONE',  ( 1.699999999999999956, -0.9399999999999999467, -1.600000000000000089 ) ) ;
#3423 = CARTESIAN_POINT ( 'NONE',  ( 4.760000000000000675, 1.580000000000000071, 0.2999999999999999889 ) ) ;
#3424 = ORIENTED_EDGE ( 'NONE', *, *, #2058, .T. ) ;
#3425 = VECTOR ( 'NONE', #2085, 1000.000000000000000 ) ;
#3426 = PLANE ( 'NONE',  #1222 ) ;
#3427 = CARTESIAN_POINT ( 'NONE',  ( 2.220000000000000195, -0.9399999999999999467, -0.3400000000000000244 ) ) ;
#3428 = ORIENTED_EDGE ( 'NONE', *, *, #4129, .T. ) ;
#3429 = VECTOR ( 'NONE', #4812, 1000.000000000000000 ) ;
#3430 = VECTOR ( 'NONE', #3826, 1000.000000000000000 ) ;
#3431 = DIRECTION ( 'NONE',  ( 0.000000000000000000, -1.000000000000000000, 0.000000000000000000 ) ) ;
#3432 = CARTESIAN_POINT ( 'NONE',  ( -5.919999999999999929, -0.9399999999999999467, 2.899999999999999911 ) ) ;
#3433 = CARTESIAN_POINT ( 'NONE',  ( -1.574999999999999956, -1.580000000000000071, -0.7699999999999999067 ) ) ;
#3434 = ORIENTED_EDGE ( 'NONE', *, *, #915, .T. ) ;
#3435 = ORIENTED_EDGE ( 'NONE', *, *, #2921, .F. ) ;
#3436 = VECTOR ( 'NONE', #4586, 1000.000000000000000 ) ;
#3437 = VECTOR ( 'NONE', #3477, 1000.000000000000000 ) ;
#3438 = EDGE_CURVE ( 'NONE', #1580, #3715, #1543, .T. ) ;
#3439 = LINE ( 'NONE', #3048, #888 ) ;
#3440 = VERTEX_POINT ( 'NONE', #3060 ) ;
#3441 = FACE_OUTER_BOUND ( 'NONE', #2852, .T. ) ;
#3442 = LINE ( 'NONE', #2732, #1217 ) ;
#3443 = LINE ( 'NONE', #1892, #3273 ) ;
#3444 = VECTOR ( 'NONE', #321, 1000.000000000000000 ) ;
#3445 = VECTOR ( 'NONE', #3623, 1000.000000000000000 ) ;
#3446 = VECTOR ( 'NONE', #2898, 1000.000000000000000 ) ;
#3447 = VECTOR ( 'NONE', #4384, 1000.000000000000000 ) ;
#3448 = VECTOR ( 'NONE', #4441, 1000.000000000000000 ) ;
#3449 = EDGE_CURVE ( 'NONE', #2506, #2554, #2288, .T. ) ;
#3450 = LINE ( 'NONE', #3523, #3280 ) ;
#3451 = CARTESIAN_POINT ( 'NONE',  ( 0.3200000000000000067, 1.580000000000000071, -0.3400000000000000244 ) ) ;
#3452 = ORIENTED_EDGE ( 'NONE', *, *, #4423, .T. ) ;
#3453 = PLANE ( 'NONE',  #2177 ) ;
#3454 = PLANE ( 'NONE',  #3758 ) ;
#3455 = ORIENTED_EDGE ( 'NONE', *, *, #4383, .T. ) ;
#3456 = DIRECTION ( 'NONE',  ( 0.000000000000000000, 0.000000000000000000, -1.000000000000000000 ) ) ;
#3457 = CARTESIAN_POINT ( 'NONE',  ( -5.080000000000000071, 8.830000000000000071, -0.2400000000000000189 ) ) ;
#3458 = DIRECTION ( 'NONE',  ( 0.000000000000000000, 0.000000000000000000, 1.000000000000000000 ) ) ;
#3459 = CARTESIAN_POINT ( 'NONE',  ( 0.3200000000000000067, 1.580000000000000071, 0.2999999999999999889 ) ) ;
#3460 = ORIENTED_EDGE ( 'NONE', *, *, #979, .F. ) ;
#3461 = ORIENTED_EDGE ( 'NONE', *, *, #2447, .F. ) ;
#3462 = EDGE_CURVE ( 'NONE', #2514, #2880, #1913, .T. ) ;
#3463 = DIRECTION ( 'NONE',  ( -1.000000000000000000, 0.000000000000000000, 0.000000000000000000 ) ) ;
#3464 = ORIENTED_EDGE ( 'NONE', *, *, #1326, .T. ) ;
#3465 = DIRECTION ( 'NONE',  ( -0.3481553119113956485, -0.8703882797784894265, 0.3481553119113956485 ) ) ;
#3466 = FACE_BOUND ( 'NONE', #692, .T. ) ;
#3467 = PLANE ( 'NONE',  #1290 ) ;
#3468 = ORIENTED_EDGE ( 'NONE', *, *, #3891, .F. ) ;
#3469 = EDGE_CURVE ( 'NONE', #3249, #711, #664, .T. ) ;
#3470 = EDGE_CURVE ( 'NONE', #1512, #2925, #2622, .T. ) ;
#3471 = EDGE_LOOP ( 'NONE', ( #4373, #2768, #3192, #3373 ) ) ;
#3472 = CARTESIAN_POINT ( 'NONE',  ( 0.9650000000000000799, 1.580000000000000071, -0.7699999999999999067 ) ) ;
#3473 = LINE ( 'NONE', #1965, #1923 ) ;
#3474 = EDGE_CURVE ( 'NONE', #2126, #952, #2961, .T. ) ;
#3475 = ORIENTED_EDGE ( 'NONE', *, *, #4516, .T. ) ;
#3476 = EDGE_CURVE ( 'NONE', #509, #4108, #1477, .T. ) ;
#3477 = DIRECTION ( 'NONE',  ( 0.000000000000000000, 1.000000000000000000, 0.000000000000000000 ) ) ;
#3478 = DIRECTION ( 'NONE',  ( 0.000000000000000000, 0.000000000000000000, -1.000000000000000000 ) ) ;
#3479 = ORIENTED_EDGE ( 'NONE', *, *, #401, .F. ) ;
#3480 = CARTESIAN_POINT ( 'NONE',  ( 2.860000000000000320, -0.9399999999999999467, 0.2999999999999999889 ) ) ;
#3481 = DIRECTION ( 'NONE',  ( 0.000000000000000000, 1.000000000000000000, 0.000000000000000000 ) ) ;
#3482 = DIRECTION ( 'NONE',  ( 1.000000000000000000, 0.000000000000000000, 0.000000000000000000 ) ) ;
#3483 = DIRECTION ( 'NONE',  ( 0.000000000000000000, 0.000000000000000000, -1.000000000000000000 ) ) ;
#3484 = FACE_OUTER_BOUND ( 'NONE', #4794, .T. ) ;
#3485 = VERTEX_POINT ( 'NONE', #2992 ) ;
#3486 = DIRECTION ( 'NONE',  ( 0.000000000000000000, -1.000000000000000000, 0.000000000000000000 ) ) ;
#3487 = VERTEX_POINT ( 'NONE', #1095 ) ;
#3488 = DIRECTION ( 'NONE',  ( 1.000000000000000000, 0.000000000000000000, 0.000000000000000000 ) ) ;
#3489 = DIRECTION ( 'NONE',  ( -0.000000000000000000, 1.000000000000000000, 0.000000000000000000 ) ) ;
#3490 = PLANE ( 'NONE',  #1766 ) ;
#3491 = ORIENTED_EDGE ( 'NONE', *, *, #3350, .T. ) ;
#3492 = ORIENTED_EDGE ( 'NONE', *, *, #2074, .F. ) ;
#3493 = CARTESIAN_POINT ( 'NONE',  ( 0.2200000000000000011, 8.830000000000000071, -0.02000000000000999936 ) ) ;
#3494 = LINE ( 'NONE', #3154, #3815 ) ;
#3495 = EDGE_CURVE ( 'NONE', #4125, #2554, #3382, .T. ) ;
#3496 = ADVANCED_FACE ( 'NONE', ( #3845 ), #4253, .F. ) ;
#3497 = ORIENTED_EDGE ( 'NONE', *, *, #1353, .F. ) ;
#3498 = FACE_OUTER_BOUND ( 'NONE', #1341, .T. ) ;
#3499 = CARTESIAN_POINT ( 'NONE',  ( -0.3200000000000000067, 8.580000000000000071, -0.3400000000000000244 ) ) ;
#3500 = ADVANCED_FACE ( 'NONE', ( #3153 ), #2784, .T. ) ;
#3501 = ORIENTED_EDGE ( 'NONE', *, *, #4156, .F. ) ;
#3502 = AXIS2_PLACEMENT_3D ( 'NONE', #2535, #3272, #3646 ) ;
#3503 = ADVANCED_FACE ( 'NONE', ( #2711 ), #4613, .F. ) ;
#3504 = DIRECTION ( 'NONE',  ( -0.000000000000000000, 1.000000000000000000, 0.000000000000000000 ) ) ;
#3505 = CARTESIAN_POINT ( 'NONE',  ( 5.400000000000000355, 8.580000000000000071, 0.2999999999999999889 ) ) ;
#3506 = ADVANCED_FACE ( 'NONE', ( #1964 ), #2764, .T. ) ;
#3507 = DIRECTION ( 'NONE',  ( 1.000000000000000000, 0.000000000000000000, 0.000000000000000000 ) ) ;
#3508 = PRODUCT_DEFINITION_SHAPE ( 'NONE', 'NONE',  #32 ) ;
#3509 = DIRECTION ( 'NONE',  ( 1.000000000000000000, 0.000000000000000000, 0.000000000000000000 ) ) ;
#3510 = DIRECTION ( 'NONE',  ( -0.000000000000000000, 1.000000000000000000, 0.000000000000000000 ) ) ;
#3511 = EDGE_LOOP ( 'NONE', ( #4291, #2706, #4748, #4309 ) ) ;
#3512 = AXIS2_PLACEMENT_3D ( 'NONE', #4145, #1860, #1534 ) ;
#3513 = DIRECTION ( 'NONE',  ( 0.000000000000000000, 0.000000000000000000, 1.000000000000000000 ) ) ;
#3514 = DIRECTION ( 'NONE',  ( 0.000000000000000000, 0.000000000000000000, -1.000000000000000000 ) ) ;
#3515 = CARTESIAN_POINT ( 'NONE',  ( -2.220000000000000195, -0.9399999999999999467, 0.2999999999999999889 ) ) ;
#3516 = DIRECTION ( 'NONE',  ( 0.000000000000000000, -1.000000000000000000, 0.000000000000000000 ) ) ;
#3517 = ORIENTED_EDGE ( 'NONE', *, *, #2274, .T. ) ;
#3518 = VECTOR ( 'NONE', #403, 999.9999999999998863 ) ;
#3519 = VECTOR ( 'NONE', #559, 1000.000000000000000 ) ;
#3520 = VECTOR ( 'NONE', #4107, 1000.000000000000000 ) ;
#3521 = AXIS2_PLACEMENT_3D ( 'NONE', #4214, #2989, #1162 ) ;
#3522 = ORIENTED_EDGE ( 'NONE', *, *, #79, .T. ) ;
#3523 = CARTESIAN_POINT ( 'NONE',  ( -3.504999999999999893, -1.580000000000000071, 0.7299999999999999822 ) ) ;
#3524 = LINE ( 'NONE', #3176, #4615 ) ;
#3525 = AXIS2_PLACEMENT_3D ( 'NONE', #2927, #2495, #1378 ) ;
#3526 = VERTEX_POINT ( 'NONE', #71 ) ;
#3527 = VECTOR ( 'NONE', #2073, 1000.000000000000000 ) ;
#3528 = ADVANCED_FACE ( 'NONE', ( #1186 ), #805, .T. ) ;
#3529 = CARTESIAN_POINT ( 'NONE',  ( -3.850000000000000089, 1.580000000000000071, -0.8249999999999999556 ) ) ;
#3530 = VECTOR ( 'NONE', #3112, 1000.000000000000000 ) ;
#3531 = VERTEX_POINT ( 'NONE', #433 ) ;
#3532 = ORIENTED_EDGE ( 'NONE', *, *, #4492, .T. ) ;
#3533 = EDGE_CURVE ( 'NONE', #1909, #3622, #1267, .T. ) ;
#3534 = CARTESIAN_POINT ( 'NONE',  ( 0.000000000000000000, 8.830000000000000071, -0.2400000000000000189 ) ) ;
#3535 = ADVANCED_FACE ( 'NONE', ( #49 ), #2364, .T. ) ;
#3536 = FACE_BOUND ( 'NONE', #2109, .T. ) ;
#3537 = CARTESIAN_POINT ( 'NONE',  ( 3.380000000000000338, -1.270000000000000018, -1.600000000000000089 ) ) ;
#3538 = DIRECTION ( 'NONE',  ( 0.000000000000000000, 0.000000000000000000, -1.000000000000000000 ) ) ;
#3539 = ORIENTED_EDGE ( 'NONE', *, *, #3325, .F. ) ;
#3540 = DIRECTION ( 'NONE',  ( 0.000000000000000000, 1.000000000000000000, 0.000000000000000000 ) ) ;
#3541 = EDGE_CURVE ( 'NONE', #2454, #208, #1588, .T. ) ;
#3542 = LINE ( 'NONE', #119, #4091 ) ;
#3543 = CARTESIAN_POINT ( 'NONE',  ( 1.699999999999999956, -1.580000000000000071, 2.899999999999999911 ) ) ;
#3544 = CARTESIAN_POINT ( 'NONE',  ( -2.220000000000000195, 8.580000000000000071, -0.3400000000000000244 ) ) ;
#3545 = CARTESIAN_POINT ( 'NONE',  ( -1.699999999999999956, -0.9399999999999999467, 2.899999999999999911 ) ) ;
#3546 = ORIENTED_EDGE ( 'NONE', *, *, #4590, .T. ) ;
#3547 = ORIENTED_EDGE ( 'NONE', *, *, #4182, .T. ) ;
#3548 = DIRECTION ( 'NONE',  ( 1.000000000000000000, 0.000000000000000000, 0.000000000000000000 ) ) ;
#3549 = CARTESIAN_POINT ( 'NONE',  ( -3.504999999999999893, -1.580000000000000071, 0.7299999999999999822 ) ) ;
#3550 = VERTEX_POINT ( 'NONE', #4274 ) ;
#3551 = DIRECTION ( 'NONE',  ( 0.000000000000000000, -1.000000000000000000, 0.000000000000000000 ) ) ;
#3552 = ORIENTED_EDGE ( 'NONE', *, *, #1114, .T. ) ;
#3553 = ORIENTED_EDGE ( 'NONE', *, *, #1424, .T. ) ;
#3554 = EDGE_CURVE ( 'NONE', #1674, #4907, #3450, .T. ) ;
#3555 = LINE ( 'NONE', #3875, #3606 ) ;
#3556 = CARTESIAN_POINT ( 'NONE',  ( 3.380000000000000338, -0.9399999999999999467, 1.600000000000000089 ) ) ;
#3557 = DIRECTION ( 'NONE',  ( 0.000000000000000000, -1.000000000000000000, 0.000000000000000000 ) ) ;
#3558 = CARTESIAN_POINT ( 'NONE',  ( 0.3200000000000000067, -4.639999999999999680, -0.3400000000000000244 ) ) ;
#3559 = ORIENTED_EDGE ( 'NONE', *, *, #4298, .F. ) ;
#3560 = DIRECTION ( 'NONE',  ( 1.000000000000000000, 0.000000000000000000, 0.000000000000000000 ) ) ;
#3561 = EDGE_CURVE ( 'NONE', #1397, #4348, #455, .T. ) ;
#3562 = CARTESIAN_POINT ( 'NONE',  ( -2.419999999999999929, -5.139999999999999680, 0.09999999999998999967 ) ) ;
#3563 = FACE_OUTER_BOUND ( 'NONE', #3870, .T. ) ;
#3564 = CARTESIAN_POINT ( 'NONE',  ( 3.380000000000000338, -1.270000000000000018, -0.8249999999999999556 ) ) ;
#3565 = EDGE_CURVE ( 'NONE', #909, #4330, #856, .T. ) ;
#3566 = DIRECTION ( 'NONE',  ( 0.000000000000000000, -1.000000000000000000, 0.000000000000000000 ) ) ;
#3567 = EDGE_LOOP ( 'NONE', ( #4425, #2892, #666, #4360 ) ) ;
#3568 = ORIENTED_EDGE ( 'NONE', *, *, #2875, .F. ) ;
#3569 = ADVANCED_FACE ( 'NONE', ( #1985 ), #3887, .F. ) ;
#3570 = EDGE_LOOP ( 'NONE', ( #4807, #3666, #2438, #2276 ) ) ;
#3571 = ORIENTED_EDGE ( 'NONE', *, *, #4743, .T. ) ;
#3572 = EDGE_LOOP ( 'NONE', ( #982, #3238, #3890, #1080 ) ) ;
#3573 = CARTESIAN_POINT ( 'NONE',  ( -2.860000000000000320, -0.9399999999999999467, 0.2999999999999999889 ) ) ;
#3574 = LINE ( 'NONE', #1614, #4858 ) ;
#3575 = EDGE_CURVE ( 'NONE', #3715, #3384, #4665, .T. ) ;
#3576 = ORIENTED_EDGE ( 'NONE', *, *, #3841, .T. ) ;
#3577 = FACE_OUTER_BOUND ( 'NONE', #2209, .T. ) ;
#3578 = ORIENTED_EDGE ( 'NONE', *, *, #3889, .F. ) ;
#3579 = EDGE_LOOP ( 'NONE', ( #362, #2437, #357, #4860 ) ) ;
#3580 = DIRECTION ( 'NONE',  ( 1.000000000000000000, 0.000000000000000000, 0.000000000000000000 ) ) ;
#3581 = FACE_OUTER_BOUND ( 'NONE', #289, .T. ) ;
#3582 = CARTESIAN_POINT ( 'NONE',  ( 0.3200000000000000067, -4.639999999999999680, -0.3400000000000000244 ) ) ;
#3583 = DIRECTION ( 'NONE',  ( 0.000000000000000000, -1.000000000000000000, 0.000000000000000000 ) ) ;
#3584 = ORIENTED_EDGE ( 'NONE', *, *, #971, .T. ) ;
#3585 = DIRECTION ( 'NONE',  ( 0.000000000000000000, 0.000000000000000000, -1.000000000000000000 ) ) ;
#3586 = VECTOR ( 'NONE', #538, 1000.000000000000000 ) ;
#3587 = PLANE ( 'NONE',  #1551 ) ;
#3588 = PLANE ( 'NONE',  #3372 ) ;
#3589 = CARTESIAN_POINT ( 'NONE',  ( 2.220000000000000195, 1.580000000000000071, -0.3400000000000000244 ) ) ;
#3590 = CARTESIAN_POINT ( 'NONE',  ( 5.080000000000000071, 5.400000000000000355, -1.369999999999999885 ) ) ;
#3591 = ORIENTED_EDGE ( 'NONE', *, *, #2385, .T. ) ;
#3592 = AXIS2_PLACEMENT_3D ( 'NONE', #4523, #2641, #360 ) ;
#3593 = EDGE_CURVE ( 'NONE', #3355, #1563, #4197, .T. ) ;
#3594 = ORIENTED_EDGE ( 'NONE', *, *, #606, .T. ) ;
#3595 = PLANE ( 'NONE',  #5 ) ;
#3596 = DIRECTION ( 'NONE',  ( 0.000000000000000000, 0.000000000000000000, 1.000000000000000000 ) ) ;
#3597 = AXIS2_PLACEMENT_3D ( 'NONE', #2039, #1213, #3128 ) ;
#3598 = VECTOR ( 'NONE', #2125, 1000.000000000000000 ) ;
#3599 = ORIENTED_EDGE ( 'NONE', *, *, #2080, .F. ) ;
#3600 = VECTOR ( 'NONE', #4051, 1000.000000000000000 ) ;
#3601 = VECTOR ( 'NONE', #4355, 1000.000000000000000 ) ;
#3602 = EDGE_CURVE ( 'NONE', #838, #4640, #1166, .T. ) ;
#3603 = FACE_OUTER_BOUND ( 'NONE', #3205, .T. ) ;
#3604 = VERTEX_POINT ( 'NONE', #957 ) ;
#3605 = DIRECTION ( 'NONE',  ( 0.000000000000000000, 0.000000000000000000, -1.000000000000000000 ) ) ;
#3606 = VECTOR ( 'NONE', #514, 1000.000000000000000 ) ;
#3607 = AXIS2_PLACEMENT_3D ( 'NONE', #3246, #1835, #1756 ) ;
#3608 = ORIENTED_EDGE ( 'NONE', *, *, #590, .F. ) ;
#3609 = AXIS2_PLACEMENT_3D ( 'NONE', #649, #1413, #2906 ) ;
#3610 = CARTESIAN_POINT ( 'NONE',  ( 6.349999999999999645, -1.580000000000000071, -2.899999999999999911 ) ) ;
#3611 = CARTESIAN_POINT ( 'NONE',  ( -2.220000000000000195, 1.580000000000000071, 0.2999999999999999889 ) ) ;
#3612 = CARTESIAN_POINT ( 'NONE',  ( 1.699999999999999956, -1.580000000000000071, -2.899999999999999911 ) ) ;
#3613 = DIRECTION ( 'NONE',  ( -1.000000000000000000, 0.000000000000000000, 0.000000000000000000 ) ) ;
#3614 = ORIENTED_EDGE ( 'NONE', *, *, #4537, .F. ) ;
#3615 = CARTESIAN_POINT ( 'NONE',  ( -5.200000000000000178, -5.139999999999999680, -0.1399999999999999856 ) ) ;
#3616 = FACE_OUTER_BOUND ( 'NONE', #3741, .T. ) ;
#3617 = CARTESIAN_POINT ( 'NONE',  ( 4.807022324299999205, 10.12000000000000099, -1.899999999999999911 ) ) ;
#3618 = CARTESIAN_POINT ( 'NONE',  ( 6.349999999999999645, 1.580000000000000071, -2.899999999999999911 ) ) ;
#3619 = ORIENTED_EDGE ( 'NONE', *, *, #2051, .T. ) ;
#3620 = ORIENTED_EDGE ( 'NONE', *, *, #3541, .F. ) ;
#3621 = EDGE_CURVE ( 'NONE', #2554, #873, #3224, .T. ) ;
#3622 = VERTEX_POINT ( 'NONE', #1399 ) ;
#3623 = DIRECTION ( 'NONE',  ( 0.000000000000000000, 0.000000000000000000, 1.000000000000000000 ) ) ;
#3624 = CARTESIAN_POINT ( 'NONE',  ( 1.699999999999999956, -1.270000000000000018, 0.8249999999999999556 ) ) ;
#3625 = CARTESIAN_POINT ( 'NONE',  ( 2.220000000000000195, -4.639999999999999680, -0.3400000000000000244 ) ) ;
#3626 = ORIENTED_EDGE ( 'NONE', *, *, #3262, .T. ) ;
#3627 = DIRECTION ( 'NONE',  ( 0.000000000000000000, 1.000000000000000000, 0.000000000000000000 ) ) ;
#3628 = ORIENTED_EDGE ( 'NONE', *, *, #4822, .F. ) ;
#3629 = CARTESIAN_POINT ( 'NONE',  ( -5.080000000000000071, 2.180000000000000160, -1.899999999999999911 ) ) ;
#3630 = EDGE_CURVE ( 'NONE', #4852, #3675, #1321, .T. ) ;
#3631 = EDGE_CURVE ( 'NONE', #340, #618, #2433, .T. ) ;
#3632 = VERTEX_POINT ( 'NONE', #1011 ) ;
#3633 = CARTESIAN_POINT ( 'NONE',  ( -5.919999999999999929, -1.580000000000000071, 2.899999999999999911 ) ) ;
#3634 = PLANE ( 'NONE',  #2103 ) ;
#3635 = LINE ( 'NONE', #2523, #478 ) ;
#3636 = DIRECTION ( 'NONE',  ( 1.000000000000000000, 0.000000000000000000, 0.000000000000000000 ) ) ;
#3637 = EDGE_LOOP ( 'NONE', ( #1179, #3227, #1249, #1405 ) ) ;
#3638 = CARTESIAN_POINT ( 'NONE',  ( 1.574999999999999956, -1.580000000000000071, -0.7699999999999999067 ) ) ;
#3639 = DIRECTION ( 'NONE',  ( -1.000000000000000000, 0.000000000000000000, 0.000000000000000000 ) ) ;
#3640 = DIRECTION ( 'NONE',  ( 0.000000000000000000, 1.000000000000000000, 0.000000000000000000 ) ) ;
#3641 = LINE ( 'NONE', #1339, #3429 ) ;
#3642 = VERTEX_POINT ( 'NONE', #255 ) ;
#3643 = EDGE_LOOP ( 'NONE', ( #3245, #1977, #2071, #41 ) ) ;
#3644 = PLANE ( 'NONE',  #817 ) ;
#3645 = DIRECTION ( 'NONE',  ( 1.000000000000000000, 0.000000000000000000, 0.000000000000000000 ) ) ;
#3646 = DIRECTION ( 'NONE',  ( 0.000000000000000000, 1.000000000000000000, 0.000000000000000000 ) ) ;
#3647 = ORIENTED_EDGE ( 'NONE', *, *, #3533, .F. ) ;
#3648 = CARTESIAN_POINT ( 'NONE',  ( 3.504999999999999893, 1.580000000000000071, -0.7699999999999999067 ) ) ;
#3649 = EDGE_CURVE ( 'NONE', #3384, #3970, #631, .T. ) ;
#3650 = EDGE_LOOP ( 'NONE', ( #3776, #553, #4375, #4892 ) ) ;
#3651 = DIRECTION ( 'NONE',  ( 0.000000000000000000, 0.000000000000000000, -1.000000000000000000 ) ) ;
#3652 = VERTEX_POINT ( 'NONE', #2918 ) ;
#3653 = EDGE_CURVE ( 'NONE', #2118, #3726, #205, .T. ) ;
#3654 = FACE_OUTER_BOUND ( 'NONE', #3018, .T. ) ;
#3655 = CARTESIAN_POINT ( 'NONE',  ( -0.8400000000000000799, -1.270000000000000018, 1.600000000000000089 ) ) ;
#3656 = DIRECTION ( 'NONE',  ( -1.000000000000000000, 0.000000000000000000, 0.000000000000000000 ) ) ;
#3657 = CARTESIAN_POINT ( 'NONE',  ( 3.504999999999999893, 1.580000000000000071, -0.7699999999999999067 ) ) ;
#3658 = VERTEX_POINT ( 'NONE', #226 ) ;
#3659 = PLANE ( 'NONE',  #2668 ) ;
#3660 = EDGE_CURVE ( 'NONE', #594, #69, #530, .T. ) ;
#3661 = CARTESIAN_POINT ( 'NONE',  ( 3.380000000000000338, -0.9399999999999999467, 2.899999999999999911 ) ) ;
#3662 = LINE ( 'NONE', #4140, #341 ) ;
#3663 = CARTESIAN_POINT ( 'NONE',  ( -4.760000000000000675, 0.000000000000000000, 0.000000000000000000 ) ) ;
#3664 = ORIENTED_EDGE ( 'NONE', *, *, #1035, .T. ) ;
#3665 = VECTOR ( 'NONE', #4644, 1000.000000000000000 ) ;
#3666 = ORIENTED_EDGE ( 'NONE', *, *, #3565, .T. ) ;
#3667 = PLANE ( 'NONE',  #3607 ) ;
#3668 = CARTESIAN_POINT ( 'NONE',  ( -4.114999999999999325, 1.580000000000000071, 0.7299999999999999822 ) ) ;
#3669 = DIRECTION ( 'NONE',  ( 1.000000000000000000, 0.000000000000000000, 0.000000000000000000 ) ) ;
#3670 = VECTOR ( 'NONE', #4216, 1000.000000000000000 ) ;
#3671 = VECTOR ( 'NONE', #4124, 1000.000000000000000 ) ;
#3672 = PLANE ( 'NONE',  #4793 ) ;
#3673 = VERTEX_POINT ( 'NONE', #3247 ) ;
#3674 = LINE ( 'NONE', #2488, #4081 ) ;
#3675 = VERTEX_POINT ( 'NONE', #1368 ) ;
#3676 = VECTOR ( 'NONE', #472, 1000.000000000000000 ) ;
#3677 = AXIS2_PLACEMENT_3D ( 'NONE', #4008, #1721, #3233 ) ;
#3678 = CARTESIAN_POINT ( 'NONE',  ( 3.504999999999999893, 1.580000000000000071, -0.7699999999999999067 ) ) ;
#3679 = VECTOR ( 'NONE', #275, 1000.000000000000000 ) ;
#3680 = AXIS2_PLACEMENT_3D ( 'NONE', #1470, #4840, #4370 ) ;
#3681 = FACE_BOUND ( 'NONE', #3572, .T. ) ;
#3682 = CARTESIAN_POINT ( 'NONE',  ( -5.080000000000000071, 5.400000000000000355, -1.369999999999999885 ) ) ;
#3683 = ORIENTED_EDGE ( 'NONE', *, *, #3958, .F. ) ;
#3684 = CARTESIAN_POINT ( 'NONE',  ( -3.504999999999999893, -1.580000000000000071, -0.7699999999999999067 ) ) ;
#3685 = EDGE_CURVE ( 'NONE', #1292, #3949, #4686, .T. ) ;
#3686 = VECTOR ( 'NONE', #4731, 1000.000000000000000 ) ;
#3687 = VECTOR ( 'NONE', #573, 1000.000000000000000 ) ;
#3688 = CARTESIAN_POINT ( 'NONE',  ( 3.850000000000000089, 1.580000000000000071, -1.600000000000000089 ) ) ;
#3689 = CARTESIAN_POINT ( 'NONE',  ( -3.850000000000000089, 1.580000000000000071, -0.8249999999999999556 ) ) ;
#3690 = PLANE ( 'NONE',  #2088 ) ;
#3691 = EDGE_LOOP ( 'NONE', ( #2547, #4611, #2460, #3819 ) ) ;
#3692 = EDGE_CURVE ( 'NONE', #2873, #4106, #2534, .T. ) ;
#3693 = EDGE_CURVE ( 'NONE', #2836, #4325, #4371, .T. ) ;
#3694 = ORIENTED_EDGE ( 'NONE', *, *, #4814, .T. ) ;
#3695 = ORIENTED_EDGE ( 'NONE', *, *, #457, .T. ) ;
#3696 = CARTESIAN_POINT ( 'NONE',  ( 1.699999999999999956, -0.9399999999999999467, -0.8249999999999999556 ) ) ;
#3697 = LINE ( 'NONE', #2640, #4622 ) ;
#3698 = PLANE ( 'NONE',  #3187 ) ;
#3699 = CARTESIAN_POINT ( 'NONE',  ( 0.8400000000000000799, -1.270000000000000018, -0.8249999999999999556 ) ) ;
#3700 = ORIENTED_EDGE ( 'NONE', *, *, #541, .T. ) ;
#3701 = CARTESIAN_POINT ( 'NONE',  ( -1.699999999999999956, -0.9399999999999999467, -0.8249999999999999556 ) ) ;
#3702 = ORIENTED_EDGE ( 'NONE', *, *, #185, .F. ) ;
#3703 = DIRECTION ( 'NONE',  ( -1.000000000000000000, 0.000000000000000000, 0.000000000000000000 ) ) ;
#3704 = LINE ( 'NONE', #1846, #1225 ) ;
#3705 = DIRECTION ( 'NONE',  ( 0.000000000000000000, 1.000000000000000000, 0.000000000000000000 ) ) ;
#3706 = ORIENTED_EDGE ( 'NONE', *, *, #2139, .T. ) ;
#3707 = CARTESIAN_POINT ( 'NONE',  ( -0.3200000000000000067, 0.000000000000000000, 0.000000000000000000 ) ) ;
#3708 = VERTEX_POINT ( 'NONE', #3668 ) ;
#3709 = DIRECTION ( 'NONE',  ( 0.000000000000000000, 0.000000000000000000, -1.000000000000000000 ) ) ;
#3710 = VERTEX_POINT ( 'NONE', #3195 ) ;
#3711 = CARTESIAN_POINT ( 'NONE',  ( -2.860000000000000320, 8.580000000000000071, 0.2999999999999999889 ) ) ;
#3712 = PLANE ( 'NONE',  #881 ) ;
#3713 = VERTEX_POINT ( 'NONE', #988 ) ;
#3714 = EDGE_CURVE ( 'NONE', #4064, #3970, #2512, .T. ) ;
#3715 = VERTEX_POINT ( 'NONE', #2135 ) ;
#3716 = VECTOR ( 'NONE', #4504, 1000.000000000000000 ) ;
#3717 = EDGE_LOOP ( 'NONE', ( #325, #452, #1754, #3343 ) ) ;
#3718 = ADVANCED_FACE ( 'NONE', ( #1288 ), #2481, .F. ) ;
#3719 = ADVANCED_FACE ( 'NONE', ( #2061 ), #910, .F. ) ;
#3720 = ORIENTED_EDGE ( 'NONE', *, *, #764, .F. ) ;
#3721 = DIRECTION ( 'NONE',  ( 0.000000000000000000, 1.000000000000000000, 0.000000000000000000 ) ) ;
#3722 = DIRECTION ( 'NONE',  ( 0.000000000000000000, -1.000000000000000000, 0.000000000000000000 ) ) ;
#3723 = LINE ( 'NONE', #2136, #726 ) ;
#3724 = EDGE_CURVE ( 'NONE', #1391, #2017, #2456, .T. ) ;
#3725 = DIRECTION ( 'NONE',  ( -0.3420201433256991330, 0.9396926207858973257, 0.000000000000000000 ) ) ;
#3726 = VERTEX_POINT ( 'NONE', #586 ) ;
#3727 = FACE_OUTER_BOUND ( 'NONE', #614, .T. ) ;
#3728 = ORIENTED_EDGE ( 'NONE', *, *, #3105, .F. ) ;
#3729 = CARTESIAN_POINT ( 'NONE',  ( 4.114999999999999325, 1.580000000000000071, 0.7299999999999999822 ) ) ;
#3730 = PLANE ( 'NONE',  #824 ) ;
#3731 = ORIENTED_EDGE ( 'NONE', *, *, #1802, .T. ) ;
#3732 = FACE_OUTER_BOUND ( 'NONE', #4344, .T. ) ;
#3733 = ORIENTED_EDGE ( 'NONE', *, *, #1962, .F. ) ;
#3734 = CARTESIAN_POINT ( 'NONE',  ( 0.3200000000000000067, 1.580000000000000071, -0.3400000000000000244 ) ) ;
#3735 = DIRECTION ( 'NONE',  ( 0.000000000000000000, 1.000000000000000000, 0.000000000000000000 ) ) ;
#3736 = FACE_OUTER_BOUND ( 'NONE', #1612, .T. ) ;
#3737 = ORIENTED_EDGE ( 'NONE', *, *, #2121, .T. ) ;
#3738 = ORIENTED_EDGE ( 'NONE', *, *, #2777, .F. ) ;
#3739 = ORIENTED_EDGE ( 'NONE', *, *, #3476, .F. ) ;
#3740 = CARTESIAN_POINT ( 'NONE',  ( 0.8400000000000000799, -0.9399999999999999467, -2.899999999999999911 ) ) ;
#3741 = EDGE_LOOP ( 'NONE', ( #4411, #3559, #391, #558 ) ) ;
#3742 = CARTESIAN_POINT ( 'NONE',  ( 6.349999999999999645, 1.580000000000000071, -2.899999999999999911 ) ) ;
#3743 = CARTESIAN_POINT ( 'NONE',  ( -4.959999999999999964, -5.139999999999999680, 0.09999999999998999967 ) ) ;
#3744 = PLANE ( 'NONE',  #4066 ) ;
#3745 = VECTOR ( 'NONE', #2496, 1000.000000000000000 ) ;
#3746 = EDGE_CURVE ( 'NONE', #4125, #722, #3968, .T. ) ;
#3747 = DIRECTION ( 'NONE',  ( -0.3481553119113956485, 0.8703882797784894265, -0.3481553119113956485 ) ) ;
#3748 = ORIENTED_EDGE ( 'NONE', *, *, #926, .T. ) ;
#3749 = VERTEX_POINT ( 'NONE', #4715 ) ;
#3750 = ADVANCED_FACE ( 'NONE', ( #555 ), #3595, .F. ) ;
#3751 = AXIS2_PLACEMENT_3D ( 'NONE', #1276, #2048, #3933 ) ;
#3752 = CARTESIAN_POINT ( 'NONE',  ( -5.400000000000000355, -5.139999999999999680, -0.3400000000000000244 ) ) ;
#3753 = DIRECTION ( 'NONE',  ( -1.000000000000000000, 0.000000000000000000, 0.000000000000000000 ) ) ;
#3754 = VECTOR ( 'NONE', #1344, 1000.000000000000000 ) ;
#3755 = AXIS2_PLACEMENT_3D ( 'NONE', #2538, #209, #533 ) ;
#3756 = ORIENTED_EDGE ( 'NONE', *, *, #3957, .T. ) ;
#3757 = VECTOR ( 'NONE', #626, 1000.000000000000000 ) ;
#3758 = AXIS2_PLACEMENT_3D ( 'NONE', #1574, #3085, #3104 ) ;
#3759 = PLANE ( 'NONE',  #825 ) ;
#3760 = CARTESIAN_POINT ( 'NONE',  ( 2.660000000000000142, 9.080000000000000071, -0.1399999999999999856 ) ) ;
#3761 = CARTESIAN_POINT ( 'NONE',  ( -2.220000000000000195, -0.9399999999999999467, 0.2999999999999999889 ) ) ;
#3762 = ORIENTED_EDGE ( 'NONE', *, *, #2175, .T. ) ;
#3763 = VECTOR ( 'NONE', #112, 1000.000000000000000 ) ;
#3764 = VECTOR ( 'NONE', #2226, 1000.000000000000000 ) ;
#3765 = ORIENTED_EDGE ( 'NONE', *, *, #482, .T. ) ;
#3766 = ORIENTED_EDGE ( 'NONE', *, *, #4139, .F. ) ;
#3767 = FACE_OUTER_BOUND ( 'NONE', #3334, .T. ) ;
#3768 = ORIENTED_EDGE ( 'NONE', *, *, #4057, .T. ) ;
#3769 = DIRECTION ( 'NONE',  ( -0.3481553119113956485, 0.8703882797784894265, -0.3481553119113956485 ) ) ;
#3770 = DIRECTION ( 'NONE',  ( 0.000000000000000000, 0.000000000000000000, -1.000000000000000000 ) ) ;
#3771 = LINE ( 'NONE', #1209, #3670 ) ;
#3772 = EDGE_CURVE ( 'NONE', #3440, #3860, #3380, .T. ) ;
#3773 = DIRECTION ( 'NONE',  ( 0.000000000000000000, 0.000000000000000000, -1.000000000000000000 ) ) ;
#3774 = EDGE_CURVE ( 'NONE', #4604, #970, #306, .T. ) ;
#3775 = EDGE_CURVE ( 'NONE', #1905, #1954, #378, .T. ) ;
#3776 = ORIENTED_EDGE ( 'NONE', *, *, #2841, .T. ) ;
#3777 = CARTESIAN_POINT ( 'NONE',  ( -5.400000000000000355, 9.080000000000000071, 0.2999999999999999889 ) ) ;
#3778 = EDGE_CURVE ( 'NONE', #394, #262, #1112, .T. ) ;
#3779 = CARTESIAN_POINT ( 'NONE',  ( 0.8400000000000000799, -1.270000000000000018, -1.600000000000000089 ) ) ;
#3780 = ADVANCED_FACE ( 'NONE', ( #2620 ), #713, .T. ) ;
#3781 = EDGE_LOOP ( 'NONE', ( #563, #670, #3455, #3578 ) ) ;
#3782 = EDGE_CURVE ( 'NONE', #1320, #4830, #3792, .T. ) ;
#3783 = LINE ( 'NONE', #1102, #992 ) ;
#3784 = LINE ( 'NONE', #2752, #3125 ) ;
#3785 = CARTESIAN_POINT ( 'NONE',  ( -2.220000000000000195, 8.580000000000000071, 0.2999999999999999889 ) ) ;
#3786 = EDGE_LOOP ( 'NONE', ( #1953, #2515, #1031, #964 ) ) ;
#3787 = EDGE_LOOP ( 'NONE', ( #4368, #188, #932, #2271 ) ) ;
#3788 = VERTEX_POINT ( 'NONE', #4450 ) ;
#3789 = CARTESIAN_POINT ( 'NONE',  ( -4.760000000000000675, 1.580000000000000071, -0.3400000000000000244 ) ) ;
#3790 = VERTEX_POINT ( 'NONE', #2286 ) ;
#3791 = CARTESIAN_POINT ( 'NONE',  ( -4.760000000000000675, -4.639999999999999680, -0.3400000000000000244 ) ) ;
#3792 = LINE ( 'NONE', #3399, #2736 ) ;
#3793 = CARTESIAN_POINT ( 'NONE',  ( -0.2200000000000000011, 8.830000000000000071, -0.02000000000000000042 ) ) ;
#3794 = PLANE ( 'NONE',  #1257 ) ;
#3795 = DIRECTION ( 'NONE',  ( 1.000000000000000000, 0.000000000000000000, 0.000000000000000000 ) ) ;
#3796 = ORIENTED_EDGE ( 'NONE', *, *, #671, .T. ) ;
#3797 = CARTESIAN_POINT ( 'NONE',  ( -5.400000000000000355, -4.639999999999999680, -0.3400000000000000244 ) ) ;
#3798 = LINE ( 'NONE', #768, #4558 ) ;
#3799 = VERTEX_POINT ( 'NONE', #1517 ) ;
#3800 = EDGE_CURVE ( 'NONE', #700, #2536, #3697, .T. ) ;
#3801 = DIRECTION ( 'NONE',  ( 0.3481553119113956485, -0.8703882797784894265, -0.3481553119113956485 ) ) ;
#3802 = CARTESIAN_POINT ( 'NONE',  ( 5.080000000000000071, 8.830000000000000071, 0.2000000000000000111 ) ) ;
#3803 = CARTESIAN_POINT ( 'NONE',  ( -0.8400000000000000799, -0.9399999999999999467, 1.600000000000000089 ) ) ;
#3804 = ORIENTED_EDGE ( 'NONE', *, *, #2636, .T. ) ;
#3805 = ORIENTED_EDGE ( 'NONE', *, *, #2509, .F. ) ;
#3806 = EDGE_CURVE ( 'NONE', #3487, #4604, #689, .T. ) ;
#3807 = CARTESIAN_POINT ( 'NONE',  ( 3.850000000000000089, 1.580000000000000071, 0.8249999999999999556 ) ) ;
#3808 = VERTEX_POINT ( 'NONE', #4866 ) ;
#3809 = CARTESIAN_POINT ( 'NONE',  ( -0.3200000000000000067, -0.9399999999999999467, -0.3400000000000000244 ) ) ;
#3810 = CARTESIAN_POINT ( 'NONE',  ( -4.240000000000000213, -0.9399999999999999467, 2.899999999999999911 ) ) ;
#3811 = CARTESIAN_POINT ( 'NONE',  ( 0.9650000000000000799, 1.580000000000000071, -0.7699999999999999067 ) ) ;
#3812 = DIRECTION ( 'NONE',  ( -0.3481553119113956485, 0.8703882797784894265, -0.3481553119113956485 ) ) ;
#3813 = LINE ( 'NONE', #1453, #3268 ) ;
#3814 = ORIENTED_EDGE ( 'NONE', *, *, #3079, .T. ) ;
#3815 = VECTOR ( 'NONE', #3196, 1000.000000000000000 ) ;
#3816 = DIRECTION ( 'NONE',  ( -1.000000000000000000, 0.000000000000000000, 0.000000000000000000 ) ) ;
#3817 = DIRECTION ( 'NONE',  ( 1.000000000000000000, 0.000000000000000000, 0.000000000000000000 ) ) ;
#3818 = APPLICATION_PROTOCOL_DEFINITION ( 'draft international standard', 'automotive_design', 1998, #1388 ) ;
#3819 = ORIENTED_EDGE ( 'NONE', *, *, #4660, .T. ) ;
#3820 = VECTOR ( 'NONE', #651, 999.9999999999998863 ) ;
#3821 = VECTOR ( 'NONE', #830, 999.9999999999998863 ) ;
#3822 = AXIS2_PLACEMENT_3D ( 'NONE', #3344, #1468, #710 ) ;
#3823 = DIRECTION ( 'NONE',  ( 1.000000000000000000, 0.000000000000000000, 0.000000000000000000 ) ) ;
#3824 = DIRECTION ( 'NONE',  ( 0.000000000000000000, 0.000000000000000000, -1.000000000000000000 ) ) ;
#3825 = LINE ( 'NONE', #3629, #3600 ) ;
#3826 = DIRECTION ( 'NONE',  ( -1.000000000000000000, 0.000000000000000000, 0.000000000000000000 ) ) ;
#3827 = ORIENTED_EDGE ( 'NONE', *, *, #1279, .F. ) ;
#3828 = EDGE_CURVE ( 'NONE', #4036, #1586, #3323, .T. ) ;
#3829 = ORIENTED_EDGE ( 'NONE', *, *, #2759, .F. ) ;
#3830 = EDGE_CURVE ( 'NONE', #3942, #4830, #2261, .T. ) ;
#3831 = VECTOR ( 'NONE', #13, 1000.000000000000000 ) ;
#3832 = VECTOR ( 'NONE', #3627, 1000.000000000000000 ) ;
#3833 = DIRECTION ( 'NONE',  ( 0.000000000000000000, 0.000000000000000000, -1.000000000000000000 ) ) ;
#3834 = ORIENTED_EDGE ( 'NONE', *, *, #3298, .T. ) ;
#3835 = DIRECTION ( 'NONE',  ( -0.3481553119113956485, -0.8703882797784894265, 0.3481553119113956485 ) ) ;
#3836 = LINE ( 'NONE', #3096, #4398 ) ;
#3837 = EDGE_CURVE ( 'NONE', #4445, #753, #1836, .T. ) ;
#3838 = PLANE ( 'NONE',  #2798 ) ;
#3839 = VECTOR ( 'NONE', #829, 1000.000000000000000 ) ;
#3840 = EDGE_LOOP ( 'NONE', ( #3306, #3947, #1788, #2725 ) ) ;
#3841 = EDGE_CURVE ( 'NONE', #2623, #3808, #4127, .T. ) ;
#3842 = VECTOR ( 'NONE', #3849, 999.9999999999998863 ) ;
#3843 = PRODUCT_DEFINITION_FORMATION_WITH_SPECIFIED_SOURCE ( 'ANY', '', #1294, .NOT_KNOWN. ) ;
#3844 = VECTOR ( 'NONE', #4702, 1000.000000000000000 ) ;
#3845 = FACE_OUTER_BOUND ( 'NONE', #1297, .T. ) ;
#3846 = PLANE ( 'NONE',  #2321 ) ;
#3847 = EDGE_LOOP ( 'NONE', ( #201, #374, #3395, #4097 ) ) ;
#3848 = DIRECTION ( 'NONE',  ( 0.000000000000000000, 0.000000000000000000, 1.000000000000000000 ) ) ;
#3849 = DIRECTION ( 'NONE',  ( 0.3481553119113956485, 0.8703882797784894265, 0.3481553119113956485 ) ) ;
#3850 = ORIENTED_EDGE ( 'NONE', *, *, #1765, .F. ) ;
#3851 = CARTESIAN_POINT ( 'NONE',  ( -5.299999999999999822, -4.890000000000000568, -0.02000000000002000178 ) ) ;
#3852 = LINE ( 'NONE', #1649, #1702 ) ;
#3853 = CARTESIAN_POINT ( 'NONE',  ( 3.380000000000000338, -1.270000000000000018, -0.8249999999999999556 ) ) ;
#3854 = CARTESIAN_POINT ( 'NONE',  ( 4.760000000000000675, -0.9399999999999999467, -0.3400000000000000244 ) ) ;
#3855 = CARTESIAN_POINT ( 'NONE',  ( -6.349999999999999645, -1.270000000000000018, 0.000000000000000000 ) ) ;
#3856 = ORIENTED_EDGE ( 'NONE', *, *, #3554, .T. ) ;
#3857 = EDGE_LOOP ( 'NONE', ( #2682, #2710, #3901, #439 ) ) ;
#3858 = DIRECTION ( 'NONE',  ( 0.000000000000000000, 0.000000000000000000, -1.000000000000000000 ) ) ;
#3859 = ADVANCED_FACE ( 'NONE', ( #1891 ), #4522, .F. ) ;
#3860 = VERTEX_POINT ( 'NONE', #3302 ) ;
#3861 = CARTESIAN_POINT ( 'NONE',  ( -6.349999999999999645, -1.270000000000000018, 0.000000000000000000 ) ) ;
#3862 = CARTESIAN_POINT ( 'NONE',  ( -0.9650000000000000799, 1.580000000000000071, -0.7699999999999999067 ) ) ;
#3863 = FACE_OUTER_BOUND ( 'NONE', #2230, .T. ) ;
#3864 = ORIENTED_EDGE ( 'NONE', *, *, #1895, .T. ) ;
#3865 = EDGE_CURVE ( 'NONE', #2360, #2860, #1136, .T. ) ;
#3866 = ORIENTED_EDGE ( 'NONE', *, *, #235, .F. ) ;
#3867 = DIRECTION ( 'NONE',  ( 0.000000000000000000, 0.000000000000000000, -1.000000000000000000 ) ) ;
#3868 = PLANE ( 'NONE',  #646 ) ;
#3869 = AXIS2_PLACEMENT_3D ( 'NONE', #2217, #3773, #1520 ) ;
#3870 = EDGE_LOOP ( 'NONE', ( #4100, #2911, #1660, #3460 ) ) ;
#3871 = ADVANCED_FACE ( 'NONE', ( #1442 ), #1421, .T. ) ;
#3872 = CARTESIAN_POINT ( 'NONE',  ( 4.760000000000000675, -4.639999999999999680, -0.3400000000000000244 ) ) ;
#3873 = LINE ( 'NONE', #2294, #3209 ) ;
#3874 = ORIENTED_EDGE ( 'NONE', *, *, #303, .T. ) ;
#3875 = CARTESIAN_POINT ( 'NONE',  ( 4.760000000000000675, -0.9399999999999999467, 0.2999999999999999889 ) ) ;
#3876 = DIRECTION ( 'NONE',  ( 0.000000000000000000, 1.000000000000000000, 0.000000000000000000 ) ) ;
#3877 = LINE ( 'NONE', #60, #3530 ) ;
#3878 = DIRECTION ( 'NONE',  ( 0.000000000000000000, 0.000000000000000000, -1.000000000000000000 ) ) ;
#3879 = CARTESIAN_POINT ( 'NONE',  ( 2.220000000000000195, 1.580000000000000071, 0.2999999999999999889 ) ) ;
#3880 = ORIENTED_EDGE ( 'NONE', *, *, #1590, .T. ) ;
#3881 = PLANE ( 'NONE',  #265 ) ;
#3882 = PLANE ( 'NONE',  #2415 ) ;
#3883 = FACE_BOUND ( 'NONE', #1764, .T. ) ;
#3884 = PLANE ( 'NONE',  #1611 ) ;
#3885 = ORIENTED_EDGE ( 'NONE', *, *, #761, .T. ) ;
#3886 = VERTEX_POINT ( 'NONE', #2937 ) ;
#3887 = PLANE ( 'NONE',  #1466 ) ;
#3888 = CARTESIAN_POINT ( 'NONE',  ( 4.114999999999999325, 1.580000000000000071, 0.7299999999999999822 ) ) ;
#3889 = EDGE_CURVE ( 'NONE', #717, #2049, #1033, .T. ) ;
#3890 = ORIENTED_EDGE ( 'NONE', *, *, #4331, .F. ) ;
#3891 = EDGE_CURVE ( 'NONE', #1762, #3713, #4102, .T. ) ;
#3892 = CARTESIAN_POINT ( 'NONE',  ( -4.114999999999999325, 1.580000000000000071, -0.7699999999999999067 ) ) ;
#3893 = EDGE_CURVE ( 'NONE', #4676, #722, #2003, .T. ) ;
#3894 = ORIENTED_EDGE ( 'NONE', *, *, #4808, .F. ) ;
#3895 = VECTOR ( 'NONE', #3669, 1000.000000000000000 ) ;
#3896 = FACE_OUTER_BOUND ( 'NONE', #2790, .T. ) ;
#3897 = DIRECTION ( 'NONE',  ( 1.000000000000000000, 0.000000000000000000, 0.000000000000000000 ) ) ;
#3898 = DIRECTION ( 'NONE',  ( -1.000000000000000000, 0.000000000000000000, 0.000000000000000000 ) ) ;
#3899 = PLANE ( 'NONE',  #3275 ) ;
#3900 = VECTOR ( 'NONE', #2359, 1000.000000000000000 ) ;
#3901 = ORIENTED_EDGE ( 'NONE', *, *, #2537, .T. ) ;
#3902 = LINE ( 'NONE', #494, #1316 ) ;
#3903 = AXIS2_PLACEMENT_3D ( 'NONE', #4359, #944, #4011 ) ;
#3904 = CARTESIAN_POINT ( 'NONE',  ( -5.080000000000000071, 5.400000000000000355, -1.369999999999999885 ) ) ;
#3905 = DIRECTION ( 'NONE',  ( 1.000000000000000000, 0.000000000000000000, 0.000000000000000000 ) ) ;
#3906 = FACE_OUTER_BOUND ( 'NONE', #2916, .T. ) ;
#3907 = CARTESIAN_POINT ( 'NONE',  ( 5.080000000000000071, 8.830000000000000071, -0.2400000000000000189 ) ) ;
#3908 = ORIENTED_EDGE ( 'NONE', *, *, #1867, .F. ) ;
#3909 = VECTOR ( 'NONE', #1497, 1000.000000000000000 ) ;
#3910 = VECTOR ( 'NONE', #2714, 1000.000000000000000 ) ;
#3911 = VERTEX_POINT ( 'NONE', #1637 ) ;
#3912 = AXIS2_PLACEMENT_3D ( 'NONE', #1829, #4466, #4039 ) ;
#3913 = VECTOR ( 'NONE', #1281, 1000.000000000000000 ) ;
#3914 = ORIENTED_EDGE ( 'NONE', *, *, #4129, .F. ) ;
#3915 = DIRECTION ( 'NONE',  ( 0.000000000000000000, 0.000000000000000000, -1.000000000000000000 ) ) ;
#3916 = CARTESIAN_POINT ( 'NONE',  ( -2.860000000000000320, 9.080000000000000071, -0.3400000000000000244 ) ) ;
#3917 = EDGE_CURVE ( 'NONE', #2017, #2618, #1537, .T. ) ;
#3918 = VECTOR ( 'NONE', #2970, 1000.000000000000000 ) ;
#3919 = EDGE_LOOP ( 'NONE', ( #2859, #1277, #2131, #3553 ) ) ;
#3920 = AXIS2_PLACEMENT_3D ( 'NONE', #3707, #4509, #294 ) ;
#3921 = VECTOR ( 'NONE', #1978, 1000.000000000000000 ) ;
#3922 = ADVANCED_FACE ( 'NONE', ( #3148 ), #1584, .T. ) ;
#3923 = DIRECTION ( 'NONE',  ( 0.3481553119113956485, -0.8703882797784894265, -0.3481553119113956485 ) ) ;
#3924 = VECTOR ( 'NONE', #2047, 1000.000000000000000 ) ;
#3925 = ADVANCED_FACE ( 'NONE', ( #3906 ), #4659, .F. ) ;
#3926 = ORIENTED_EDGE ( 'NONE', *, *, #243, .T. ) ;
#3927 = EDGE_LOOP ( 'NONE', ( #1795, #2231, #1683, #1501 ) ) ;
#3928 = EDGE_CURVE ( 'NONE', #2144, #1397, #2779, .T. ) ;
#3929 = EDGE_CURVE ( 'NONE', #3949, #4067, #3836, .T. ) ;
#3930 = DIRECTION ( 'NONE',  ( -1.000000000000000000, 0.000000000000000000, 0.000000000000000000 ) ) ;
#3931 = LINE ( 'NONE', #3505, #9 ) ;
#3932 = CARTESIAN_POINT ( 'NONE',  ( -0.3200000000000000067, -0.9399999999999999467, -0.3400000000000000244 ) ) ;
#3933 = DIRECTION ( 'NONE',  ( 1.000000000000000000, 0.000000000000000000, 0.000000000000000000 ) ) ;
#3934 = ORIENTED_EDGE ( 'NONE', *, *, #4463, .T. ) ;
#3935 = PLANE ( 'NONE',  #4409 ) ;
#3936 = ADVANCED_FACE ( 'NONE', ( #1184, #3466, #2379, #1981, #3051, #2758, #4289, #4936, #3883, #4566 ), #1239, .T. ) ;
#3937 = DIRECTION ( 'NONE',  ( 1.000000000000000000, 0.000000000000000000, 0.000000000000000000 ) ) ;
#3938 = DIRECTION ( 'NONE',  ( 0.000000000000000000, 1.000000000000000000, 0.000000000000000000 ) ) ;
#3939 = LINE ( 'NONE', #525, #4711 ) ;
#3940 = LINE ( 'NONE', #4735, #3039 ) ;
#3941 = ORIENTED_EDGE ( 'NONE', *, *, #4200, .T. ) ;
#3942 = VERTEX_POINT ( 'NONE', #1208 ) ;
#3943 = ORIENTED_EDGE ( 'NONE', *, *, #3837, .T. ) ;
#3944 = EDGE_LOOP ( 'NONE', ( #2555, #4784, #424, #4719 ) ) ;
#3945 = DIRECTION ( 'NONE',  ( -0.000000000000000000, 1.000000000000000000, 0.000000000000000000 ) ) ;
#3946 = LINE ( 'NONE', #2863, #1372 ) ;
#3947 = ORIENTED_EDGE ( 'NONE', *, *, #1037, .T. ) ;
#3948 = CARTESIAN_POINT ( 'NONE',  ( -4.114999999999999325, 1.580000000000000071, 0.7299999999999999822 ) ) ;
#3949 = VERTEX_POINT ( 'NONE', #1163 ) ;
#3950 = ORIENTED_EDGE ( 'NONE', *, *, #547, .F. ) ;
#3951 = CARTESIAN_POINT ( 'NONE',  ( -6.349999999999999645, -1.270000000000000018, 0.000000000000000000 ) ) ;
#3952 = DIRECTION ( 'NONE',  ( 0.000000000000000000, 1.000000000000000000, 0.000000000000000000 ) ) ;
#3953 = CARTESIAN_POINT ( 'NONE',  ( 1.699999999999999956, -1.270000000000000018, -1.600000000000000089 ) ) ;
#3954 = DIRECTION ( 'NONE',  ( -1.000000000000000000, 0.000000000000000000, 0.000000000000000000 ) ) ;
#3955 = ORIENTED_EDGE ( 'NONE', *, *, #1139, .F. ) ;
#3956 = LINE ( 'NONE', #117, #1624 ) ;
#3957 = EDGE_CURVE ( 'NONE', #4448, #3174, #399, .T. ) ;
#3958 = EDGE_CURVE ( 'NONE', #4670, #1117, #3419, .T. ) ;
#3959 = DIRECTION ( 'NONE',  ( 1.000000000000000000, 0.000000000000000000, 0.000000000000000000 ) ) ;
#3960 = PLANE ( 'NONE',  #416 ) ;
#3961 = CARTESIAN_POINT ( 'NONE',  ( 5.919999999999999929, -0.9399999999999999467, -2.899999999999999911 ) ) ;
#3962 = CARTESIAN_POINT ( 'NONE',  ( -0.3200000000000000067, -4.639999999999999680, -0.3400000000000000244 ) ) ;
#3963 = VERTEX_POINT ( 'NONE', #1911 ) ;
#3964 = ORIENTED_EDGE ( 'NONE', *, *, #2324, .F. ) ;
#3965 = EDGE_CURVE ( 'NONE', #3222, #1285, #4636, .T. ) ;
#3966 = VERTEX_POINT ( 'NONE', #780 ) ;
#3967 = ORIENTED_EDGE ( 'NONE', *, *, #3621, .T. ) ;
#3968 = LINE ( 'NONE', #149, #2176 ) ;
#3969 = LINE ( 'NONE', #857, #4221 ) ;
#3970 = VERTEX_POINT ( 'NONE', #4268 ) ;
#3971 = DIRECTION ( 'NONE',  ( -0.3481553119113956485, -0.8703882797784894265, 0.3481553119113956485 ) ) ;
#3972 = ORIENTED_EDGE ( 'NONE', *, *, #2748, .F. ) ;
#3973 = CARTESIAN_POINT ( 'NONE',  ( 3.380000000000000338, -1.580000000000000071, 2.899999999999999911 ) ) ;
#3974 = ORIENTED_EDGE ( 'NONE', *, *, #124, .F. ) ;
#3975 = DIRECTION ( 'NONE',  ( 0.000000000000000000, 0.3713906763540865685, -0.9284766908852662981 ) ) ;
#3976 = CARTESIAN_POINT ( 'NONE',  ( 5.299999999999999822, 8.830000000000000071, -0.02000000000000000042 ) ) ;
#3977 = DIRECTION ( 'NONE',  ( 0.000000000000000000, 0.000000000000000000, -1.000000000000000000 ) ) ;
#3978 = LINE ( 'NONE', #2100, #2249 ) ;
#3979 = ORIENTED_EDGE ( 'NONE', *, *, #3079, .F. ) ;
#3980 = EDGE_CURVE ( 'NONE', #4462, #3299, #3442, .T. ) ;
#3981 = CARTESIAN_POINT ( 'NONE',  ( -2.860000000000000320, -4.639999999999999680, -0.3400000000000000244 ) ) ;
#3982 = AXIS2_PLACEMENT_3D ( 'NONE', #3793, #760, #3078 ) ;
#3983 = AXIS2_PLACEMENT_3D ( 'NONE', #1314, #4682, #4315 ) ;
#3984 = CARTESIAN_POINT ( 'NONE',  ( 5.080000000000000071, 9.369999999999999218, -1.899999999999999911 ) ) ;
#3985 = DIRECTION ( 'NONE',  ( -1.000000000000000000, 0.000000000000000000, 0.000000000000000000 ) ) ;
#3986 = CARTESIAN_POINT ( 'NONE',  ( -0.3200000000000000067, 1.580000000000000071, 0.2999999999999999889 ) ) ;
#3987 = DIRECTION ( 'NONE',  ( 0.000000000000000000, 1.000000000000000000, 0.000000000000000000 ) ) ;
#3988 = ORIENTED_EDGE ( 'NONE', *, *, #1114, .F. ) ;
#3989 = EDGE_CURVE ( 'NONE', #917, #931, #1931, .T. ) ;
#3990 = VECTOR ( 'NONE', #356, 999.9999999999998863 ) ;
#3991 = EDGE_CURVE ( 'NONE', #1753, #717, #851, .T. ) ;
#3992 = EDGE_CURVE ( 'NONE', #3799, #1762, #2708, .T. ) ;
#3993 = ORIENTED_EDGE ( 'NONE', *, *, #617, .F. ) ;
#3994 = CARTESIAN_POINT ( 'NONE',  ( -4.760000000000000675, 1.580000000000000071, -0.3400000000000000244 ) ) ;
#3995 = DIRECTION ( 'NONE',  ( 1.000000000000000000, 0.000000000000000000, 0.000000000000000000 ) ) ;
#3996 = DIRECTION ( 'NONE',  ( 0.000000000000000000, -1.000000000000000000, 0.000000000000000000 ) ) ;
#3997 = VECTOR ( 'NONE', #575, 1000.000000000000000 ) ;
#3998 = AXIS2_PLACEMENT_3D ( 'NONE', #4653, #1254, #2773 ) ;
#3999 = ORIENTED_EDGE ( 'NONE', *, *, #1987, .T. ) ;
#4000 = VECTOR ( 'NONE', #4547, 1000.000000000000000 ) ;
#4001 = DIRECTION ( 'NONE',  ( 0.000000000000000000, 0.000000000000000000, 1.000000000000000000 ) ) ;
#4002 = ORIENTED_EDGE ( 'NONE', *, *, #4392, .T. ) ;
#4003 = DIRECTION ( 'NONE',  ( 0.3481553119113956485, -0.8703882797784894265, -0.3481553119113956485 ) ) ;
#4004 = VECTOR ( 'NONE', #4598, 1000.000000000000000 ) ;
#4005 = AXIS2_PLACEMENT_3D ( 'NONE', #4395, #2112, #1733 ) ;
#4006 = ORIENTED_EDGE ( 'NONE', *, *, #4286, .T. ) ;
#4007 = AXIS2_PLACEMENT_3D ( 'NONE', #2471, #1025, #2151 ) ;
#4008 = CARTESIAN_POINT ( 'NONE',  ( 5.919999999999999929, -0.9399999999999999467, 2.899999999999999911 ) ) ;
#4009 = LINE ( 'NONE', #942, #16 ) ;
#4010 = DIRECTION ( 'NONE',  ( 1.000000000000000000, 0.000000000000000000, 0.000000000000000000 ) ) ;
#4011 = DIRECTION ( 'NONE',  ( -0.3713906763540865130, 0.9284766908852661871, 0.000000000000000000 ) ) ;
#4012 = ORIENTED_EDGE ( 'NONE', *, *, #2081, .F. ) ;
#4013 = FACE_OUTER_BOUND ( 'NONE', #2975, .T. ) ;
#4014 = PLANE ( 'NONE',  #4007 ) ;
#4015 = CARTESIAN_POINT ( 'NONE',  ( 4.114999999999999325, -1.580000000000000071, -0.7699999999999999067 ) ) ;
#4016 = CARTESIAN_POINT ( 'NONE',  ( 5.400000000000000355, 0.000000000000000000, 0.000000000000000000 ) ) ;
#4017 = ORIENTED_EDGE ( 'NONE', *, *, #118, .F. ) ;
#4018 = ORIENTED_EDGE ( 'NONE', *, *, #2447, .T. ) ;
#4019 = EDGE_CURVE ( 'NONE', #4607, #3342, #1959, .T. ) ;
#4020 = EDGE_LOOP ( 'NONE', ( #4526, #2747, #3417, #727 ) ) ;
#4021 = CARTESIAN_POINT ( 'NONE',  ( -2.660000000000000142, -5.139999999999999680, -0.1399999999999999856 ) ) ;
#4022 = DIRECTION ( 'NONE',  ( -0.000000000000000000, 1.000000000000000000, 0.000000000000000000 ) ) ;
#4023 = CARTESIAN_POINT ( 'NONE',  ( 0.3200000000000000067, 8.580000000000000071, 0.2999999999999999889 ) ) ;
#4024 = ORIENTED_EDGE ( 'NONE', *, *, #2385, .F. ) ;
#4025 = ORIENTED_EDGE ( 'NONE', *, *, #4515, .T. ) ;
#4026 = EDGE_CURVE ( 'NONE', #4462, #475, #4758, .T. ) ;
#4027 = CARTESIAN_POINT ( 'NONE',  ( -3.380000000000000338, -0.9399999999999999467, 2.899999999999999911 ) ) ;
#4028 = ORIENTED_EDGE ( 'NONE', *, *, #4785, .F. ) ;
#4029 = PLANE ( 'NONE',  #4320 ) ;
#4030 = ORIENTED_EDGE ( 'NONE', *, *, #2167, .F. ) ;
#4031 = EDGE_CURVE ( 'NONE', #749, #3710, #221, .T. ) ;
#4032 = CARTESIAN_POINT ( 'NONE',  ( -1.574999999999999956, 1.580000000000000071, 0.7299999999999999822 ) ) ;
#4033 = LINE ( 'NONE', #3655, #3446 ) ;
#4034 = DIRECTION ( 'NONE',  ( 0.000000000000000000, 0.000000000000000000, -1.000000000000000000 ) ) ;
#4035 = LINE ( 'NONE', #2872, #572 ) ;
#4036 = VERTEX_POINT ( 'NONE', #1313 ) ;
#4037 = DIRECTION ( 'NONE',  ( 0.000000000000000000, 0.000000000000000000, -1.000000000000000000 ) ) ;
#4038 = CARTESIAN_POINT ( 'NONE',  ( 3.380000000000000338, -0.9399999999999999467, -0.8249999999999999556 ) ) ;
#4039 = DIRECTION ( 'NONE',  ( 0.000000000000000000, 1.000000000000000000, 0.000000000000000000 ) ) ;
#4040 = DIRECTION ( 'NONE',  ( 1.000000000000000000, 0.000000000000000000, 0.000000000000000000 ) ) ;
#4041 = VERTEX_POINT ( 'NONE', #4681 ) ;
#4042 = ORIENTED_EDGE ( 'NONE', *, *, #1991, .T. ) ;
#4043 = ORIENTED_EDGE ( 'NONE', *, *, #2295, .F. ) ;
#4044 = CARTESIAN_POINT ( 'NONE',  ( 2.860000000000000320, 8.580000000000000071, 0.2999999999999999889 ) ) ;
#4045 = CARTESIAN_POINT ( 'NONE',  ( 5.919999999999999929, -1.580000000000000071, -2.899999999999999911 ) ) ;
#4046 = LINE ( 'NONE', #4451, #2962 ) ;
#4047 = ORIENTED_EDGE ( 'NONE', *, *, #3226, .F. ) ;
#4048 = DIRECTION ( 'NONE',  ( -1.000000000000000000, 0.000000000000000000, 0.000000000000000000 ) ) ;
#4049 = EDGE_CURVE ( 'NONE', #4448, #4582, #4341, .T. ) ;
#4050 = VERTEX_POINT ( 'NONE', #3961 ) ;
#4051 = DIRECTION ( 'NONE',  ( 1.000000000000000000, 0.000000000000000000, 0.000000000000000000 ) ) ;
#4052 = EDGE_CURVE ( 'NONE', #1513, #2232, #546, .T. ) ;
#4053 = ORIENTED_EDGE ( 'NONE', *, *, #4809, .F. ) ;
#4054 = CARTESIAN_POINT ( 'NONE',  ( 1.574999999999999956, 1.580000000000000071, 0.7299999999999999822 ) ) ;
#4055 = EDGE_CURVE ( 'NONE', #3749, #1861, #3264, .T. ) ;
#4056 = LINE ( 'NONE', #134, #1395 ) ;
#4057 = EDGE_CURVE ( 'NONE', #3632, #2325, #2907, .T. ) ;
#4058 = CARTESIAN_POINT ( 'NONE',  ( -2.540000000000000036, 8.830000000000000071, -0.2400000000000000189 ) ) ;
#4059 = ORIENTED_EDGE ( 'NONE', *, *, #878, .T. ) ;
#4060 = PLANE ( 'NONE',  #4801 ) ;
#4061 = CARTESIAN_POINT ( 'NONE',  ( 2.860000000000000320, -0.9399999999999999467, -0.3400000000000000244 ) ) ;
#4062 = CARTESIAN_POINT ( 'NONE',  ( -1.699999999999999956, -1.270000000000000018, -0.8249999999999999556 ) ) ;
#4063 = LINE ( 'NONE', #1830, #3115 ) ;
#4064 = VERTEX_POINT ( 'NONE', #2035 ) ;
#4065 = EDGE_LOOP ( 'NONE', ( #80, #1582, #2941, #3130 ) ) ;
#4066 = AXIS2_PLACEMENT_3D ( 'NONE', #332, #1185, #3052 ) ;
#4067 = VERTEX_POINT ( 'NONE', #602 ) ;
#4068 = ORIENTED_EDGE ( 'NONE', *, *, #3304, .T. ) ;
#4069 = CARTESIAN_POINT ( 'NONE',  ( 2.220000000000000195, -4.639999999999999680, -0.3400000000000000244 ) ) ;
#4070 = CARTESIAN_POINT ( 'NONE',  ( 0.8400000000000000799, -0.9399999999999999467, -1.600000000000000089 ) ) ;
#4071 = DIRECTION ( 'NONE',  ( 0.000000000000000000, 0.000000000000000000, 1.000000000000000000 ) ) ;
#4072 = VECTOR ( 'NONE', #1903, 1000.000000000000000 ) ;
#4073 = DIRECTION ( 'NONE',  ( 0.000000000000000000, 1.000000000000000000, 0.000000000000000000 ) ) ;
#4074 = ORIENTED_EDGE ( 'NONE', *, *, #3965, .T. ) ;
#4075 = DIRECTION ( 'NONE',  ( 1.000000000000000000, 0.000000000000000000, 0.000000000000000000 ) ) ;
#4076 = ORIENTED_EDGE ( 'NONE', *, *, #3778, .F. ) ;
#4077 = VECTOR ( 'NONE', #2862, 1000.000000000000000 ) ;
#4078 = AXIS2_PLACEMENT_3D ( 'NONE', #53, #1593, #3551 ) ;
#4079 = ADVANCED_FACE ( 'NONE', ( #1705 ), #2129, .F. ) ;
#4080 = DIRECTION ( 'NONE',  ( 1.000000000000000000, 0.000000000000000000, 0.000000000000000000 ) ) ;
#4081 = VECTOR ( 'NONE', #4003, 999.9999999999998863 ) ;
#4082 = VECTOR ( 'NONE', #377, 1000.000000000000114 ) ;
#4083 = DIRECTION ( 'NONE',  ( -0.000000000000000000, 0.5000000000000169864, 0.8660254037844288266 ) ) ;
#4084 = DIRECTION ( 'NONE',  ( -0.9284766908852662981, 0.3713906763540865685, 0.000000000000000000 ) ) ;
#4085 = ORIENTED_EDGE ( 'NONE', *, *, #2674, .F. ) ;
#4086 = CARTESIAN_POINT ( 'NONE',  ( -4.859999999999999432, -4.890000000000000568, -0.02000000000000000042 ) ) ;
#4087 = VERTEX_POINT ( 'NONE', #4015 ) ;
#4088 = VECTOR ( 'NONE', #4850, 1000.000000000000000 ) ;
#4089 = EDGE_CURVE ( 'NONE', #1269, #144, #3218, .T. ) ;
#4090 = VECTOR ( 'NONE', #4832, 1000.000000000000000 ) ;
#4091 = VECTOR ( 'NONE', #523, 1000.000000000000000 ) ;
#4092 = EDGE_CURVE ( 'NONE', #1117, #280, #1728, .T. ) ;
#4093 = CARTESIAN_POINT ( 'NONE',  ( 2.860000000000000320, 1.580000000000000071, 0.2999999999999999889 ) ) ;
#4094 = LINE ( 'NONE', #4834, #578 ) ;
#4095 = CARTESIAN_POINT ( 'NONE',  ( 3.380000000000000338, -1.580000000000000071, 2.899999999999999911 ) ) ;
#4096 = ORIENTED_EDGE ( 'NONE', *, *, #1455, .F. ) ;
#4097 = ORIENTED_EDGE ( 'NONE', *, *, #1195, .F. ) ;
#4098 = PRODUCT_RELATED_PRODUCT_CATEGORY ( 'part', '', ( #1294 ) ) ;
#4099 = ORIENTED_EDGE ( 'NONE', *, *, #1424, .F. ) ;
#4100 = ORIENTED_EDGE ( 'NONE', *, *, #4937, .F. ) ;
#4101 = LINE ( 'NONE', #987, #2019 ) ;
#4102 = LINE ( 'NONE', #4070, #335 ) ;
#4103 = LINE ( 'NONE', #1837, #242 ) ;
#4104 = AXIS2_PLACEMENT_3D ( 'NONE', #1244, #3548, #4588 ) ;
#4105 = FACE_OUTER_BOUND ( 'NONE', #3063, .T. ) ;
#4106 = VERTEX_POINT ( 'NONE', #4734 ) ;
#4107 = DIRECTION ( 'NONE',  ( 0.000000000000000000, 1.000000000000000000, 0.000000000000000000 ) ) ;
#4108 = VERTEX_POINT ( 'NONE', #3544 ) ;
#4109 = DIRECTION ( 'NONE',  ( 0.000000000000000000, 0.000000000000000000, 1.000000000000000000 ) ) ;
#4110 = FACE_OUTER_BOUND ( 'NONE', #3787, .T. ) ;
#4111 = DIRECTION ( 'NONE',  ( 1.000000000000000000, 0.000000000000000000, 0.000000000000000000 ) ) ;
#4112 = ORIENTED_EDGE ( 'NONE', *, *, #2817, .F. ) ;
#4113 = DIRECTION ( 'NONE',  ( 1.000000000000000000, 0.000000000000000000, 0.000000000000000000 ) ) ;
#4114 = ORIENTED_EDGE ( 'NONE', *, *, #1773, .T. ) ;
#4115 = CARTESIAN_POINT ( 'NONE',  ( -2.419999999999999929, 9.080000000000000071, -0.1399999999999999856 ) ) ;
#4116 = VERTEX_POINT ( 'NONE', #2055 ) ;
#4117 = LINE ( 'NONE', #299, #3444 ) ;
#4119 = DIRECTION ( 'NONE',  ( 0.000000000000000000, 1.000000000000000000, 0.000000000000000000 ) ) ;
#4118 = VECTOR ( 'NONE', #4073, 1000.000000000000000 ) ;
#4120 = VERTEX_POINT ( 'NONE', #2504 ) ;
#4121 = EDGE_CURVE ( 'NONE', #3622, #917, #4420, .T. ) ;
#4122 = ORIENTED_EDGE ( 'NONE', *, *, #173, .T. ) ;
#4123 = ORIENTED_EDGE ( 'NONE', *, *, #1561, .T. ) ;
#4124 = DIRECTION ( 'NONE',  ( 0.000000000000000000, 1.000000000000000000, 0.000000000000000000 ) ) ;
#4125 = VERTEX_POINT ( 'NONE', #4704 ) ;
#4126 = CARTESIAN_POINT ( 'NONE',  ( 2.860000000000000320, 8.580000000000000071, -0.3400000000000000244 ) ) ;
#4127 = LINE ( 'NONE', #4898, #2577 ) ;
#4128 = DIRECTION ( 'NONE',  ( 0.000000000000000000, -0.3713906763540865685, 0.9284766908852662981 ) ) ;
#4129 = EDGE_CURVE ( 'NONE', #1340, #1041, #121, .T. ) ;
#4130 = ORIENTED_EDGE ( 'NONE', *, *, #2607, .F. ) ;
#4131 = DIRECTION ( 'NONE',  ( 1.000000000000000000, 0.000000000000000000, 0.000000000000000000 ) ) ;
#4132 = ORIENTED_EDGE ( 'NONE', *, *, #2116, .T. ) ;
#4133 = VERTEX_POINT ( 'NONE', #3986 ) ;
#4134 = DIRECTION ( 'NONE',  ( 1.000000000000000000, 0.000000000000000000, 0.000000000000000000 ) ) ;
#4135 = DIRECTION ( 'NONE',  ( 0.000000000000000000, 0.000000000000000000, -1.000000000000000000 ) ) ;
#4136 = FACE_BOUND ( 'NONE', #3567, .T. ) ;
#4137 = ORIENTED_EDGE ( 'NONE', *, *, #4423, .F. ) ;
#4138 = DIRECTION ( 'NONE',  ( 0.000000000000000000, 1.000000000000000000, 0.000000000000000000 ) ) ;
#4139 = EDGE_CURVE ( 'NONE', #40, #396, #142, .T. ) ;
#4140 = CARTESIAN_POINT ( 'NONE',  ( -1.699999999999999956, -1.580000000000000071, -2.899999999999999911 ) ) ;
#4141 = LINE ( 'NONE', #3803, #2010 ) ;
#4142 = EDGE_LOOP ( 'NONE', ( #2402, #916, #3683, #1515, #1680, #511, #3546, #2137, #3312, #2598, #454, #4143 ) ) ;
#4143 = ORIENTED_EDGE ( 'NONE', *, *, #3778, .T. ) ;
#4144 = ORIENTED_EDGE ( 'NONE', *, *, #3602, .T. ) ;
#4145 = CARTESIAN_POINT ( 'NONE',  ( 2.220000000000000195, -5.139999999999999680, 0.2999999999999999889 ) ) ;
#4146 = ORIENTED_EDGE ( 'NONE', *, *, #4237, .F. ) ;
#4147 = CARTESIAN_POINT ( 'NONE',  ( 2.860000000000000320, 0.000000000000000000, 0.000000000000000000 ) ) ;
#4148 = DIRECTION ( 'NONE',  ( 0.000000000000000000, 0.000000000000000000, -1.000000000000000000 ) ) ;
#4149 = CARTESIAN_POINT ( 'NONE',  ( 5.200000000000000178, 9.080000000000000071, 0.09999999999998999967 ) ) ;
#4150 = VECTOR ( 'NONE', #227, 1000.000000000000000 ) ;
#4151 = EDGE_CURVE ( 'NONE', #126, #4873, #3168, .T. ) ;
#4152 = EDGE_CURVE ( 'NONE', #4263, #3949, #4314, .T. ) ;
#4153 = LINE ( 'NONE', #4570, #2291 ) ;
#4154 = VECTOR ( 'NONE', #122, 1000.000000000000000 ) ;
#4155 = ORIENTED_EDGE ( 'NONE', *, *, #3841, .F. ) ;
#4156 = EDGE_CURVE ( 'NONE', #682, #970, #3939, .T. ) ;
#4157 = FACE_OUTER_BOUND ( 'NONE', #2811, .T. ) ;
#4158 = PLANE ( 'NONE',  #3290 ) ;
#4159 = VECTOR ( 'NONE', #2383, 1000.000000000000000 ) ;
#4160 = VECTOR ( 'NONE', #1191, 1000.000000000000000 ) ;
#4161 = ORIENTED_EDGE ( 'NONE', *, *, #983, .F. ) ;
#4162 = VECTOR ( 'NONE', #1389, 1000.000000000000000 ) ;
#4163 = VECTOR ( 'NONE', #3938, 1000.000000000000000 ) ;
#4164 = PRODUCT_DEFINITION_CONTEXT ( 'detailed design', #1388, 'design' ) ;
#4165 = LINE ( 'NONE', #750, #984 ) ;
#4166 = DIRECTION ( 'NONE',  ( 0.000000000000000000, 0.000000000000000000, -1.000000000000000000 ) ) ;
#4167 = DIRECTION ( 'NONE',  ( 0.000000000000000000, 1.000000000000000000, 0.000000000000000000 ) ) ;
#4168 = VERTEX_POINT ( 'NONE', #3190 ) ;
#4169 = VECTOR ( 'NONE', #1278, 1000.000000000000000 ) ;
#4170 = ORIENTED_EDGE ( 'NONE', *, *, #1171, .F. ) ;
#4171 = ORIENTED_EDGE ( 'NONE', *, *, #3774, .T. ) ;
#4172 = VECTOR ( 'NONE', #2465, 1000.000000000000000 ) ;
#4173 = DIRECTION ( 'NONE',  ( 0.000000000000000000, 0.000000000000000000, 1.000000000000000000 ) ) ;
#4174 = EDGE_LOOP ( 'NONE', ( #3576, #4400, #1419, #4146 ) ) ;
#4175 = PLANE ( 'NONE',  #3521 ) ;
#4176 = DIRECTION ( 'NONE',  ( -1.000000000000000000, 0.000000000000000000, 0.000000000000000000 ) ) ;
#4177 = FACE_OUTER_BOUND ( 'NONE', #3927, .T. ) ;
#4178 = ADVANCED_FACE ( 'NONE', ( #2833 ), #929, .T. ) ;
#4179 = CARTESIAN_POINT ( 'NONE',  ( 2.540000000000000036, -4.890000000000000568, -0.2400000000000000189 ) ) ;
#4180 = EDGE_CURVE ( 'NONE', #4325, #2060, #3662, .T. ) ;
#4181 = ORIENTED_EDGE ( 'NONE', *, *, #73, .F. ) ;
#4182 = EDGE_CURVE ( 'NONE', #69, #4050, #4856, .T. ) ;
#4183 = DIRECTION ( 'NONE',  ( -0.3481553119113956485, -0.8703882797784894265, 0.3481553119113956485 ) ) ;
#4184 = CARTESIAN_POINT ( 'NONE',  ( -4.760000000000000675, 1.580000000000000071, 0.2999999999999999889 ) ) ;
#4185 = EDGE_CURVE ( 'NONE', #2583, #755, #4117, .T. ) ;
#4186 = ORIENTED_EDGE ( 'NONE', *, *, #1957, .T. ) ;
#4187 = LINE ( 'NONE', #388, #3132 ) ;
#4188 = FACE_OUTER_BOUND ( 'NONE', #3650, .T. ) ;
#4189 = CARTESIAN_POINT ( 'NONE',  ( 1.574999999999999956, 1.580000000000000071, 0.7299999999999999822 ) ) ;
#4190 = ORIENTED_EDGE ( 'NONE', *, *, #1781, .F. ) ;
#4191 = ORIENTED_EDGE ( 'NONE', *, *, #3989, .F. ) ;
#4192 = LINE ( 'NONE', #395, #4476 ) ;
#4193 = EDGE_LOOP ( 'NONE', ( #1560, #3737, #1666, #2140 ) ) ;
#4194 = DIRECTION ( 'NONE',  ( 1.000000000000000000, 0.000000000000000000, 0.000000000000000000 ) ) ;
#4195 = DIRECTION ( 'NONE',  ( 0.000000000000000000, -1.000000000000000000, 0.000000000000000000 ) ) ;
#4196 = CARTESIAN_POINT ( 'NONE',  ( -4.240000000000000213, -1.580000000000000071, 2.899999999999999911 ) ) ;
#4197 = LINE ( 'NONE', #507, #411 ) ;
#4198 = PLANE ( 'NONE',  #2478 ) ;
#4199 = ORIENTED_EDGE ( 'NONE', *, *, #3304, .F. ) ;
#4200 = EDGE_CURVE ( 'NONE', #4873, #3383, #1103, .T. ) ;
#4201 = CARTESIAN_POINT ( 'NONE',  ( -3.380000000000000338, -0.9399999999999999467, 2.899999999999999911 ) ) ;
#4202 = LINE ( 'NONE', #1552, #4882 ) ;
#4203 = SURFACE_SIDE_STYLE ('',( #1172 ) ) ;
#4204 = ORIENTED_EDGE ( 'NONE', *, *, #1353, .T. ) ;
#4205 = EDGE_CURVE ( 'NONE', #301, #4510, #2251, .T. ) ;
#4206 = ADVANCED_FACE ( 'NONE', ( #1053 ), #1085, .T. ) ;
#4207 = DIRECTION ( 'NONE',  ( -0.000000000000000000, 1.000000000000000000, 0.000000000000000000 ) ) ;
#4208 = DIRECTION ( 'NONE',  ( -0.000000000000000000, 0.3713906763540865685, 0.9284766908852662981 ) ) ;
#4209 = PLANE ( 'NONE',  #2977 ) ;
#4210 = CARTESIAN_POINT ( 'NONE',  ( -2.860000000000000320, -4.639999999999999680, 0.2999999999999999889 ) ) ;
#4211 = VERTEX_POINT ( 'NONE', #650 ) ;
#4212 = ORIENTED_EDGE ( 'NONE', *, *, #4655, .F. ) ;
#4213 = DIRECTION ( 'NONE',  ( 0.000000000000000000, 0.000000000000000000, -1.000000000000000000 ) ) ;
#4214 = CARTESIAN_POINT ( 'NONE',  ( -0.2200000000000000011, -4.890000000000000568, -0.02000000000000000042 ) ) ;
#4215 = DIRECTION ( 'NONE',  ( 0.000000000000000000, 0.000000000000000000, -1.000000000000000000 ) ) ;
#4216 = DIRECTION ( 'NONE',  ( 0.000000000000000000, 1.000000000000000000, 0.000000000000000000 ) ) ;
#4217 = ORIENTED_EDGE ( 'NONE', *, *, #3561, .T. ) ;
#4218 = DIRECTION ( 'NONE',  ( 0.000000000000000000, -0.7071067811865475727, 0.7071067811865475727 ) ) ;
#4219 = LINE ( 'NONE', #4589, #1761 ) ;
#4220 = ORIENTED_EDGE ( 'NONE', *, *, #3000, .F. ) ;
#4221 = VECTOR ( 'NONE', #1712, 1000.000000000000000 ) ;
#4222 = CARTESIAN_POINT ( 'NONE',  ( -3.380000000000000338, -1.270000000000000018, -0.8249999999999999556 ) ) ;
#4223 = PLANE ( 'NONE',  #1943 ) ;
#4224 = FILL_AREA_STYLE_COLOUR ( '', #3056 ) ;
#4225 = ORIENTED_EDGE ( 'NONE', *, *, #3086, .T. ) ;
#4226 = AXIS2_PLACEMENT_3D ( 'NONE', #4016, #603, #576 ) ;
#4227 = EDGE_CURVE ( 'NONE', #1855, #2346, #3294, .T. ) ;
#4228 = DIRECTION ( 'NONE',  ( -1.000000000000000000, 0.000000000000000000, 0.000000000000000000 ) ) ;
#4229 = AXIS2_PLACEMENT_3D ( 'NONE', #1613, #2338, #1938 ) ;
#4230 = AXIS2_PLACEMENT_3D ( 'NONE', #3090, #4234, #3954 ) ;
#4231 = LINE ( 'NONE', #1627, #2183 ) ;
#4232 = DIRECTION ( 'NONE',  ( -1.000000000000000000, 0.000000000000000000, 0.000000000000000000 ) ) ;
#4233 = CARTESIAN_POINT ( 'NONE',  ( 0.8400000000000000799, -1.270000000000000018, -1.600000000000000089 ) ) ;
#4234 = DIRECTION ( 'NONE',  ( 0.000000000000000000, -0.3713906763540865685, 0.9284766908852662981 ) ) ;
#4235 = ORIENTED_EDGE ( 'NONE', *, *, #4785, .T. ) ;
#4236 = EDGE_CURVE ( 'NONE', #105, #2612, #1026, .T. ) ;
#4237 = EDGE_CURVE ( 'NONE', #2623, #4041, #4094, .T. ) ;
#4238 = ORIENTED_EDGE ( 'NONE', *, *, #3593, .F. ) ;
#4239 = VECTOR ( 'NONE', #4782, 1000.000000000000227 ) ;
#4240 = VECTOR ( 'NONE', #4804, 1000.000000000000000 ) ;
#4241 = LINE ( 'NONE', #2377, #3921 ) ;
#4242 = ORIENTED_EDGE ( 'NONE', *, *, #4151, .T. ) ;
#4243 = VECTOR ( 'NONE', #620, 1000.000000000000000 ) ;
#4244 = FACE_OUTER_BOUND ( 'NONE', #3106, .T. ) ;
#4245 = DIRECTION ( 'NONE',  ( 0.000000000000000000, -1.000000000000000000, 0.000000000000000000 ) ) ;
#4246 = LINE ( 'NONE', #1982, #2326 ) ;
#4247 = VECTOR ( 'NONE', #2917, 1000.000000000000000 ) ;
#4248 = ORIENTED_EDGE ( 'NONE', *, *, #1123, .F. ) ;
#4249 = EDGE_CURVE ( 'NONE', #4737, #3526, #704, .T. ) ;
#4250 = STYLED_ITEM ( 'NONE', ( #2746 ), #285 ) ;
#4251 = AXIS2_PLACEMENT_3D ( 'NONE', #4599, #4207, #3823 ) ;
#4252 = ORIENTED_EDGE ( 'NONE', *, *, #4429, .F. ) ;
#4253 = PLANE ( 'NONE',  #186 ) ;
#4254 = DIRECTION ( 'NONE',  ( 1.000000000000000000, 0.000000000000000000, 0.000000000000000000 ) ) ;
#4255 = ORIENTED_EDGE ( 'NONE', *, *, #51, .T. ) ;
#4256 = CARTESIAN_POINT ( 'NONE',  ( 0.3200000000000000067, -4.639999999999999680, 0.2999999999999999889 ) ) ;
#4257 = EDGE_LOOP ( 'NONE', ( #3330, #3244, #2206, #250 ) ) ;
#4258 = DIRECTION ( 'NONE',  ( -0.3713906763540865130, 0.9284766908852661871, 0.000000000000000000 ) ) ;
#4259 = CARTESIAN_POINT ( 'NONE',  ( -0.1200000000000000094, -5.139999999999999680, -0.1399999999999999856 ) ) ;
#4260 = CARTESIAN_POINT ( 'NONE',  ( -5.080000000000000071, 5.400000000000000355, -1.369999999999999885 ) ) ;
#4261 = CARTESIAN_POINT ( 'NONE',  ( -5.080000000000000071, 9.369999999999999218, -1.899999999999999911 ) ) ;
#4262 = DIRECTION ( 'NONE',  ( 1.000000000000000000, 0.000000000000000000, 0.000000000000000000 ) ) ;
#4263 = VERTEX_POINT ( 'NONE', #1462 ) ;
#4264 = EDGE_CURVE ( 'NONE', #938, #2677, #2630, .T. ) ;
#4265 = CARTESIAN_POINT ( 'NONE',  ( 0.9650000000000000799, -1.580000000000000071, 0.7299999999999999822 ) ) ;
#4266 = EDGE_LOOP ( 'NONE', ( #1284, #3345, #3254, #3152 ) ) ;
#4267 = CARTESIAN_POINT ( 'NONE',  ( -0.9650000000000000799, 1.580000000000000071, 0.7299999999999999822 ) ) ;
#4268 = CARTESIAN_POINT ( 'NONE',  ( 5.400000000000000355, 8.580000000000000071, -0.3400000000000000244 ) ) ;
#4269 = CARTESIAN_POINT ( 'NONE',  ( -5.919999999999999929, -0.9399999999999999467, -2.899999999999999911 ) ) ;
#4270 = VERTEX_POINT ( 'NONE', #1507 ) ;
#4271 = EDGE_CURVE ( 'NONE', #909, #427, #2228, .T. ) ;
#4272 = EDGE_CURVE ( 'NONE', #4859, #4462, #2951, .T. ) ;
#4273 = ORIENTED_EDGE ( 'NONE', *, *, #4569, .T. ) ;
#4274 = CARTESIAN_POINT ( 'NONE',  ( 1.699999999999999956, -1.580000000000000071, -2.899999999999999911 ) ) ;
#4275 = DIRECTION ( 'NONE',  ( 1.000000000000000000, 0.000000000000000000, 0.000000000000000000 ) ) ;
#4276 = EDGE_LOOP ( 'NONE', ( #2281, #317, #2115, #1074 ) ) ;
#4277 = CARTESIAN_POINT ( 'NONE',  ( -5.919999999999999929, -1.580000000000000071, -2.899999999999999911 ) ) ;
#4278 = ORIENTED_EDGE ( 'NONE', *, *, #1190, .F. ) ;
#4279 = FACE_OUTER_BOUND ( 'NONE', #907, .T. ) ;
#4280 = PLANE ( 'NONE',  #2665 ) ;
#4281 = PLANE ( 'NONE',  #908 ) ;
#4282 = CARTESIAN_POINT ( 'NONE',  ( -0.1200000000000000094, -5.139999999999999680, -0.1399999999999999856 ) ) ;
#4283 = FACE_OUTER_BOUND ( 'NONE', #528, .T. ) ;
#4284 = ORIENTED_EDGE ( 'NONE', *, *, #3105, .T. ) ;
#4285 = DIRECTION ( 'NONE',  ( 1.000000000000000000, 0.000000000000000000, 0.000000000000000000 ) ) ;
#4286 = EDGE_CURVE ( 'NONE', #838, #700, #1124, .T. ) ;
#4287 = LINE ( 'NONE', #64, #589 ) ;
#4288 = DIRECTION ( 'NONE',  ( 0.000000000000000000, -1.000000000000000000, 0.000000000000000000 ) ) ;
#4289 = FACE_BOUND ( 'NONE', #2879, .T. ) ;
#4290 = CARTESIAN_POINT ( 'NONE',  ( -0.3200000000000000067, -5.139999999999999680, 0.2999999999999999889 ) ) ;
#4291 = ORIENTED_EDGE ( 'NONE', *, *, #2633, .F. ) ;
#4292 = ADVANCED_FACE ( 'NONE', ( #680 ), #3316, .F. ) ;
#4293 = VERTEX_POINT ( 'NONE', #4889 ) ;
#4294 = CARTESIAN_POINT ( 'NONE',  ( 5.400000000000000355, 1.580000000000000071, 0.2999999999999999889 ) ) ;
#4295 = FACE_OUTER_BOUND ( 'NONE', #367, .T. ) ;
#4296 = EDGE_CURVE ( 'NONE', #1097, #4818, #2980, .T. ) ;
#4297 = ORIENTED_EDGE ( 'NONE', *, *, #272, .T. ) ;
#4298 = EDGE_CURVE ( 'NONE', #4108, #126, #1489, .T. ) ;
#4299 = CARTESIAN_POINT ( 'NONE',  ( 3.380000000000000338, -0.9399999999999999467, -1.600000000000000089 ) ) ;
#4300 = ORIENTED_EDGE ( 'NONE', *, *, #4743, .F. ) ;
#4301 = VERTEX_POINT ( 'NONE', #1778 ) ;
#4302 = EDGE_CURVE ( 'NONE', #2118, #3642, #4442, .T. ) ;
#4303 = VECTOR ( 'NONE', #621, 1000.000000000000000 ) ;
#4304 = LINE ( 'NONE', #2347, #668 ) ;
#4305 = CARTESIAN_POINT ( 'NONE',  ( 2.860000000000000320, 8.580000000000000071, 0.2999999999999999889 ) ) ;
#4306 = PLANE ( 'NONE',  #1154 ) ;
#4307 = FACE_OUTER_BOUND ( 'NONE', #4813, .T. ) ;
#4308 = VECTOR ( 'NONE', #2505, 1000.000000000000000 ) ;
#4309 = ORIENTED_EDGE ( 'NONE', *, *, #2902, .T. ) ;
#4310 = LINE ( 'NONE', #896, #1226 ) ;
#4311 = VECTOR ( 'NONE', #2229, 1000.000000000000000 ) ;
#4312 = LINE ( 'NONE', #426, #2189 ) ;
#4313 = CARTESIAN_POINT ( 'NONE',  ( -0.3200000000000000067, -4.639999999999999680, -0.3400000000000000244 ) ) ;
#4314 = LINE ( 'NONE', #902, #2096 ) ;
#4315 = DIRECTION ( 'NONE',  ( 0.000000000000000000, 0.000000000000000000, -1.000000000000000000 ) ) ;
#4316 = VERTEX_POINT ( 'NONE', #2722 ) ;
#4317 = VECTOR ( 'NONE', #45, 999.9999999999998863 ) ;
#4318 = VECTOR ( 'NONE', #3923, 999.9999999999998863 ) ;
#4319 = ORIENTED_EDGE ( 'NONE', *, *, #2692, .F. ) ;
#4320 = AXIS2_PLACEMENT_3D ( 'NONE', #2564, #4376, #4075 ) ;
#4321 = VECTOR ( 'NONE', #2378, 1000.000000000000000 ) ;
#4322 = VERTEX_POINT ( 'NONE', #443 ) ;
#4323 = DIRECTION ( 'NONE',  ( 1.000000000000000000, 0.000000000000000000, 0.000000000000000000 ) ) ;
#4324 = PLANE ( 'NONE',  #4470 ) ;
#4325 = VERTEX_POINT ( 'NONE', #1557 ) ;
#4326 = VECTOR ( 'NONE', #2874, 1000.000000000000000 ) ;
#4327 = LINE ( 'NONE', #1667, #4160 ) ;
#4328 = EDGE_CURVE ( 'NONE', #1606, #161, #1951, .T. ) ;
#4329 = ORIENTED_EDGE ( 'NONE', *, *, #3992, .T. ) ;
#4330 = VERTEX_POINT ( 'NONE', #4555 ) ;
#4331 = EDGE_CURVE ( 'NONE', #728, #2618, #3784, .T. ) ;
#4332 = DIRECTION ( 'NONE',  ( -1.000000000000000000, 0.000000000000000000, 0.000000000000000000 ) ) ;
#4333 = DIRECTION ( 'NONE',  ( 0.000000000000000000, 0.000000000000000000, -1.000000000000000000 ) ) ;
#4334 = ADVANCED_FACE ( 'NONE', ( #2373 ), #370, .F. ) ;
#4335 = DIRECTION ( 'NONE',  ( 0.000000000000000000, -1.000000000000000000, 0.000000000000000000 ) ) ;
#4336 = LINE ( 'NONE', #1200, #2 ) ;
#4337 = EDGE_LOOP ( 'NONE', ( #31, #4417, #1842, #2754 ) ) ;
#4338 = DIRECTION ( 'NONE',  ( 0.000000000000000000, -1.000000000000000000, 0.000000000000000000 ) ) ;
#4339 = CARTESIAN_POINT ( 'NONE',  ( 0.8400000000000000799, -1.270000000000000018, -0.8249999999999999556 ) ) ;
#4340 = PLANE ( 'NONE',  #4639 ) ;
#4341 = LINE ( 'NONE', #199, #163 ) ;
#4342 = LINE ( 'NONE', #168, #76 ) ;
#4343 = EDGE_LOOP ( 'NONE', ( #1101, #3864, #3394, #1592 ) ) ;
#4344 = EDGE_LOOP ( 'NONE', ( #2726, #2648, #841, #2423 ) ) ;
#4345 = CARTESIAN_POINT ( 'NONE',  ( -1.699999999999999956, -1.270000000000000018, -1.600000000000000089 ) ) ;
#4346 = DIRECTION ( 'NONE',  ( 0.000000000000000000, 1.000000000000000000, 0.000000000000000000 ) ) ;
#4347 = LINE ( 'NONE', #2765, #3425 ) ;
#4348 = VERTEX_POINT ( 'NONE', #3854 ) ;
#4349 = EDGE_CURVE ( 'NONE', #2489, #1553, #4579, .T. ) ;
#4350 = DIRECTION ( 'NONE',  ( 0.000000000000000000, 0.000000000000000000, -1.000000000000000000 ) ) ;
#4351 = VECTOR ( 'NONE', #740, 1000.000000000000000 ) ;
#4352 = ORIENTED_EDGE ( 'NONE', *, *, #4492, .F. ) ;
#4353 = EDGE_LOOP ( 'NONE', ( #754, #3177, #3397, #2955 ) ) ;
#4354 = ADVANCED_FACE ( 'NONE', ( #38 ), #1577, .T. ) ;
#4355 = DIRECTION ( 'NONE',  ( 0.000000000000000000, 0.000000000000000000, -1.000000000000000000 ) ) ;
#4356 = EDGE_CURVE ( 'NONE', #161, #2514, #1975, .T. ) ;
#4357 = FACE_OUTER_BOUND ( 'NONE', #3717, .T. ) ;
#4358 = CARTESIAN_POINT ( 'NONE',  ( -2.860000000000000320, -0.9399999999999999467, 0.2999999999999999889 ) ) ;
#4359 = CARTESIAN_POINT ( 'NONE',  ( -2.759999999999999787, -4.890000000000000568, -0.02000000000000000042 ) ) ;
#4360 = ORIENTED_EDGE ( 'NONE', *, *, #4121, .T. ) ;
#4361 = CARTESIAN_POINT ( 'NONE',  ( 3.504999999999999893, 1.580000000000000071, 0.7299999999999999822 ) ) ;
#4362 = ADVANCED_FACE ( 'NONE', ( #2701 ), #4209, .T. ) ;
#4363 = ADVANCED_FACE ( 'NONE', ( #751 ), #1629, .F. ) ;
#4364 = DIRECTION ( 'NONE',  ( 0.000000000000000000, 0.000000000000000000, 1.000000000000000000 ) ) ;
#4365 = CARTESIAN_POINT ( 'NONE',  ( -2.220000000000000195, -4.639999999999999680, 0.2999999999999999889 ) ) ;
#4366 = DIRECTION ( 'NONE',  ( 0.000000000000000000, 0.000000000000000000, -1.000000000000000000 ) ) ;
#4367 = CARTESIAN_POINT ( 'NONE',  ( -0.9650000000000000799, 1.580000000000000071, 0.7299999999999999822 ) ) ;
#4368 = ORIENTED_EDGE ( 'NONE', *, *, #1719, .F. ) ;
#4369 = EDGE_LOOP ( 'NONE', ( #4170, #1144, #770, #314, #4099, #3934, #1587, #1438, #1524, #633, #1411, #1886 ) ) ;
#4370 = DIRECTION ( 'NONE',  ( 0.000000000000000000, 1.000000000000000000, 0.000000000000000000 ) ) ;
#4371 = LINE ( 'NONE', #2084, #487 ) ;
#4372 = FACE_OUTER_BOUND ( 'NONE', #4369, .T. ) ;
#4373 = ORIENTED_EDGE ( 'NONE', *, *, #2735, .F. ) ;
#4374 = DIRECTION ( 'NONE',  ( 0.000000000000000000, -1.000000000000000000, 0.000000000000000000 ) ) ;
#4375 = ORIENTED_EDGE ( 'NONE', *, *, #4631, .F. ) ;
#4376 = DIRECTION ( 'NONE',  ( -0.000000000000000000, 1.000000000000000000, 0.000000000000000000 ) ) ;
#4377 = ORIENTED_EDGE ( 'NONE', *, *, #4205, .F. ) ;
#4378 = FACE_OUTER_BOUND ( 'NONE', #1417, .T. ) ;
#4379 = CARTESIAN_POINT ( 'NONE',  ( -5.080000000000000071, -4.890000000000000568, -0.2400000000000000189 ) ) ;
#4380 = DIRECTION ( 'NONE',  ( 0.000000000000000000, 1.000000000000000000, 0.000000000000000000 ) ) ;
#4381 = CARTESIAN_POINT ( 'NONE',  ( 5.080000000000000071, 4.400000000000000355, -1.369999999999999885 ) ) ;
#4382 = EDGE_LOOP ( 'NONE', ( #4225, #2007, #223, #995 ) ) ;
#4383 = EDGE_CURVE ( 'NONE', #1315, #2049, #3113, .T. ) ;
#4384 = DIRECTION ( 'NONE',  ( 0.000000000000000000, 0.000000000000000000, -1.000000000000000000 ) ) ;
#4385 = VECTOR ( 'NONE', #4571, 1000.000000000000000 ) ;
#4386 = EDGE_CURVE ( 'NONE', #4885, #3622, #792, .T. ) ;
#4387 = VECTOR ( 'NONE', #4610, 1000.000000000000000 ) ;
#4388 = DIRECTION ( 'NONE',  ( 0.000000000000000000, 0.000000000000000000, 1.000000000000000000 ) ) ;
#4389 = DIRECTION ( 'NONE',  ( -1.000000000000000000, 0.000000000000000000, 0.000000000000000000 ) ) ;
#4390 = LINE ( 'NONE', #4783, #245 ) ;
#4391 = EDGE_LOOP ( 'NONE', ( #4802, #3856, #1243, #3179 ) ) ;
#4392 = EDGE_CURVE ( 'NONE', #2791, #1088, #3089, .T. ) ;
#4393 = AXIS2_PLACEMENT_3D ( 'NONE', #1673, #3510, #4262 ) ;
#4394 = ORIENTED_EDGE ( 'NONE', *, *, #22, .F. ) ;
#4395 = CARTESIAN_POINT ( 'NONE',  ( -4.240000000000000213, -0.9399999999999999467, 2.899999999999999911 ) ) ;
#4396 = DIRECTION ( 'NONE',  ( 0.000000000000000000, 0.000000000000000000, -1.000000000000000000 ) ) ;
#4397 = CARTESIAN_POINT ( 'NONE',  ( 0.8400000000000000799, -1.580000000000000071, 2.899999999999999911 ) ) ;
#4398 = VECTOR ( 'NONE', #2358, 1000.000000000000000 ) ;
#4399 = VECTOR ( 'NONE', #4134, 1000.000000000000000 ) ;
#4400 = ORIENTED_EDGE ( 'NONE', *, *, #993, .T. ) ;
#4401 = ADVANCED_FACE ( 'NONE', ( #4188 ), #2319, .F. ) ;
#4402 = ORIENTED_EDGE ( 'NONE', *, *, #3828, .F. ) ;
#4403 = VECTOR ( 'NONE', #3878, 1000.000000000000000 ) ;
#4404 = VECTOR ( 'NONE', #712, 1000.000000000000000 ) ;
#4405 = LINE ( 'NONE', #2459, #4623 ) ;
#4406 = AXIS2_PLACEMENT_3D ( 'NONE', #1409, #1354, #238 ) ;
#4407 = VERTEX_POINT ( 'NONE', #1199 ) ;
#4408 = CARTESIAN_POINT ( 'NONE',  ( 1.699999999999999956, -1.270000000000000018, -1.600000000000000089 ) ) ;
#4409 = AXIS2_PLACEMENT_3D ( 'NONE', #1701, #3215, #3560 ) ;
#4410 = VECTOR ( 'NONE', #4138, 1000.000000000000000 ) ;
#4411 = ORIENTED_EDGE ( 'NONE', *, *, #683, .F. ) ;
#4412 = AXIS2_PLACEMENT_3D ( 'NONE', #1000, #4415, #4380 ) ;
#4413 = LINE ( 'NONE', #4032, #2814 ) ;
#4414 = LINE ( 'NONE', #2068, #1548 ) ;
#4415 = DIRECTION ( 'NONE',  ( 1.000000000000000000, 0.000000000000000000, 0.000000000000000000 ) ) ;
#4416 = LINE ( 'NONE', #3237, #810 ) ;
#4417 = ORIENTED_EDGE ( 'NONE', *, *, #1810, .T. ) ;
#4418 = ADVANCED_FACE ( 'NONE', ( #3410 ), #4928, .F. ) ;
#4419 = DIRECTION ( 'NONE',  ( -1.000000000000000000, 0.000000000000000000, 0.000000000000000000 ) ) ;
#4420 = LINE ( 'NONE', #950, #1221 ) ;
#4421 = LINE ( 'NONE', #2858, #4308 ) ;
#4422 = ORIENTED_EDGE ( 'NONE', *, *, #4331, .T. ) ;
#4423 = EDGE_CURVE ( 'NONE', #4706, #4133, #773, .T. ) ;
#4424 = VERTEX_POINT ( 'NONE', #3070 ) ;
#4425 = ORIENTED_EDGE ( 'NONE', *, *, #3989, .T. ) ;
#4426 = LINE ( 'NONE', #1367, #4247 ) ;
#4427 = DIRECTION ( 'NONE',  ( 0.000000000000000000, 1.000000000000000000, 0.000000000000000000 ) ) ;
#4428 = CARTESIAN_POINT ( 'NONE',  ( -5.080000000000000071, 3.870000000000000107, -1.899999999999999911 ) ) ;
#4429 = EDGE_CURVE ( 'NONE', #3788, #129, #3825, .T. ) ;
#4430 = ORIENTED_EDGE ( 'NONE', *, *, #4156, .T. ) ;
#4431 = EDGE_CURVE ( 'NONE', #4168, #4301, #3231, .T. ) ;
#4432 = CARTESIAN_POINT ( 'NONE',  ( 4.760000000000000675, 1.580000000000000071, -0.3400000000000000244 ) ) ;
#4433 = ORIENTED_EDGE ( 'NONE', *, *, #4180, .T. ) ;
#4434 = DIRECTION ( 'NONE',  ( -1.000000000000000000, 0.000000000000000000, 0.000000000000000000 ) ) ;
#4435 = ORIENTED_EDGE ( 'NONE', *, *, #4816, .T. ) ;
#4436 = DIRECTION ( 'NONE',  ( 0.000000000000000000, -1.000000000000000000, 0.000000000000000000 ) ) ;
#4437 = DIRECTION ( 'NONE',  ( 0.000000000000000000, -1.000000000000000000, 0.000000000000000000 ) ) ;
#4438 = CARTESIAN_POINT ( 'NONE',  ( 4.859999999999999432, 8.830000000000000071, -0.02000000000000000042 ) ) ;
#4439 = ORIENTED_EDGE ( 'NONE', *, *, #1106, .T. ) ;
#4440 = APPLICATION_PROTOCOL_DEFINITION ( 'draft international standard', 'automotive_design', 1998, #795 ) ;
#4441 = DIRECTION ( 'NONE',  ( 1.000000000000000000, 0.000000000000000000, 0.000000000000000000 ) ) ;
#4442 = LINE ( 'NONE', #2651, #2263 ) ;
#4443 = FACE_OUTER_BOUND ( 'NONE', #2734, .T. ) ;
#4444 = ORIENTED_EDGE ( 'NONE', *, *, #111, .T. ) ;
#4445 = VERTEX_POINT ( 'NONE', #2119 ) ;
#4446 = EDGE_CURVE ( 'NONE', #4125, #4754, #667, .T. ) ;
#4447 = ORIENTED_EDGE ( 'NONE', *, *, #547, .T. ) ;
#4448 = VERTEX_POINT ( 'NONE', #4769 ) ;
#4449 = CARTESIAN_POINT ( 'NONE',  ( -1.574999999999999956, -1.580000000000000071, -0.7699999999999999067 ) ) ;
#4450 = CARTESIAN_POINT ( 'NONE',  ( -5.080000000000000071, 2.180000000000000160, -1.899999999999999911 ) ) ;
#4451 = CARTESIAN_POINT ( 'NONE',  ( 4.240000000000000213, -1.580000000000000071, 2.899999999999999911 ) ) ;
#4452 = EDGE_CURVE ( 'NONE', #3632, #19, #1350, .T. ) ;
#4453 = DIRECTION ( 'NONE',  ( 0.000000000000000000, 0.000000000000000000, -1.000000000000000000 ) ) ;
#4454 = ORIENTED_EDGE ( 'NONE', *, *, #2537, .F. ) ;
#4455 = CARTESIAN_POINT ( 'NONE',  ( -3.380000000000000338, -0.9399999999999999467, 0.8249999999999999556 ) ) ;
#4456 = EDGE_CURVE ( 'NONE', #4330, #340, #1039, .T. ) ;
#4457 = ADVANCED_FACE ( 'NONE', ( #1374 ), #2196, .T. ) ;
#4458 = ORIENTED_EDGE ( 'NONE', *, *, #1934, .T. ) ;
#4459 = DIRECTION ( 'NONE',  ( -0.000000000000000000, 1.000000000000000000, 0.000000000000000000 ) ) ;
#4460 = FACE_OUTER_BOUND ( 'NONE', #312, .T. ) ;
#4461 = DIRECTION ( 'NONE',  ( 0.000000000000000000, 0.000000000000000000, 1.000000000000000000 ) ) ;
#4462 = VERTEX_POINT ( 'NONE', #4455 ) ;
#4463 = EDGE_CURVE ( 'NONE', #4845, #3135, #3253, .T. ) ;
#4464 = LINE ( 'NONE', #3260, #2588 ) ;
#4465 = PLANE ( 'NONE',  #4641 ) ;
#4466 = DIRECTION ( 'NONE',  ( 1.000000000000000000, 0.000000000000000000, 0.000000000000000000 ) ) ;
#4467 = DIRECTION ( 'NONE',  ( 0.000000000000000000, 0.000000000000000000, 1.000000000000000000 ) ) ;
#4468 = ORIENTED_EDGE ( 'NONE', *, *, #2024, .F. ) ;
#4469 = ORIENTED_EDGE ( 'NONE', *, *, #2354, .T. ) ;
#4470 = AXIS2_PLACEMENT_3D ( 'NONE', #150, #1685, #2384 ) ;
#4471 = ORIENTED_EDGE ( 'NONE', *, *, #919, .F. ) ;
#4472 = CARTESIAN_POINT ( 'NONE',  ( 4.760000000000000675, -0.9399999999999999467, 0.2999999999999999889 ) ) ;
#4473 = DIRECTION ( 'NONE',  ( 0.000000000000000000, -0.3713906763540865685, 0.9284766908852662981 ) ) ;
#4474 = CARTESIAN_POINT ( 'NONE',  ( -1.699999999999999956, -1.270000000000000018, 0.8249999999999999556 ) ) ;
#4475 = VECTOR ( 'NONE', #4366, 1000.000000000000000 ) ;
#4476 = VECTOR ( 'NONE', #1928, 1000.000000000000000 ) ;
#4477 = DIRECTION ( 'NONE',  ( -1.000000000000000000, 0.000000000000000000, 0.000000000000000000 ) ) ;
#4478 = ORIENTED_EDGE ( 'NONE', *, *, #953, .T. ) ;
#4479 = PLANE ( 'NONE',  #1695 ) ;
#4480 = EDGE_LOOP ( 'NONE', ( #4671, #3428, #1825, #1571 ) ) ;
#4481 = AXIS2_PLACEMENT_3D ( 'NONE', #1921, #3141, #3458 ) ;
#4482 = VECTOR ( 'NONE', #2064, 1000.000000000000000 ) ;
#4483 = ADVANCED_FACE ( 'NONE', ( #1820 ), #4029, .F. ) ;
#4484 = LINE ( 'NONE', #1098, #3366 ) ;
#4485 = AXIS2_PLACEMENT_3D ( 'NONE', #863, #1949, #819 ) ;
#4486 = CARTESIAN_POINT ( 'NONE',  ( 0.3200000000000000067, 8.580000000000000071, -0.3400000000000000244 ) ) ;
#4487 = CARTESIAN_POINT ( 'NONE',  ( -5.299999999999999822, 8.830000000000000071, -0.02000000000000000042 ) ) ;
#4488 = ORIENTED_EDGE ( 'NONE', *, *, #4648, .F. ) ;
#4489 = ORIENTED_EDGE ( 'NONE', *, *, #737, .T. ) ;
#4490 = AXIS2_PLACEMENT_3D ( 'NONE', #4508, #4135, #437 ) ;
#4491 = VECTOR ( 'NONE', #3463, 1000.000000000000000 ) ;
#4492 = EDGE_CURVE ( 'NONE', #873, #1189, #2519, .T. ) ;
#4493 = CARTESIAN_POINT ( 'NONE',  ( 0.8400000000000000799, -1.270000000000000018, 0.8249999999999999556 ) ) ;
#4494 = ORIENTED_EDGE ( 'NONE', *, *, #4431, .F. ) ;
#4495 = CARTESIAN_POINT ( 'NONE',  ( 3.380000000000000338, -0.9399999999999999467, 1.600000000000000089 ) ) ;
#4496 = CARTESIAN_POINT ( 'NONE',  ( -1.699999999999999956, -1.580000000000000071, 2.899999999999999911 ) ) ;
#4497 = ORIENTED_EDGE ( 'NONE', *, *, #2053, .F. ) ;
#4498 = ORIENTED_EDGE ( 'NONE', *, *, #4328, .F. ) ;
#4499 = DIRECTION ( 'NONE',  ( 0.000000000000000000, 1.000000000000000000, 0.000000000000000000 ) ) ;
#4500 = ORIENTED_EDGE ( 'NONE', *, *, #1623, .F. ) ;
#4501 = DIRECTION ( 'NONE',  ( 0.000000000000000000, 0.000000000000000000, 1.000000000000000000 ) ) ;
#4502 = CARTESIAN_POINT ( 'NONE',  ( -2.540000000000000036, -4.890000000000000568, 0.2000000000000000111 ) ) ;
#4503 = DIRECTION ( 'NONE',  ( 0.000000000000000000, 0.000000000000000000, 1.000000000000000000 ) ) ;
#4504 = DIRECTION ( 'NONE',  ( 1.000000000000000000, 0.000000000000000000, 0.000000000000000000 ) ) ;
#4505 = ORIENTED_EDGE ( 'NONE', *, *, #2541, .F. ) ;
#4506 = EDGE_LOOP ( 'NONE', ( #2195, #2290, #2953, #2605 ) ) ;
#4507 = PLANE ( 'NONE',  #1386 ) ;
#4508 = CARTESIAN_POINT ( 'NONE',  ( 1.574999999999999956, 1.580000000000000071, -0.7699999999999999067 ) ) ;
#4509 = DIRECTION ( 'NONE',  ( 1.000000000000000000, 0.000000000000000000, 0.000000000000000000 ) ) ;
#4510 = VERTEX_POINT ( 'NONE', #3701 ) ;
#4511 = CARTESIAN_POINT ( 'NONE',  ( 3.380000000000000338, -1.270000000000000018, -1.600000000000000089 ) ) ;
#4512 = DIRECTION ( 'NONE',  ( 1.000000000000000000, 0.000000000000000000, 0.000000000000000000 ) ) ;
#4513 = LINE ( 'NONE', #1952, #3356 ) ;
#4514 = ORIENTED_EDGE ( 'NONE', *, *, #2567, .F. ) ;
#4515 = EDGE_CURVE ( 'NONE', #427, #462, #3329, .T. ) ;
#4516 = EDGE_CURVE ( 'NONE', #2360, #4754, #638, .T. ) ;
#4517 = ORIENTED_EDGE ( 'NONE', *, *, #95, .F. ) ;
#4518 = ORIENTED_EDGE ( 'NONE', *, *, #4884, .T. ) ;
#4519 = LINE ( 'NONE', #4583, #2485 ) ;
#4520 = EDGE_LOOP ( 'NONE', ( #35, #355, #1984, #1731 ) ) ;
#4521 = CARTESIAN_POINT ( 'NONE',  ( -5.080000000000000071, 3.870000000000000107, -1.899999999999999911 ) ) ;
#4522 = PLANE ( 'NONE',  #738 ) ;
#4523 = CARTESIAN_POINT ( 'NONE',  ( 4.760000000000000675, 0.000000000000000000, 0.000000000000000000 ) ) ;
#4524 = DIRECTION ( 'NONE',  ( 0.000000000000000000, -1.000000000000000000, 0.000000000000000000 ) ) ;
#4525 = ORIENTED_EDGE ( 'NONE', *, *, #678, .T. ) ;
#4526 = ORIENTED_EDGE ( 'NONE', *, *, #368, .F. ) ;
#4527 = DIRECTION ( 'NONE',  ( 1.000000000000000000, 0.000000000000000000, 0.000000000000000000 ) ) ;
#4528 = DIRECTION ( 'NONE',  ( 0.000000000000000000, 0.000000000000000000, 1.000000000000000000 ) ) ;
#4529 = ORIENTED_EDGE ( 'NONE', *, *, #1647, .F. ) ;
#4530 = CARTESIAN_POINT ( 'NONE',  ( 2.860000000000000320, 0.000000000000000000, 0.000000000000000000 ) ) ;
#4531 = CARTESIAN_POINT ( 'NONE',  ( -4.959999999999999964, 9.080000000000000071, -0.1399999999999999856 ) ) ;
#4532 = LINE ( 'NONE', #793, #2171 ) ;
#4533 = ORIENTED_EDGE ( 'NONE', *, *, #3171, .T. ) ;
#4534 = EDGE_CURVE ( 'NONE', #462, #1041, #263, .T. ) ;
#4535 = ORIENTED_EDGE ( 'NONE', *, *, #3693, .F. ) ;
#4536 = VERTEX_POINT ( 'NONE', #1406 ) ;
#4537 = EDGE_CURVE ( 'NONE', #3034, #2144, #865, .T. ) ;
#4538 = FACE_OUTER_BOUND ( 'NONE', #4584, .T. ) ;
#4539 = ORIENTED_EDGE ( 'NONE', *, *, #4296, .T. ) ;
#4540 = LINE ( 'NONE', #2661, #3054 ) ;
#4541 = DIRECTION ( 'NONE',  ( 0.000000000000000000, -1.000000000000000000, 0.000000000000000000 ) ) ;
#4542 = DIRECTION ( 'NONE',  ( 0.000000000000000000, -1.000000000000000000, 0.000000000000000000 ) ) ;
#4543 = VECTOR ( 'NONE', #1791, 1000.000000000000000 ) ;
#4544 = EDGE_CURVE ( 'NONE', #4760, #3788, #1796, .T. ) ;
#4545 = CARTESIAN_POINT ( 'NONE',  ( -6.349999999999999645, 1.580000000000000071, 2.899999999999999911 ) ) ;
#4546 = ORIENTED_EDGE ( 'NONE', *, *, #3565, .F. ) ;
#4547 = DIRECTION ( 'NONE',  ( 0.000000000000000000, 0.000000000000000000, -1.000000000000000000 ) ) ;
#4548 = LINE ( 'NONE', #4184, #2343 ) ;
#4549 = AXIS2_PLACEMENT_3D ( 'NONE', #2958, #282, #1062 ) ;
#4550 = VECTOR ( 'NONE', #2671, 1000.000000000000000 ) ;
#4551 = VERTEX_POINT ( 'NONE', #1017 ) ;
#4552 = VECTOR ( 'NONE', #2867, 1000.000000000000000 ) ;
#4553 = VECTOR ( 'NONE', #1061, 1000.000000000000000 ) ;
#4554 = CARTESIAN_POINT ( 'NONE',  ( 5.200000000000000178, -5.139999999999999680, 0.09999999999998999967 ) ) ;
#4555 = CARTESIAN_POINT ( 'NONE',  ( 3.380000000000000338, -1.270000000000000018, 0.8249999999999999556 ) ) ;
#4556 = DIRECTION ( 'NONE',  ( 1.000000000000000000, 0.000000000000000000, 0.000000000000000000 ) ) ;
#4557 = VERTEX_POINT ( 'NONE', #2164 ) ;
#4558 = VECTOR ( 'NONE', #4618, 999.9999999999998863 ) ;
#4559 = AXIS2_PLACEMENT_3D ( 'NONE', #3288, #4037, #1412 ) ;
#4560 = AXIS2_PLACEMENT_3D ( 'NONE', #869, #2755, #4606 ) ;
#4561 = EDGE_LOOP ( 'NONE', ( #4190, #1153, #4112, #4815 ) ) ;
#4562 = AXIS2_PLACEMENT_3D ( 'NONE', #4806, #270, #2871 ) ;
#4563 = DIRECTION ( 'NONE',  ( 0.000000000000000000, 0.000000000000000000, 1.000000000000000000 ) ) ;
#4564 = VERTEX_POINT ( 'NONE', #963 ) ;
#4565 = CARTESIAN_POINT ( 'NONE',  ( 5.400000000000000355, -0.9399999999999999467, -0.3400000000000000244 ) ) ;
#4566 = FACE_BOUND ( 'NONE', #1002, .T. ) ;
#4567 = CARTESIAN_POINT ( 'NONE',  ( -3.380000000000000338, -0.9399999999999999467, 1.600000000000000089 ) ) ;
#4568 = VECTOR ( 'NONE', #716, 1000.000000000000000 ) ;
#4569 = EDGE_CURVE ( 'NONE', #970, #480, #3674, .T. ) ;
#4570 = CARTESIAN_POINT ( 'NONE',  ( -5.200000000000000178, -5.139999999999999680, -0.1399999999999999856 ) ) ;
#4571 = DIRECTION ( 'NONE',  ( 0.000000000000000000, 0.000000000000000000, -1.000000000000000000 ) ) ;
#4572 = EDGE_CURVE ( 'NONE', #4316, #4564, #3307, .T. ) ;
#4573 = ORIENTED_EDGE ( 'NONE', *, *, #4843, .T. ) ;
#4574 = EDGE_CURVE ( 'NONE', #1193, #1161, #1253, .T. ) ;
#4575 = DIRECTION ( 'NONE',  ( 0.000000000000000000, 0.000000000000000000, 1.000000000000000000 ) ) ;
#4576 = ORIENTED_EDGE ( 'NONE', *, *, #1075, .T. ) ;
#4577 = LINE ( 'NONE', #489, #496 ) ;
#4578 = CARTESIAN_POINT ( 'NONE',  ( -0.3200000000000000067, 1.580000000000000071, 0.2999999999999999889 ) ) ;
#4579 = LINE ( 'NONE', #389, #4403 ) ;
#4580 = DIRECTION ( 'NONE',  ( 0.000000000000000000, -1.000000000000000000, 0.000000000000000000 ) ) ;
#4581 = ORIENTED_EDGE ( 'NONE', *, *, #2642, .T. ) ;
#4582 = VERTEX_POINT ( 'NONE', #212 ) ;
#4583 = CARTESIAN_POINT ( 'NONE',  ( 4.959999999999999964, -5.139999999999999680, -0.1399999999999999856 ) ) ;
#4584 = EDGE_LOOP ( 'NONE', ( #3702, #1461, #1521, #2556 ) ) ;
#4585 = DIRECTION ( 'NONE',  ( 0.000000000000000000, 1.000000000000000000, 0.000000000000000000 ) ) ;
#4586 = DIRECTION ( 'NONE',  ( 1.000000000000000000, 0.000000000000000000, 0.000000000000000000 ) ) ;
#4587 = DIRECTION ( 'NONE',  ( 1.000000000000000000, 0.000000000000000000, 0.000000000000000000 ) ) ;
#4588 = DIRECTION ( 'NONE',  ( 0.000000000000000000, 1.000000000000000000, 0.000000000000000000 ) ) ;
#4589 = CARTESIAN_POINT ( 'NONE',  ( 0.8400000000000000799, -1.580000000000000071, 2.899999999999999911 ) ) ;
#4590 = EDGE_CURVE ( 'NONE', #161, #1762, #1740, .T. ) ;
#4591 = EDGE_CURVE ( 'NONE', #1720, #414, #4846, .T. ) ;
#4592 = VERTEX_POINT ( 'NONE', #1447 ) ;
#4593 = LINE ( 'NONE', #1248, #3910 ) ;
#4594 = ADVANCED_FACE ( 'NONE', ( #3727 ), #4479, .F. ) ;
#4595 = FILL_AREA_STYLE_COLOUR ( '', #1478 ) ;
#4596 = EDGE_CURVE ( 'NONE', #1366, #1397, #2219, .T. ) ;
#4597 =( NAMED_UNIT ( * ) SI_UNIT ( $, .STERADIAN. ) SOLID_ANGLE_UNIT ( ) );
#4598 = DIRECTION ( 'NONE',  ( 0.000000000000000000, 0.000000000000000000, 1.000000000000000000 ) ) ;
#4599 = CARTESIAN_POINT ( 'NONE',  ( 0.8400000000000000799, -0.9399999999999999467, 2.899999999999999911 ) ) ;
#4600 = EDGE_CURVE ( 'NONE', #2453, #3673, #3555, .T. ) ;
#4601 = DIRECTION ( 'NONE',  ( 0.000000000000000000, 0.000000000000000000, -1.000000000000000000 ) ) ;
#4602 = DIRECTION ( 'NONE',  ( 0.000000000000000000, 0.000000000000000000, -1.000000000000000000 ) ) ;
#4603 = DIRECTION ( 'NONE',  ( -1.000000000000000000, 0.000000000000000000, 0.000000000000000000 ) ) ;
#4604 = VERTEX_POINT ( 'NONE', #3138 ) ;
#4605 = ORIENTED_EDGE ( 'NONE', *, *, #2058, .F. ) ;
#4606 = DIRECTION ( 'NONE',  ( 0.000000000000000000, -0.9284766908852661871, 0.3713906763540865130 ) ) ;
#4607 = VERTEX_POINT ( 'NONE', #1993 ) ;
#4608 = CARTESIAN_POINT ( 'NONE',  ( -5.400000000000000355, 1.580000000000000071, 0.2999999999999999889 ) ) ;
#4609 = DIRECTION ( 'NONE',  ( 1.000000000000000000, 0.000000000000000000, 0.000000000000000000 ) ) ;
#4610 = DIRECTION ( 'NONE',  ( 0.000000000000000000, 0.000000000000000000, -1.000000000000000000 ) ) ;
#4611 = ORIENTED_EDGE ( 'NONE', *, *, #4931, .F. ) ;
#4612 = EDGE_LOOP ( 'NONE', ( #4683, #3435, #4435, #2296 ) ) ;
#4613 = PLANE ( 'NONE',  #4104 ) ;
#4614 = PLANE ( 'NONE',  #1999 ) ;
#4615 = VECTOR ( 'NONE', #2457, 1000.000000000000000 ) ;
#4616 = ORIENTED_EDGE ( 'NONE', *, *, #1264, .F. ) ;
#4617 = DIRECTION ( 'NONE',  ( -0.000000000000000000, 0.3713906763540865685, 0.9284766908852662981 ) ) ;
#4618 = DIRECTION ( 'NONE',  ( 0.3481553119113956485, 0.8703882797784894265, 0.3481553119113956485 ) ) ;
#4619 = ORIENTED_EDGE ( 'NONE', *, *, #3957, .F. ) ;
#4620 = EDGE_CURVE ( 'NONE', #4582, #249, #4694, .T. ) ;
#4621 = LINE ( 'NONE', #3480, #17 ) ;
#4622 = VECTOR ( 'NONE', #3722, 1000.000000000000000 ) ;
#4623 = VECTOR ( 'NONE', #1426, 1000.000000000000000 ) ;
#4624 = DIRECTION ( 'NONE',  ( -1.000000000000000000, 0.000000000000000000, 0.000000000000000000 ) ) ;
#4625 = FACE_OUTER_BOUND ( 'NONE', #3637, .T. ) ;
#4626 = DIRECTION ( 'NONE',  ( -1.000000000000000000, 0.000000000000000000, 0.000000000000000000 ) ) ;
#4627 = LINE ( 'NONE', #2753, #2572 ) ;
#4628 = VERTEX_POINT ( 'NONE', #536 ) ;
#4629 = VECTOR ( 'NONE', #4800, 1000.000000000000000 ) ;
#4630 = AXIS2_PLACEMENT_3D ( 'NONE', #4201, #3816, #2272 ) ;
#4631 = EDGE_CURVE ( 'NONE', #3249, #3675, #133, .T. ) ;
#4632 = DIRECTION ( 'NONE',  ( 0.000000000000000000, 0.000000000000000000, 1.000000000000000000 ) ) ;
#4633 = VERTEX_POINT ( 'NONE', #1597 ) ;
#4634 = VECTOR ( 'NONE', #3134, 1000.000000000000000 ) ;
#4635 = LINE ( 'NONE', #2076, #1394 ) ;
#4636 = LINE ( 'NONE', #3120, #3676 ) ;
#4637 = LINE ( 'NONE', #1240, #2403 ) ;
#4638 = AXIS2_PLACEMENT_3D ( 'NONE', #2775, #600, #542 ) ;
#4639 = AXIS2_PLACEMENT_3D ( 'NONE', #2731, #3905, #3119 ) ;
#4640 = VERTEX_POINT ( 'NONE', #3110 ) ;
#4641 = AXIS2_PLACEMENT_3D ( 'NONE', #1003, #1727, #1750 ) ;
#4642 = ORIENTED_EDGE ( 'NONE', *, *, #2238, .F. ) ;
#4643 = DIRECTION ( 'NONE',  ( 1.000000000000000000, 0.000000000000000000, 0.000000000000000000 ) ) ;
#4644 = DIRECTION ( 'NONE',  ( 1.000000000000000000, 0.000000000000000000, 0.000000000000000000 ) ) ;
#4645 = ORIENTED_EDGE ( 'NONE', *, *, #3109, .F. ) ;
#4646 = CARTESIAN_POINT ( 'NONE',  ( -2.759999999999999787, 8.830000000000000071, -0.02000000000000000042 ) ) ;
#4647 = ORIENTED_EDGE ( 'NONE', *, *, #3602, .F. ) ;
#4648 = EDGE_CURVE ( 'NONE', #3604, #1855, #1300, .T. ) ;
#4649 = PLANE ( 'NONE',  #2023 ) ;
#4650 = FACE_OUTER_BOUND ( 'NONE', #1306, .T. ) ;
#4651 = DIRECTION ( 'NONE',  ( 0.000000000000000000, 0.000000000000000000, -1.000000000000000000 ) ) ;
#4652 = CARTESIAN_POINT ( 'NONE',  ( 1.574999999999999956, -1.580000000000000071, -0.7699999999999999067 ) ) ;
#4653 = CARTESIAN_POINT ( 'NONE',  ( 1.574999999999999956, 1.580000000000000071, 0.7299999999999999822 ) ) ;
#4654 = EDGE_LOOP ( 'NONE', ( #2408, #4030, #4155, #1713 ) ) ;
#4655 = EDGE_CURVE ( 'NONE', #1013, #1016, #4621, .T. ) ;
#4656 = PLANE ( 'NONE',  #1396 ) ;
#4657 = LINE ( 'NONE', #2178, #3687 ) ;
#4658 = LINE ( 'NONE', #1207, #2744 ) ;
#4659 = PLANE ( 'NONE',  #3359 ) ;
#4660 = EDGE_CURVE ( 'NONE', #3970, #1563, #2045, .T. ) ;
#4661 = DIRECTION ( 'NONE',  ( 0.000000000000000000, 0.000000000000000000, -1.000000000000000000 ) ) ;
#4662 = ORIENTED_EDGE ( 'NONE', *, *, #174, .F. ) ;
#4663 = ADVANCED_FACE ( 'NONE', ( #440 ), #1972, .T. ) ;
#4664 = ORIENTED_EDGE ( 'NONE', *, *, #1519, .T. ) ;
#4665 = LINE ( 'NONE', #4294, #3123 ) ;
#4666 = FACE_OUTER_BOUND ( 'NONE', #2575, .T. ) ;
#4667 = ADVANCED_FACE ( 'NONE', ( #1626 ), #1670, .T. ) ;
#4668 = ORIENTED_EDGE ( 'NONE', *, *, #1816, .T. ) ;
#4669 = DIRECTION ( 'NONE',  ( 0.000000000000000000, 0.000000000000000000, 1.000000000000000000 ) ) ;
#4670 = VERTEX_POINT ( 'NONE', #2749 ) ;
#4671 = ORIENTED_EDGE ( 'NONE', *, *, #816, .F. ) ;
#4672 = CARTESIAN_POINT ( 'NONE',  ( -4.807022324299999205, 10.12000000000000099, -2.899999999999999911 ) ) ;
#4673 = PLANE ( 'NONE',  #4485 ) ;
#4674 = DIRECTION ( 'NONE',  ( 0.000000000000000000, -1.000000000000000000, 0.000000000000000000 ) ) ;
#4675 = CARTESIAN_POINT ( 'NONE',  ( 3.504999999999999893, 1.580000000000000071, 0.7299999999999999822 ) ) ;
#4676 = VERTEX_POINT ( 'NONE', #3181 ) ;
#4677 = CARTESIAN_POINT ( 'NONE',  ( -3.380000000000000338, -1.270000000000000018, -1.600000000000000089 ) ) ;
#4678 = EDGE_CURVE ( 'NONE', #105, #19, #920, .T. ) ;
#4679 = LINE ( 'NONE', #3904, #2345 ) ;
#4680 = CARTESIAN_POINT ( 'NONE',  ( 2.660000000000000142, -5.139999999999999680, -0.1399999999999999856 ) ) ;
#4681 = CARTESIAN_POINT ( 'NONE',  ( 4.959999999999999964, -5.139999999999999680, 0.09999999999998999967 ) ) ;
#4682 = DIRECTION ( 'NONE',  ( -1.000000000000000000, 0.000000000000000000, 0.000000000000000000 ) ) ;
#4683 = ORIENTED_EDGE ( 'NONE', *, *, #2238, .T. ) ;
#4684 = ADVANCED_FACE ( 'NONE', ( #2792 ), #818, .F. ) ;
#4685 = ORIENTED_EDGE ( 'NONE', *, *, #3806, .T. ) ;
#4686 = LINE ( 'NONE', #1757, #4792 ) ;
#4687 = LINE ( 'NONE', #107, #3107 ) ;
#4688 = ORIENTED_EDGE ( 'NONE', *, *, #3631, .F. ) ;
#4689 = EDGE_CURVE ( 'NONE', #2254, #3208, #4304, .T. ) ;
#4690 = CARTESIAN_POINT ( 'NONE',  ( -4.959999999999999964, 9.080000000000000071, 0.09999999999998999967 ) ) ;
#4691 = ORIENTED_EDGE ( 'NONE', *, *, #3929, .T. ) ;
#4692 = ORIENTED_EDGE ( 'NONE', *, *, #1688, .T. ) ;
#4693 = VECTOR ( 'NONE', #3996, 1000.000000000000000 ) ;
#4694 = LINE ( 'NONE', #2719, #2417 ) ;
#4695 = DIRECTION ( 'NONE',  ( 1.000000000000000000, 0.000000000000000000, 0.000000000000000000 ) ) ;
#4696 = CARTESIAN_POINT ( 'NONE',  ( -3.380000000000000338, -1.580000000000000071, 2.899999999999999911 ) ) ;
#4697 = DIRECTION ( 'NONE',  ( 1.000000000000000000, 0.000000000000000000, 0.000000000000000000 ) ) ;
#4698 = VECTOR ( 'NONE', #1729, 1000.000000000000000 ) ;
#4699 = ORIENTED_EDGE ( 'NONE', *, *, #3325, .T. ) ;
#4700 = CARTESIAN_POINT ( 'NONE',  ( 1.699999999999999956, -0.9399999999999999467, 2.899999999999999911 ) ) ;
#4701 = AXIS2_PLACEMENT_3D ( 'NONE', #3369, #1884, #4890 ) ;
#4702 = DIRECTION ( 'NONE',  ( 1.000000000000000000, 0.000000000000000000, 0.000000000000000000 ) ) ;
#4703 = LINE ( 'NONE', #1238, #3839 ) ;
#4704 = CARTESIAN_POINT ( 'NONE',  ( 0.1200000000000000094, -5.139999999999999680, 0.09999999999998999967 ) ) ;
#4705 = DIRECTION ( 'NONE',  ( 0.000000000000000000, 0.000000000000000000, 1.000000000000000000 ) ) ;
#4706 = VERTEX_POINT ( 'NONE', #1250 ) ;
#4707 = VECTOR ( 'NONE', #2990, 1000.000000000000000 ) ;
#4708 = VECTOR ( 'NONE', #1944, 999.9999999999998863 ) ;
#4709 = ORIENTED_EDGE ( 'NONE', *, *, #3774, .F. ) ;
#4710 = EDGE_CURVE ( 'NONE', #2453, #3485, #84, .T. ) ;
#4711 = VECTOR ( 'NONE', #1678, 1000.000000000000000 ) ;
#4712 = VECTOR ( 'NONE', #2685, 1000.000000000000000 ) ;
#4713 = ORIENTED_EDGE ( 'NONE', *, *, #1932, .F. ) ;
#4714 = CARTESIAN_POINT ( 'NONE',  ( 2.759999999999999787, 8.830000000000000071, -0.02000000000000999936 ) ) ;
#4715 = CARTESIAN_POINT ( 'NONE',  ( 2.220000000000000195, 1.580000000000000071, -0.3400000000000000244 ) ) ;
#4716 = LINE ( 'NONE', #935, #1126 ) ;
#4717 = ADVANCED_FACE ( 'NONE', ( #156 ), #2418, .T. ) ;
#4718 = PRESENTATION_LAYER_ASSIGNMENT (  '', '', ( #4250 ) ) ;
#4719 = ORIENTED_EDGE ( 'NONE', *, *, #2939, .T. ) ;
#4720 = VECTOR ( 'NONE', #2299, 1000.000000000000000 ) ;
#4721 = DIRECTION ( 'NONE',  ( 1.000000000000000000, 0.000000000000000000, 0.000000000000000000 ) ) ;
#4722 = ORIENTED_EDGE ( 'NONE', *, *, #3165, .T. ) ;
#4723 = ADVANCED_FACE ( 'NONE', ( #4279 ), #4649, .T. ) ;
#4724 = ADVANCED_FACE ( 'NONE', ( #3896 ), #486, .F. ) ;
#4725 = VERTEX_POINT ( 'NONE', #2445 ) ;
#4726 = LINE ( 'NONE', #2463, #814 ) ;
#4727 = DIRECTION ( 'NONE',  ( 0.000000000000000000, -1.000000000000000000, 0.000000000000000000 ) ) ;
#4728 = LINE ( 'NONE', #3582, #4172 ) ;
#4729 = CARTESIAN_POINT ( 'NONE',  ( -2.220000000000000195, -0.9399999999999999467, -0.3400000000000000244 ) ) ;
#4730 = ORIENTED_EDGE ( 'NONE', *, *, #4049, .F. ) ;
#4731 = DIRECTION ( 'NONE',  ( 1.000000000000000000, 0.000000000000000000, 0.000000000000000000 ) ) ;
#4732 = CARTESIAN_POINT ( 'NONE',  ( -2.220000000000000195, -4.639999999999999680, -0.3400000000000000244 ) ) ;
#4733 = DIRECTION ( 'NONE',  ( 1.000000000000000000, 0.000000000000000000, 0.000000000000000000 ) ) ;
#4734 = CARTESIAN_POINT ( 'NONE',  ( 6.349999999999999645, -1.580000000000000071, -2.899999999999999911 ) ) ;
#4735 = CARTESIAN_POINT ( 'NONE',  ( 3.380000000000000338, -1.580000000000000071, 2.899999999999999911 ) ) ;
#4736 = VERTEX_POINT ( 'NONE', #3615 ) ;
#4737 = VERTEX_POINT ( 'NONE', #2102 ) ;
#4738 = ORIENTED_EDGE ( 'NONE', *, *, #3229, .F. ) ;
#4739 = FACE_OUTER_BOUND ( 'NONE', #584, .T. ) ;
#4740 = CARTESIAN_POINT ( 'NONE',  ( 5.400000000000000355, 1.580000000000000071, -0.3400000000000000244 ) ) ;
#4741 = DIRECTION ( 'NONE',  ( 0.000000000000000000, 1.000000000000000000, 0.000000000000000000 ) ) ;
#4742 = ORIENTED_EDGE ( 'NONE', *, *, #1967, .T. ) ;
#4743 = EDGE_CURVE ( 'NONE', #936, #208, #3956, .T. ) ;
#4744 = CARTESIAN_POINT ( 'NONE',  ( -0.9650000000000000799, -1.580000000000000071, 0.7299999999999999822 ) ) ;
#4745 = EDGE_CURVE ( 'NONE', #2536, #1223, #2030, .T. ) ;
#4746 = ORIENTED_EDGE ( 'NONE', *, *, #1748, .F. ) ;
#4747 = DIRECTION ( 'NONE',  ( 0.000000000000000000, 0.000000000000000000, -1.000000000000000000 ) ) ;
#4748 = ORIENTED_EDGE ( 'NONE', *, *, #28, .F. ) ;
#4749 = EDGE_CURVE ( 'NONE', #2984, #1512, #3144, .T. ) ;
#4750 = DIRECTION ( 'NONE',  ( -1.000000000000000000, 0.000000000000000000, 0.000000000000000000 ) ) ;
#4751 = CARTESIAN_POINT ( 'NONE',  ( 5.080000000000000071, 9.369999999999999218, -1.899999999999999911 ) ) ;
#4752 = LINE ( 'NONE', #1355, #1050 ) ;
#4753 = DIRECTION ( 'NONE',  ( 0.000000000000000000, 0.000000000000000000, 1.000000000000000000 ) ) ;
#4754 = VERTEX_POINT ( 'NONE', #197 ) ;
#4755 = CARTESIAN_POINT ( 'NONE',  ( 2.220000000000000195, 1.580000000000000071, 0.2999999999999999889 ) ) ;
#4756 = ADVANCED_FACE ( 'NONE', ( #2469 ), #570, .T. ) ;
#4757 = DIRECTION ( 'NONE',  ( 0.000000000000000000, 0.000000000000000000, -1.000000000000000000 ) ) ;
#4758 = LINE ( 'NONE', #1362, #4475 ) ;
#4759 = LINE ( 'NONE', #4367, #4943 ) ;
#4760 = VERTEX_POINT ( 'NONE', #2127 ) ;
#4761 = ORIENTED_EDGE ( 'NONE', *, *, #4456, .F. ) ;
#4762 = ORIENTED_EDGE ( 'NONE', *, *, #2881, .T. ) ;
#4763 = DIRECTION ( 'NONE',  ( -1.000000000000000000, 0.000000000000000000, 0.000000000000000000 ) ) ;
#4764 = DIRECTION ( 'NONE',  ( 0.3420201433256990775, 0.9396926207858972147, 0.000000000000000000 ) ) ;
#4765 = LINE ( 'NONE', #1400, #3895 ) ;
#4766 = ORIENTED_EDGE ( 'NONE', *, *, #2666, .F. ) ;
#4767 = LINE ( 'NONE', #1348, #488 ) ;
#4768 = ORIENTED_EDGE ( 'NONE', *, *, #3108, .F. ) ;
#4769 = CARTESIAN_POINT ( 'NONE',  ( -3.380000000000000338, -1.270000000000000018, -1.600000000000000089 ) ) ;
#4770 = ORIENTED_EDGE ( 'NONE', *, *, #4809, .T. ) ;
#4771 = CARTESIAN_POINT ( 'NONE',  ( 0.3200000000000000067, -0.9399999999999999467, -0.3400000000000000244 ) ) ;
#4772 = FACE_OUTER_BOUND ( 'NONE', #4257, .T. ) ;
#4773 = FACE_OUTER_BOUND ( 'NONE', #4020, .T. ) ;
#4774 = LINE ( 'NONE', #2147, #2094 ) ;
#4775 = ORIENTED_EDGE ( 'NONE', *, *, #816, .T. ) ;
#4776 = FACE_OUTER_BOUND ( 'NONE', #3406, .T. ) ;
#4777 = VECTOR ( 'NONE', #1012, 1000.000000000000000 ) ;
#4778 = EDGE_CURVE ( 'NONE', #3135, #462, #162, .T. ) ;
#4779 = ADVANCED_FACE ( 'NONE', ( #1256 ), #3935, .F. ) ;
#4780 = VECTOR ( 'NONE', #3566, 1000.000000000000000 ) ;
#4781 = FACE_OUTER_BOUND ( 'NONE', #3919, .T. ) ;
#4782 = DIRECTION ( 'NONE',  ( 0.3420201433256990775, -0.9396926207858972147, 0.000000000000000000 ) ) ;
#4783 = CARTESIAN_POINT ( 'NONE',  ( 3.380000000000000338, -1.580000000000000071, -2.899999999999999911 ) ) ;
#4784 = ORIENTED_EDGE ( 'NONE', *, *, #3575, .F. ) ;
#4785 = EDGE_CURVE ( 'NONE', #1193, #4407, #520, .T. ) ;
#4786 = ORIENTED_EDGE ( 'NONE', *, *, #2914, .T. ) ;
#4787 = VECTOR ( 'NONE', #2611, 1000.000000000000000 ) ;
#4788 = ORIENTED_EDGE ( 'NONE', *, *, #2777, .T. ) ;
#4789 = CARTESIAN_POINT ( 'NONE',  ( 3.380000000000000338, -0.9399999999999999467, 2.899999999999999911 ) ) ;
#4790 = DIRECTION ( 'NONE',  ( -1.000000000000000000, 0.000000000000000000, 0.000000000000000000 ) ) ;
#4791 = DIRECTION ( 'NONE',  ( 0.000000000000000000, 0.000000000000000000, -1.000000000000000000 ) ) ;
#4792 = VECTOR ( 'NONE', #2885, 999.9999999999998863 ) ;
#4793 = AXIS2_PLACEMENT_3D ( 'NONE', #2517, #1794, #2889 ) ;
#4794 = EDGE_LOOP ( 'NONE', ( #148, #3967, #3532, #3950 ) ) ;
#4795 = AXIS2_PLACEMENT_3D ( 'NONE', #4261, #845, #1902 ) ;
#4796 = VECTOR ( 'NONE', #98, 1000.000000000000000 ) ;
#4797 = PLANE ( 'NONE',  #3755 ) ;
#4798 = VECTOR ( 'NONE', #1897, 1000.000000000000000 ) ;
#4799 = ORIENTED_EDGE ( 'NONE', *, *, #789, .F. ) ;
#4800 = DIRECTION ( 'NONE',  ( 1.000000000000000000, 0.000000000000000000, 0.000000000000000000 ) ) ;
#4801 = AXIS2_PLACEMENT_3D ( 'NONE', #4086, #2203, #2173 ) ;
#4802 = ORIENTED_EDGE ( 'NONE', *, *, #2439, .T. ) ;
#4803 = AXIS2_PLACEMENT_3D ( 'NONE', #3088, #4651, #2700 ) ;
#4804 = DIRECTION ( 'NONE',  ( 0.000000000000000000, 0.000000000000000000, -1.000000000000000000 ) ) ;
#4805 = PLANE ( 'NONE',  #900 ) ;
#4806 = CARTESIAN_POINT ( 'NONE',  ( -6.349999999999999645, -1.270000000000000018, 0.000000000000000000 ) ) ;
#4807 = ORIENTED_EDGE ( 'NONE', *, *, #4271, .F. ) ;
#4808 = EDGE_CURVE ( 'NONE', #2583, #2984, #2853, .T. ) ;
#4809 = EDGE_CURVE ( 'NONE', #3963, #2454, #1358, .T. ) ;
#4810 = LINE ( 'NONE', #3661, #2824 ) ;
#4811 = DIRECTION ( 'NONE',  ( 0.000000000000000000, 0.000000000000000000, -1.000000000000000000 ) ) ;
#4812 = DIRECTION ( 'NONE',  ( 0.000000000000000000, 1.000000000000000000, 0.000000000000000000 ) ) ;
#4813 = EDGE_LOOP ( 'NONE', ( #3885, #655, #3297, #3584 ) ) ;
#4814 = EDGE_CURVE ( 'NONE', #1206, #4818, #3186, .T. ) ;
#4815 = ORIENTED_EDGE ( 'NONE', *, *, #4591, .T. ) ;
#4816 = EDGE_CURVE ( 'NONE', #3485, #3808, #972, .T. ) ;
#4817 = ADVANCED_FACE ( 'NONE', ( #4013 ), #4656, .T. ) ;
#4818 = VERTEX_POINT ( 'NONE', #2396 ) ;
#4819 = LINE ( 'NONE', #4069, #2342 ) ;
#4820 = DIRECTION ( 'NONE',  ( 0.000000000000000000, 0.000000000000000000, -1.000000000000000000 ) ) ;
#4821 = DIRECTION ( 'NONE',  ( 0.000000000000000000, 1.000000000000000000, 0.000000000000000000 ) ) ;
#4822 = EDGE_CURVE ( 'NONE', #1512, #4087, #3902, .T. ) ;
#4823 = DIRECTION ( 'NONE',  ( 1.000000000000000000, 0.000000000000000000, 0.000000000000000000 ) ) ;
#4824 = ORIENTED_EDGE ( 'NONE', *, *, #387, .T. ) ;
#4825 = DIRECTION ( 'NONE',  ( 0.000000000000000000, -1.000000000000000000, 0.000000000000000000 ) ) ;
#4826 = ORIENTED_EDGE ( 'NONE', *, *, #3298, .F. ) ;
#4827 = LINE ( 'NONE', #564, #2410 ) ;
#4828 = CARTESIAN_POINT ( 'NONE',  ( -0.8400000000000000799, -0.9399999999999999467, 0.8249999999999999556 ) ) ;
#4829 = CARTESIAN_POINT ( 'NONE',  ( -0.8400000000000000799, -1.580000000000000071, 2.899999999999999911 ) ) ;
#4830 = VERTEX_POINT ( 'NONE', #3164 ) ;
#4831 = VECTOR ( 'NONE', #4524, 1000.000000000000000 ) ;
#4832 = DIRECTION ( 'NONE',  ( -1.000000000000000000, 0.000000000000000000, 0.000000000000000000 ) ) ;
#4833 = DIRECTION ( 'NONE',  ( 0.000000000000000000, 1.000000000000000000, 0.000000000000000000 ) ) ;
#4834 = CARTESIAN_POINT ( 'NONE',  ( 5.200000000000000178, -5.139999999999999680, 0.09999999999998999967 ) ) ;
#4835 = LINE ( 'NONE', #200, #4868 ) ;
#4836 = ORIENTED_EDGE ( 'NONE', *, *, #3980, .F. ) ;
#4837 = ORIENTED_EDGE ( 'NONE', *, *, #543, .T. ) ;
#4838 = ORIENTED_EDGE ( 'NONE', *, *, #3470, .F. ) ;
#4839 = ORIENTED_EDGE ( 'NONE', *, *, #2636, .F. ) ;
#4840 = DIRECTION ( 'NONE',  ( 1.000000000000000000, 0.000000000000000000, 0.000000000000000000 ) ) ;
#4841 = DIRECTION ( 'NONE',  ( 0.000000000000000000, 0.000000000000000000, -1.000000000000000000 ) ) ;
#4842 = DIRECTION ( 'NONE',  ( 0.000000000000000000, 0.000000000000000000, -1.000000000000000000 ) ) ;
#4843 = EDGE_CURVE ( 'NONE', #4448, #3652, #1653, .T. ) ;
#4844 = FACE_OUTER_BOUND ( 'NONE', #652, .T. ) ;
#4845 = VERTEX_POINT ( 'NONE', #2797 ) ;
#4846 = LINE ( 'NONE', #313, #3202 ) ;
#4847 = ORIENTED_EDGE ( 'NONE', *, *, #2642, .F. ) ;
#4848 = EDGE_CURVE ( 'NONE', #4036, #1134, #4310, .T. ) ;
#4849 = DIRECTION ( 'NONE',  ( -1.000000000000000000, 0.000000000000000000, 0.000000000000000000 ) ) ;
#4850 = DIRECTION ( 'NONE',  ( 0.000000000000000000, -1.000000000000000000, 0.000000000000000000 ) ) ;
#4851 = FACE_OUTER_BOUND ( 'NONE', #4561, .T. ) ;
#4852 = VERTEX_POINT ( 'NONE', #1307 ) ;
#4853 = PLANE ( 'NONE',  #4559 ) ;
#4854 = ORIENTED_EDGE ( 'NONE', *, *, #1742, .F. ) ;
#4855 = DIRECTION ( 'NONE',  ( -1.000000000000000000, 0.000000000000000000, 0.000000000000000000 ) ) ;
#4856 = LINE ( 'NONE', #2931, #259 ) ;
#4857 = FACE_OUTER_BOUND ( 'NONE', #1365, .T. ) ;
#4858 = VECTOR ( 'NONE', #4741, 1000.000000000000000 ) ;
#4859 = VERTEX_POINT ( 'NONE', #925 ) ;
#4860 = ORIENTED_EDGE ( 'NONE', *, *, #1449, .F. ) ;
#4861 = VECTOR ( 'NONE', #3286, 1000.000000000000000 ) ;
#4862 = EDGE_LOOP ( 'NONE', ( #3522, #2314, #4012, #3880, #4377, #4047, #3874, #3434, #474, #4535, #4469, #2864 ) ) ;
#4863 = CARTESIAN_POINT ( 'NONE',  ( -2.860000000000000320, 1.580000000000000071, -0.3400000000000000244 ) ) ;
#4864 = ORIENTED_EDGE ( 'NONE', *, *, #4631, .T. ) ;
#4865 = CARTESIAN_POINT ( 'NONE',  ( -6.349999999999999645, 1.580000000000000071, -2.899999999999999911 ) ) ;
#4866 = CARTESIAN_POINT ( 'NONE',  ( 5.400000000000000355, -4.639999999999999680, 0.2999999999999999889 ) ) ;
#4867 = DIRECTION ( 'NONE',  ( 0.000000000000000000, 0.000000000000000000, 1.000000000000000000 ) ) ;
#4868 = VECTOR ( 'NONE', #1054, 1000.000000000000000 ) ;
#4869 = ADVANCED_FACE ( 'NONE', ( #273, #4136 ), #1100, .T. ) ;
#4870 = VECTOR ( 'NONE', #1790, 999.9999999999998863 ) ;
#4871 = VECTOR ( 'NONE', #4213, 1000.000000000000000 ) ;
#4872 = CARTESIAN_POINT ( 'NONE',  ( 0.2200000000000000011, -4.890000000000000568, -0.02000000000000000042 ) ) ;
#4873 = VERTEX_POINT ( 'NONE', #2574 ) ;
#4874 = ADVANCED_FACE ( 'NONE', ( #4776 ), #4060, .T. ) ;
#4875 = ORIENTED_EDGE ( 'NONE', *, *, #2316, .T. ) ;
#4876 = VECTOR ( 'NONE', #4512, 1000.000000000000000 ) ;
#4877 = VECTOR ( 'NONE', #4750, 1000.000000000000000 ) ;
#4878 = VECTOR ( 'NONE', #1330, 1000.000000000000000 ) ;
#4879 = CARTESIAN_POINT ( 'NONE',  ( 5.400000000000000355, -4.639999999999999680, -0.3400000000000000244 ) ) ;
#4880 = ADVANCED_FACE ( 'NONE', ( #3732 ), #3659, .T. ) ;
#4881 = AXIS2_PLACEMENT_3D ( 'NONE', #3851, #58, #4258 ) ;
#4882 = VECTOR ( 'NONE', #1710, 999.9999999999998863 ) ;
#4883 = LINE ( 'NONE', #4486, #1785 ) ;
#4884 = EDGE_CURVE ( 'NONE', #1861, #3526, #721, .T. ) ;
#4885 = VERTEX_POINT ( 'NONE', #3638 ) ;
#4886 = CARTESIAN_POINT ( 'NONE',  ( 3.380000000000000338, -1.580000000000000071, -2.899999999999999911 ) ) ;
#4887 = EDGE_LOOP ( 'NONE', ( #2635, #1545, #803, #131 ) ) ;
#4888 = DIRECTION ( 'NONE',  ( 0.000000000000000000, 0.000000000000000000, -1.000000000000000000 ) ) ;
#4889 = CARTESIAN_POINT ( 'NONE',  ( 1.574999999999999956, 1.580000000000000071, -0.7699999999999999067 ) ) ;
#4890 = DIRECTION ( 'NONE',  ( 0.000000000000000000, -1.000000000000000000, 0.000000000000000000 ) ) ;
#4891 = ORIENTED_EDGE ( 'NONE', *, *, #1688, .F. ) ;
#4892 = ORIENTED_EDGE ( 'NONE', *, *, #2051, .F. ) ;
#4893 = ORIENTED_EDGE ( 'NONE', *, *, #4272, .T. ) ;
#4894 = ORIENTED_EDGE ( 'NONE', *, *, #4689, .F. ) ;
#4895 = DIRECTION ( 'NONE',  ( 0.000000000000000000, -1.000000000000000000, 0.000000000000000000 ) ) ;
#4896 = ORIENTED_EDGE ( 'NONE', *, *, #3830, .T. ) ;
#4897 = LINE ( 'NONE', #4126, #4404 ) ;
#4898 = CARTESIAN_POINT ( 'NONE',  ( 5.200000000000000178, -5.139999999999999680, 0.09999999999998999967 ) ) ;
#4899 = LINE ( 'NONE', #1538, #3352 ) ;
#4900 = LINE ( 'NONE', #4941, #4550 ) ;
#4901 = EDGE_LOOP ( 'NONE', ( #2184, #1668, #1349, #604 ) ) ;
#4902 = ORIENTED_EDGE ( 'NONE', *, *, #4182, .F. ) ;
#4903 = EDGE_CURVE ( 'NONE', #755, #2821, #241, .T. ) ;
#4904 = EDGE_CURVE ( 'NONE', #3342, #40, #699, .T. ) ;
#4905 = DIRECTION ( 'NONE',  ( 0.3420201433256990775, -0.9396926207858972147, 0.000000000000000000 ) ) ;
#4906 = LINE ( 'NONE', #1879, #1148 ) ;
#4907 = VERTEX_POINT ( 'NONE', #3684 ) ;
#4908 = EDGE_CURVE ( 'NONE', #3531, #4211, #4464, .T. ) ;
#4909 = DIRECTION ( 'NONE',  ( 0.000000000000000000, -1.000000000000000000, 0.000000000000000000 ) ) ;
#4910 = DIRECTION ( 'NONE',  ( 1.000000000000000000, 0.000000000000000000, 0.000000000000000000 ) ) ;
#4911 = DIRECTION ( 'NONE',  ( 0.000000000000000000, 1.000000000000000000, 0.000000000000000000 ) ) ;
#4912 = VERTEX_POINT ( 'NONE', #4886 ) ;
#4913 = ORIENTED_EDGE ( 'NONE', *, *, #985, .T. ) ;
#4914 = EDGE_LOOP ( 'NONE', ( #4605, #1819, #4122, #2201, #483, #4762, #1370, #3497 ) ) ;
#4915 = ADVANCED_FACE ( 'NONE', ( #318 ), #3313, .F. ) ;
#4916 = LINE ( 'NONE', #3027, #164 ) ;
#4917 = ORIENTED_EDGE ( 'NONE', *, *, #309, .F. ) ;
#4918 = DIRECTION ( 'NONE',  ( 0.000000000000000000, 0.000000000000000000, -1.000000000000000000 ) ) ;
#4919 = CARTESIAN_POINT ( 'NONE',  ( -3.380000000000000338, -0.9399999999999999467, 1.600000000000000089 ) ) ;
#4920 = PLANE ( 'NONE',  #2728 ) ;
#4921 = DIRECTION ( 'NONE',  ( 0.000000000000000000, 0.000000000000000000, 1.000000000000000000 ) ) ;
#4922 = ORIENTED_EDGE ( 'NONE', *, *, #1123, .T. ) ;
#4923 = CARTESIAN_POINT ( 'NONE',  ( 4.807022324299999205, 10.12000000000000099, -2.899999999999999911 ) ) ;
#4924 = DIRECTION ( 'NONE',  ( -0.9284766908852662981, -0.3713906763540865685, 0.000000000000000000 ) ) ;
#4925 = DIRECTION ( 'NONE',  ( 1.000000000000000000, 0.000000000000000000, 0.000000000000000000 ) ) ;
#4926 = VERTEX_POINT ( 'NONE', #1456 ) ;
#4927 = DIRECTION ( 'NONE',  ( 0.000000000000000000, 0.000000000000000000, 1.000000000000000000 ) ) ;
#4928 = PLANE ( 'NONE',  #2584 ) ;
#4929 = LINE ( 'NONE', #3433, #4072 ) ;
#4930 = ORIENTED_EDGE ( 'NONE', *, *, #2032, .F. ) ;
#4931 = EDGE_CURVE ( 'NONE', #4064, #1586, #1024, .T. ) ;
#4932 = ORIENTED_EDGE ( 'NONE', *, *, #880, .T. ) ;
#4933 = DIRECTION ( 'NONE',  ( 0.000000000000000000, 0.000000000000000000, -1.000000000000000000 ) ) ;
#4934 = ORIENTED_EDGE ( 'NONE', *, *, #709, .T. ) ;
#4935 = CARTESIAN_POINT ( 'NONE',  ( 5.400000000000000355, 8.580000000000000071, 0.2999999999999999889 ) ) ;
#4936 = FACE_BOUND ( 'NONE', #4353, .T. ) ;
#4937 = EDGE_CURVE ( 'NONE', #1465, #3299, #1826, .T. ) ;
#4938 = CARTESIAN_POINT ( 'NONE',  ( 3.504999999999999893, 1.580000000000000071, -0.7699999999999999067 ) ) ;
#4939 = ADVANCED_FACE ( 'NONE', ( #1772 ), #4853, .T. ) ;
#4940 = AXIS2_PLACEMENT_3D ( 'NONE', #531, #3596, #2482 ) ;
#4941 = CARTESIAN_POINT ( 'NONE',  ( 4.760000000000000675, 8.580000000000000071, 0.2999999999999999889 ) ) ;
#4942 = DIRECTION ( 'NONE',  ( -0.000000000000000000, 1.000000000000000000, 0.000000000000000000 ) ) ;
#4943 = VECTOR ( 'NONE', #951, 1000.000000000000000 ) ;
ENDSEC;
END-ISO-10303-21;
